id,latitude,longitude,crime_type,timestamp,area_name
28f40c24c5d0,12.93297,77.58381,murder,2016-07-29T21:00:00,Banashankari
3a1d646c10e7,12.930433,77.549761,murder,2016-11-13T23:45:00,Banashankari
6fbfb78a4f75,12.923736,77.58182,murder,2017-10-05T21:00:00,Banashankari
6b2829dccf8c,12.924123,77.576913,murder,2017-07-19T19:30:00,Banashankari
e1fd5e68827a,12.924377,77.582729,murder,2018-06-21T23:30:00,Banashankari
60a82a2f16a7,12.920604,77.520557,murder,2018-07-17T21:15:00,Banashankari
95c1407f23f4,12.940662,77.574095,murder,2015-08-27T09:30:00,Banashankari
e1cbbfbac101,12.938782,77.579561,murder,2016-06-18T21:00:00,Banashankari
3b21352b7ef2,12.939901,77.573371,murder,2017-02-07T18:30:00,Banashankari
49967e7263c9,12.944557,77.57758,murder,2019-07-29T18:00:00,Banashankari
b72d4b995bc3,12.907651,77.595197,murder,2015-07-01T06:00:00,Banashankari
80bc84ac5229,12.907651,77.595197,murder,2015-01-26T04:10:00,Banashankari
8919300e3483,12.903054,77.581395,murder,2015-08-11T08:00:00,Banashankari
c12e6c40cf19,12.903665,77.578544,murder,2016-05-16T07:30:00,Banashankari
e840da177cc6,12.900459,77.568464,murder,2016-06-09T09:15:00,Banashankari
73a98675fd54,12.909427,77.570654,murder,2016-11-09T02:50:00,Banashankari
d590b1246000,12.903965,77.580431,murder,2016-11-21T02:20:00,Banashankari
5b0c810f0f3e,12.903965,77.573865,murder,2018-01-01T02:00:00,Banashankari
380fde8b140e,12.912454,77.573728,murder,2018-01-01T02:15:00,Banashankari
2410511e8e26,12.910834,77.58667,murder,2019-08-25T01:30:00,Banashankari
fc6ea97d780b,12.907124,77.583816,murder,2019-08-25T02:30:00,Banashankari
26a087e936f1,12.917681,77.568519,murder,2016-03-25T21:40:00,Banashankari
e03e14d45dda,12.915422,77.562006,murder,2016-04-26T08:15:00,Banashankari
fa8213e0d1ad,12.915058,77.565992,murder,2016-08-05T06:15:00,Banashankari
d889f0d9e7e7,12.919653,77.574047,murder,2016-05-23T00:45:00,Banashankari
fbfe1814283b,12.91986,77.56931,murder,2016-02-12T22:30:00,Banashankari
56f2649090e7,12.924911,77.569308,murder,2017-09-02T19:00:00,Banashankari
08752580116e,12.958864,77.638363,murder,2017-11-27T11:00:00,Banashankari
e3939e3ce0f5,12.946595,77.59197,murder,2015-07-23T16:00:00,Banashankari
039daf7eba34,12.945264,77.59271,murder,2015-12-23T16:30:00,Banashankari
14161e37b117,12.946042,77.593699,murder,2016-10-04T22:00:00,Banashankari
1c77597c1a89,12.946042,77.593699,murder,2016-05-16T21:30:00,Banashankari
ec38e4024944,12.944408,77.593165,murder,2019-06-22T02:00:00,Banashankari
68b15f0ce4d8,12.890509,77.57361,murder,2015-05-02T06:30:00,Banashankari
faa2211e9b81,12.909767,77.556799,murder,2015-09-02T15:00:00,Banashankari
ba359471f0b2,12.901082,77.547538,murder,2015-03-15T16:45:00,Banashankari
f2523ddee3db,12.868548,77.580113,murder,2015-03-26T21:45:00,Banashankari
31a68f710196,12.909584,77.551597,murder,2015-05-20T09:45:00,Banashankari
dccc9311b347,12.883288,77.581306,murder,2016-01-01T06:51:00,Banashankari
8c1a9136ed77,12.877687,77.580717,murder,2016-01-09T14:42:00,Banashankari
bfc18459b51a,12.888712,77.573773,murder,2016-04-10T07:20:00,Banashankari
696b0f5ff709,12.895372,77.550324,murder,2016-08-12T06:57:00,Banashankari
435c0ff60f87,12.909328,77.543741,murder,2016-08-16T18:22:00,Banashankari
bff4f9b81cce,12.879328,77.573741,murder,2016-10-23T10:10:00,Banashankari
5edaf9e81ca9,12.907143,77.53487,murder,2016-11-16T23:52:00,Banashankari
c96c4098119f,12.902455,77.541814,murder,2017-02-26T20:10:00,Banashankari
8f59a290a725,12.885633,77.548259,murder,2017-12-03T21:00:00,Banashankari
6081dc891514,12.889484,77.562321,murder,2017-04-26T23:50:00,Banashankari
b30a8ab3b73d,12.901082,77.547538,murder,2017-10-13T03:00:00,Banashankari
98c64edfbfc0,12.905722,77.535581,murder,2018-12-01T22:30:00,Banashankari
8a84c168c04a,12.882896,77.566478,murder,2018-10-06T03:00:00,Banashankari
81f8cbbf5e68,12.896773,77.544564,murder,2018-09-28T10:30:00,Banashankari
5ff7b6db79f8,12.910824,77.543982,murder,2019-08-05T13:00:00,Banashankari
3ccb0ef46022,12.913512,77.554144,murder,2019-07-14T21:45:00,Banashankari
36220699f6c0,12.910849,77.537456,murder,2019-05-10T17:30:00,Banashankari
36002acec55d,12.87583,77.511157,murder,2015-02-22T15:00:00,Banashankari
6566fb3b2329,12.894725,77.542178,murder,2015-03-17T05:00:00,Banashankari
c8a0e9253e79,12.874853,77.554205,murder,2015-03-29T16:00:00,Banashankari
7c903451c0af,12.860873,77.520947,murder,2016-01-14T14:45:00,Banashankari
7630acf5d57e,12.864755,77.528047,murder,2017-01-17T12:30:00,Banashankari
44d6548b3caa,12.871198,77.536856,murder,2017-04-13T12:15:00,Banashankari
de63ded329ff,12.853954,77.553705,murder,2017-04-24T10:00:00,Banashankari
db410bf4c02d,12.870574,77.571346,murder,2017-05-08T04:00:00,Banashankari
5fc37aba44e7,12.927322,77.550647,murder,2017-08-17T05:00:00,Banashankari
08d5bce87855,12.87548,77.535128,murder,2017-08-22T04:00:00,Banashankari
37f37800f28e,12.870129,77.556345,murder,2018-01-17T22:00:00,Banashankari
c3d9e69aacee,12.878193,77.535515,murder,2018-07-14T21:00:00,Banashankari
f778294c331d,12.916862,77.555487,murder,2018-09-19T18:00:00,Banashankari
dc2bca389fd8,12.872393,77.557753,murder,2018-10-16T19:00:00,Banashankari
b6be20a2f089,12.871255,77.56033,murder,2018-10-27T10:10:00,Banashankari
8c49315a7a84,12.879671,77.54543,murder,2018-03-11T20:00:00,Banashankari
18489e6100e1,12.859739,77.562719,murder,2019-08-19T14:00:00,Banashankari
8258e094eb2e,12.862041,77.563487,murder,2019-10-14T01:00:00,Banashankari
af87caf37a62,12.893051,77.543007,murder,2019-11-17T20:30:00,Banashankari
dc503b88cad8,12.879223,77.567169,murder,2017-01-13T11:29:00,Banashankari
bb39b8d559fc,12.882152,77.565325,murder,2017-04-03T01:30:00,Banashankari
b8d4aca8f54c,12.920317,77.540918,murder,2017-07-29T08:45:00,Banashankari
f6de17ecbdf2,12.890277,77.57144,murder,2017-01-11T15:00:00,Banashankari
725c0d2585c0,12.885583,77.57054,murder,2017-11-18T00:00:00,Banashankari
4ec0b66a5038,12.889932,77.57465,murder,2018-07-09T04:30:00,Banashankari
eee061284a26,12.861345,77.579767,murder,2018-01-10T00:00:00,Banashankari
96a76e20b433,12.919796,77.543181,murder,2018-11-21T23:50:00,Banashankari
f8e4375f62fc,12.873733,77.579546,murder,2019-06-13T16:10:00,Banashankari
508f6f5a9eee,12.899989,77.573775,murder,2017-04-30T11:30:00,Banashankari
09819121a832,12.875176,77.57889,murder,2017-07-05T16:00:00,Banashankari
6042ae396ae8,12.898898,77.576405,murder,2017-08-27T16:15:00,Banashankari
401ab1adcea0,12.906331,77.59179,murder,2017-08-10T08:00:00,Banashankari
dd3a3a152af8,12.90903,77.58764,murder,2017-11-25T04:00:00,Banashankari
616474cf3cf2,12.906448,77.587569,murder,2018-02-05T17:30:00,Banashankari
6732cd1984d3,12.89643,77.578607,murder,2019-05-08T18:45:00,Banashankari
6dbe4bff0b24,12.901612,77.586583,murder,2019-11-26T10:30:00,Banashankari
e45cd2a97f9c,12.896673,77.560751,murder,2015-02-01T21:00:00,Banashankari
eabdb5f81768,12.905096,77.571337,murder,2015-04-30T06:00:00,Banashankari
5fa0042bd979,12.907695,77.571985,murder,2015-11-06T05:00:00,Banashankari
3d6d2b33b7b2,12.900893,77.569881,murder,2016-11-01T11:00:00,Banashankari
1f04898c11af,12.902339,77.565325,murder,2016-07-05T13:45:00,Banashankari
b9fd7888c262,12.914491,77.572106,murder,2016-07-31T21:30:00,Banashankari
c38004f6073a,12.910547,77.560746,murder,2017-04-26T15:00:00,Banashankari
2c2075211412,12.899399,77.572585,murder,2017-08-27T15:00:00,Banashankari
ebee43737742,12.902333,77.568928,murder,2018-05-02T18:30:00,Banashankari
ac7269c230f5,12.914369,77.573311,murder,2018-04-30T16:30:00,Banashankari
2859fda6042c,12.915536,77.561626,murder,2018-08-25T01:30:00,Banashankari
ac97f1078e80,12.914207,77.561865,murder,2019-03-24T05:30:00,Banashankari
45f7a716fc06,12.906171,77.569846,murder,2019-08-06T00:30:00,Banashankari
f74a3fbeaf84,12.896452,77.560243,murder,2019-12-11T07:30:00,Banashankari
b8b13258305a,12.937792,77.537268,murder,2016-06-23T17:00:00,Banashankari
aabf0697b393,12.939585,77.544317,murder,2017-08-01T08:30:00,Banashankari
b8e965f8c1b9,12.937792,77.537268,murder,2017-04-21T09:10:00,Banashankari
ae7016416b73,12.93586,77.54388,murder,2018-07-19T13:00:00,Banashankari
de40901c2a88,12.946026,77.544111,murder,2018-08-04T03:00:00,Banashankari
bb3590c2b73a,12.940271,77.542692,murder,2018-09-07T15:00:00,Banashankari
88989af3606c,12.948657,77.562276,murder,2016-04-15T04:00:00,Banashankari
34c6456dff6a,12.94953,77.56316,murder,2017-07-07T22:00:00,Banashankari
31159b9167c6,12.94953,77.56316,murder,2017-07-14T17:00:00,Banashankari
2fca4ca9e5a1,12.96054,77.571617,murder,2015-06-12T18:30:00,Banashankari
d04d9e9b222d,12.956084,77.575613,murder,2016-05-05T17:45:00,Banashankari
cc7b47349cdf,12.948703,77.578742,murder,2016-09-17T09:27:00,Banashankari
ee8b4858c0f4,12.948633,77.575867,murder,2018-12-16T14:46:00,Banashankari
1aa2ed34c478,12.927633,77.544627,murder,2015-03-15T22:00:00,Banashankari
c379acb7c48d,12.941281,77.55467,murder,2016-12-20T23:45:00,Banashankari
a845ea82b019,12.94725,77.55428,murder,2017-08-27T21:30:00,Banashankari
6a9141ace99d,12.945897,77.567461,murder,2018-11-23T07:45:00,Banashankari
4f84938b6a13,12.94885,77.55255,murder,2019-04-12T23:00:00,Banashankari
7a102d9bed14,12.928925,77.56106,murder,2015-04-14T19:56:00,Banashankari
92565b3ee75f,12.929754,77.551246,murder,2015-12-05T02:36:00,Banashankari
783f5d6f44cb,12.930313,77.554418,murder,2016-09-04T01:00:00,Banashankari
1274ce03f390,12.926431,77.544097,murder,2016-03-07T05:00:00,Banashankari
9f510495aedf,12.9289,77.554688,murder,2016-06-26T04:00:00,Banashankari
83f6279a4973,12.930848,77.562656,murder,2018-10-03T11:30:00,Banashankari
d9d571fa5581,12.920708,77.545062,murder,2018-04-23T06:15:00,Banashankari
aeec29a2fdaa,12.921084,77.540512,murder,2018-09-30T01:00:00,Banashankari
ba0b547aaeef,12.931413,77.566018,murder,2019-04-29T04:00:00,Banashankari
17f9347b875e,12.920844,77.543006,murder,2019-11-09T09:45:00,Banashankari
bbbad21b8a61,12.923045,77.541396,murder,2019-09-23T04:30:00,Banashankari
1e5ee1c745c6,12.93336,77.550661,murder,2019-11-13T01:00:00,Banashankari
bb281d59f454,12.971599,77.594563,murder,2016-10-02T07:00:00,Banashankari
13f10433f82f,12.919563,77.538759,murder,2016-09-11T13:30:00,Banashankari
43b658ebd7c4,12.88605,77.494843,murder,2017-01-15T00:00:00,Banashankari
31b4c151360e,12.921755,77.588346,murder,2017-01-21T23:50:00,Banashankari
a3201e06c801,12.922076,77.558954,murder,2017-12-06T07:35:00,Banashankari
4653d275108f,12.933588,77.555408,murder,2018-05-22T18:00:00,Banashankari
c3960f66ddf5,12.925635,77.583354,murder,2018-08-13T16:45:00,Banashankari
556b6cec5a9a,12.931057,77.543188,murder,2018-11-30T20:00:00,Banashankari
d80aefa2cdde,12.918251,77.550206,murder,2018-02-12T16:25:00,Banashankari
1ff7dbf58017,12.93443,77.592697,murder,2019-04-28T19:30:00,Banashankari
e7e360ee4b2a,12.943773,77.573418,murder,2015-01-02T23:15:00,Banashankari
a528389c938f,12.941212,77.57344,murder,2015-10-08T10:30:00,Banashankari
0c58c8858504,12.941716,77.573891,murder,2017-03-05T11:00:00,Banashankari
ebb12c181b3f,12.944523,77.578884,murder,2017-09-05T00:00:00,Banashankari
ce15442d3aff,12.941946,77.574073,murder,2017-11-09T11:30:00,Banashankari
14d24b3c0b2e,12.935305,77.572075,murder,2017-09-11T00:15:00,Banashankari
a283d0e75a03,12.93699,77.566649,murder,2018-12-02T00:00:00,Banashankari
b49c48b2f07c,12.944247,77.572678,murder,2018-02-14T00:00:00,Banashankari
ff4fa46068be,12.938602,77.575583,murder,2018-05-17T11:30:00,Banashankari
8d198df99834,12.946432,77.578244,murder,2019-07-07T00:00:00,Banashankari
a6c3c1547f52,12.942962,77.568212,murder,2019-11-19T00:00:00,Banashankari
18ea93b9475f,12.907123,77.57725,murder,2015-04-29T04:05:00,Banashankari
ca138bfed4d4,12.902196,77.5472,murder,2015-11-05T23:46:00,Banashankari
9c5490377343,12.904706,77.586822,murder,2015-02-09T22:50:00,Banashankari
d217115394ae,12.899686,77.571922,murder,2015-10-13T23:01:00,Banashankari
b3489e2e517f,12.91655,77.594579,murder,2015-10-29T08:35:00,Banashankari
abb14cb6c9eb,12.916548,77.561748,murder,2015-12-25T21:45:00,Banashankari
79f0b4e11aef,12.911182,77.57393,murder,2016-04-03T22:01:00,Banashankari
cbe2e7d985ec,12.889696,77.543055,murder,2016-03-31T15:35:00,Banashankari
80d4a96e7e3e,12.903665,77.578544,murder,2016-08-29T17:01:00,Banashankari
b401377edd81,12.942352,77.502796,murder,2016-05-09T11:30:00,Banashankari
c400a5f85bc2,12.909427,77.570654,murder,2016-10-20T13:15:00,Banashankari
1787a900775d,12.909325,77.559156,murder,2016-10-22T22:45:00,Banashankari
dcb234d2b199,12.887905,77.577429,murder,2016-09-12T00:00:00,Banashankari
31ca8db1abdd,12.887904,77.562108,murder,2017-08-05T22:01:00,Banashankari
abd0b50cd02a,12.887903,77.562108,murder,2018-03-27T18:20:00,Banashankari
60b22530d738,12.910566,77.571023,murder,2018-12-06T18:30:00,Banashankari
2f9697dd8f86,12.91258,77.573195,murder,2018-08-28T11:20:00,Banashankari
b4ae2a0d2521,12.91258,77.573195,murder,2019-01-26T18:40:00,Banashankari
931ded8b360f,12.926375,77.566436,murder,2019-03-28T03:00:00,Banashankari
6d1f3d0baffb,12.912244,77.582963,murder,2019-04-14T01:00:00,Banashankari
bc6e3df82a19,12.920443,77.566369,murder,2019-04-20T17:00:00,Banashankari
d84300c65cb7,12.917678,77.563883,murder,2015-03-01T01:15:00,Banashankari
f948a198fadd,12.917533,77.573378,murder,2015-02-28T20:00:00,Banashankari
487975488e95,12.919653,77.574047,murder,2015-01-03T14:30:00,Banashankari
ca68c28277db,12.929278,77.57365,murder,2015-07-04T17:45:00,Banashankari
ecf8de41c8dd,12.935986,77.574681,murder,2015-04-17T21:00:00,Banashankari
a01f321c5d2c,12.928317,77.564394,murder,2015-05-19T13:30:00,Banashankari
45ff822c500b,12.927972,77.569867,murder,2015-09-10T13:00:00,Banashankari
cd2a824d5664,12.919664,77.573661,murder,2015-04-11T22:30:00,Banashankari
925294f7c212,12.923919,77.571297,murder,2015-12-25T18:10:00,Banashankari
ecedb0009cd8,12.923919,77.571297,murder,2015-12-31T15:00:00,Banashankari
a396023aa756,12.915569,77.556772,murder,2016-01-06T15:30:00,Banashankari
7f91428443c8,12.919769,77.570828,murder,2016-06-24T21:00:00,Banashankari
526fb50b0d22,12.921722,77.57355,murder,2016-07-16T21:00:00,Banashankari
16757be1619f,12.921722,77.57355,murder,2016-07-16T21:30:00,Banashankari
d5b233e46ed5,12.919653,77.574047,murder,2016-07-31T23:30:00,Banashankari
d954b0526d60,12.917111,77.562683,murder,2016-08-31T21:00:00,Banashankari
0e11f1b7481c,12.924422,77.539813,murder,2016-09-30T00:30:00,Banashankari
94e49c44735b,12.915569,77.556772,murder,2016-12-11T10:30:00,Banashankari
be4b7f49decf,12.92675,77.563606,murder,2016-12-16T11:45:00,Banashankari
bd20484ccc4d,12.919506,77.563292,murder,2016-12-22T22:15:00,Banashankari
2ce4043b1d0f,12.87974,77.50031,murder,2017-03-05T17:00:00,Banashankari
d8c9871f11ec,12.917533,77.573378,murder,2017-06-27T09:30:00,Banashankari
1fc3b05ba853,12.918147,77.572175,murder,2017-06-27T10:00:00,Banashankari
78bd7087e013,12.92957,77.57276,murder,2017-01-10T06:00:00,Banashankari
e69b3a95a1bd,12.91851,77.58122,murder,2017-08-11T23:45:00,Banashankari
b45356a9ef59,12.87974,77.50031,murder,2017-09-11T05:00:00,Banashankari
a9990a49daa9,12.927444,77.576931,murder,2017-09-11T08:00:00,Banashankari
633dc0cec547,12.918147,77.572175,murder,2017-11-16T10:45:00,Banashankari
e7e4f90b9dc3,12.89066,77.575524,murder,2018-01-15T18:15:00,Banashankari
730b0287bc6c,12.917533,77.573378,murder,2018-08-04T10:50:00,Banashankari
d778f16714fa,12.917533,77.573378,murder,2018-12-04T15:30:00,Banashankari
551b6a75cf5b,12.917839,77.564225,murder,2018-07-09T09:30:00,Banashankari
adf7d8cf4843,12.917533,77.573378,murder,2018-04-12T09:45:00,Banashankari
d4040df7d4cf,13.01965,77.60673,murder,2019-11-03T13:15:00,Banashankari
65ff3be3e9f1,12.925413,77.538193,murder,2019-05-25T17:30:00,Banashankari
c316dc2c7329,12.917839,77.564225,murder,2019-06-13T09:30:00,Banashankari
dd8610b2bd39,12.919653,77.574047,murder,2018-12-04T15:45:00,Banashankari
d965c29f802e,12.919653,77.574047,murder,2019-10-29T20:40:00,Banashankari
34b8915963a7,12.944814,77.587996,murder,2015-03-22T14:30:00,Banashankari
9c3fd42f6075,12.942789,77.596405,murder,2015-11-04T14:00:00,Banashankari
892738cc68b5,12.946042,77.593699,murder,2015-07-22T18:30:00,Banashankari
74afbcb2bc12,12.93481,77.591525,murder,2015-06-08T21:00:00,Banashankari
8baf1a5e611c,12.945283,77.58671,murder,2015-11-08T00:15:00,Banashankari
126af54dfa79,12.942789,77.596405,murder,2015-08-16T20:30:00,Banashankari
4627de756b45,12.934073,77.592244,murder,2015-03-09T20:00:00,Banashankari
98b3fd43c93d,12.944485,77.591988,murder,2015-06-09T20:00:00,Banashankari
b59a007380ca,12.945602,77.588022,murder,2015-03-10T09:15:00,Banashankari
ba1d2046527d,12.946595,77.59197,murder,2015-11-17T21:00:00,Banashankari
3e5cd0357d8e,12.944814,77.587996,murder,2016-08-03T13:15:00,Banashankari
43226382da10,12.944814,77.587996,murder,2016-03-20T13:00:00,Banashankari
01ee156d6363,12.942707,77.585262,murder,2016-04-26T04:00:00,Banashankari
c267ffa1a1a8,12.935847,77.593125,murder,2017-06-14T04:30:00,Banashankari
72b16b97b709,12.944265,77.593685,murder,2017-06-07T20:45:00,Banashankari
6cc2ae8a1d4f,12.945058,77.591578,murder,2017-12-19T14:00:00,Banashankari
62dfa1894289,12.944668,77.592128,murder,2018-10-25T10:45:00,Banashankari
b19e9acdca09,12.941015,77.580237,murder,2018-11-28T17:00:00,Banashankari
abc8669700cf,12.944668,77.592128,murder,2018-12-24T20:00:00,Banashankari
9bfd32785316,12.938585,77.58509,murder,2019-06-01T15:00:00,Banashankari
8bc3f4d3368e,12.946428,77.591183,murder,2019-02-18T09:45:00,Banashankari
c7faf8a47ce6,12.951431,77.590558,murder,2019-02-27T13:30:00,Banashankari
5f2233e08d41,12.945058,77.591578,murder,2019-08-04T12:00:00,Banashankari
ba836c8f2d85,12.946042,77.593699,murder,2019-07-08T12:00:00,Banashankari
045267db9db0,12.942008,77.593672,murder,2019-09-12T21:00:00,Banashankari
2ca37fdb1ea5,12.936049,77.592597,murder,2019-10-12T21:30:00,Banashankari
fe1075d5425a,12.943814,77.59715,murder,2019-12-22T16:30:00,Banashankari
64e25a044143,12.890626,77.564056,murder,2015-01-21T12:30:00,Banashankari
09d1de99014a,12.891171,77.569903,murder,2015-04-30T00:00:00,Banashankari
bd6348945066,12.882908,77.566906,murder,2015-05-22T00:00:00,Banashankari
6074cf7b3bb9,12.917986,77.553778,murder,2016-11-01T00:00:00,Banashankari
50de98249fc1,12.907598,77.534811,murder,2016-01-31T10:00:00,Banashankari
357a72599986,12.912739,77.548789,murder,2016-02-22T08:15:00,Banashankari
edb626839e7d,12.909441,77.557215,murder,2016-02-24T13:16:00,Banashankari
0822c9085850,12.909135,77.553253,murder,2016-02-29T00:00:00,Banashankari
8837159e3460,12.908622,77.555316,murder,2016-07-03T00:00:00,Banashankari
e6db89f4330f,12.888674,77.573122,murder,2016-03-30T12:15:00,Banashankari
78b504ab6b7f,12.888674,77.573122,murder,2016-07-04T00:00:00,Banashankari
376ab8bf2bff,12.904675,77.530018,murder,2016-06-25T00:00:00,Banashankari
1c945bd3deae,12.895725,77.571945,murder,2016-07-08T00:00:00,Banashankari
83decc3b5bba,12.888128,77.581147,murder,2016-09-10T03:49:00,Banashankari
1629b5a8c4f2,12.911345,77.538124,murder,2016-11-17T07:03:00,Banashankari
1c2a856a77be,12.892469,77.575408,murder,2016-11-21T01:05:00,Banashankari
9a9e1a4a0032,12.911024,77.539178,murder,2017-06-06T00:00:00,Banashankari
75b855a757ff,12.899001,77.544042,murder,2017-09-15T10:00:00,Banashankari
49b4b7277790,12.908276,77.550227,murder,2017-04-10T00:00:00,Banashankari
a774a535b61a,12.914223,77.539294,murder,2017-08-10T00:00:00,Banashankari
515683125d31,12.899741,77.549517,murder,2017-08-12T07:30:00,Banashankari
559505e96045,12.917397,77.545338,murder,2018-04-02T00:00:00,Banashankari
87072f0d6bcc,12.910229,77.548159,murder,2018-02-28T00:00:00,Banashankari
f1180c10fa99,12.90471,77.544888,murder,2018-04-14T13:45:00,Banashankari
2646fc4c108f,12.909888,77.557636,murder,2018-08-12T00:00:00,Banashankari
cf7640aa5cf1,12.905722,77.535581,murder,2019-01-14T12:15:00,Banashankari
3e5b004d410c,12.885206,77.568665,murder,2019-02-18T10:30:00,Banashankari
fc4292579e55,12.904425,77.528388,murder,2019-03-13T08:00:00,Banashankari
2198bd8a6a5f,12.890626,77.564056,murder,2019-03-04T00:00:00,Banashankari
f20802df87d9,12.914494,77.550214,murder,2019-08-03T21:41:00,Banashankari
d52d06777761,12.905722,77.535581,murder,2019-10-25T00:45:00,Banashankari
b8213eaee8f8,12.92672,77.538136,murder,2019-12-30T00:00:00,Banashankari
2f55d0c55282,12.885536,77.542507,murder,2015-02-01T13:15:00,Banashankari
4a4e3beeb18e,12.870927,77.536764,murder,2015-03-20T21:00:00,Banashankari
ab8ee61f4923,12.891626,77.496854,murder,2015-05-04T21:00:00,Banashankari
6b185dd3310b,12.862772,77.531239,murder,2015-05-14T14:00:00,Banashankari
9a8f18602b34,12.876155,77.53255,murder,2015-09-17T20:30:00,Banashankari
53f2c641029e,12.872936,77.528647,murder,2015-10-15T09:30:00,Banashankari
e46ad7c900ca,12.874927,77.542694,murder,2016-03-30T17:00:00,Banashankari
6103b76927ef,12.870315,77.5375,murder,2019-06-29T11:00:00,Banashankari
b8ee6f3fce4e,12.931667,77.545871,murder,2016-08-08T15:00:00,Banashankari
f668f5193ce7,12.923611,77.554687,murder,2016-08-08T15:30:00,Banashankari
7bd4332cb294,12.876095,77.546538,murder,2016-09-28T13:00:00,Banashankari
6da351a041da,12.879245,77.512528,murder,2016-11-25T00:15:00,Banashankari
a9bdf5258989,12.891048,77.542411,murder,2016-11-28T17:00:00,Banashankari
89e5a06d96de,12.88374,77.501315,murder,2016-03-12T07:00:00,Banashankari
de1d3ae41fe5,12.856318,77.559623,murder,2017-01-02T22:30:00,Banashankari
e46cf1bb1b12,12.895099,77.542102,murder,2017-02-27T23:15:00,Banashankari
9fc3f02de6e2,12.869881,77.525669,murder,2017-11-04T01:00:00,Banashankari
4701a55421be,12.868478,77.521805,murder,2017-05-17T13:30:00,Banashankari
7a464e3c0d6e,12.877804,77.533739,murder,2017-10-06T14:45:00,Banashankari
a2d83bcb9166,12.863084,77.526325,murder,2017-08-16T10:30:00,Banashankari
ca2c7de0cd18,12.880893,77.543751,murder,2017-11-19T12:10:00,Banashankari
ce28e83a8237,12.874507,77.529564,murder,2017-11-26T22:00:00,Banashankari
535b2e12da27,12.853218,77.553667,murder,2018-11-02T12:00:00,Banashankari
2b875b6c984e,12.881532,77.511282,murder,2018-01-04T08:30:00,Banashankari
4630df82c2d1,12.877385,77.534077,murder,2018-06-18T21:15:00,Banashankari
934944ea56da,12.867237,77.535278,murder,2018-11-09T23:30:00,Banashankari
2c40dfa21062,12.878813,77.482329,murder,2018-10-26T13:00:00,Banashankari
c1e1f9b07700,12.85092,77.557048,murder,2018-11-22T18:30:00,Banashankari
d361f8e0807c,12.880754,77.549448,murder,2019-07-04T03:45:00,Banashankari
cd49d53d5c62,12.895797,77.536992,murder,2019-04-09T18:30:00,Banashankari
58c330b18aab,12.865399,77.520688,murder,2019-05-09T06:30:00,Banashankari
47b8d91658ef,12.865652,77.516896,murder,2019-09-17T14:00:00,Banashankari
ab748737ba62,12.881457,77.573157,murder,2017-05-31T09:00:00,Banashankari
225a8f61e0cd,12.85708,77.577065,murder,2017-02-07T12:30:00,Banashankari
bd9f1b5722cd,12.899251,77.576456,murder,2017-12-10T22:30:00,Banashankari
f9a89384715e,12.88967,77.571871,murder,2017-02-12T23:00:00,Banashankari
742ab7cc3934,12.871945,77.57484,murder,2017-03-12T00:10:00,Banashankari
b16771d27461,12.855507,77.587458,murder,2019-05-02T15:20:00,Banashankari
ea7f09e7e04d,12.888075,77.570911,murder,2019-03-30T04:15:00,Banashankari
928a133f82b3,12.88245,77.575277,murder,2018-11-04T09:40:00,Banashankari
04d7bfe38f40,12.871945,77.57484,murder,2018-05-26T19:00:00,Banashankari
33c7674a1d72,12.881966,77.566281,murder,2018-02-07T20:54:00,Banashankari
cffcfc442c65,12.929595,77.543593,murder,2018-07-31T13:10:00,Banashankari
212d66d2cb3b,12.870638,77.583264,murder,2018-08-25T05:30:00,Banashankari
8a09ad032b6a,12.881012,77.57636,murder,2018-04-26T17:00:00,Banashankari
6f49efe2f2fc,12.88967,77.571871,murder,2019-05-02T21:00:00,Banashankari
d94f08d93648,12.878993,77.557886,murder,2019-03-30T07:00:00,Banashankari
db8fcd74965a,12.880183,77.567401,murder,2019-03-31T07:15:00,Banashankari
1129f784e75a,12.896392,77.570185,murder,2019-03-04T21:10:00,Banashankari
413d774db528,12.89639,77.570185,murder,2019-04-04T07:00:00,Banashankari
b19c4223a4ae,12.926769,77.547185,murder,2019-05-30T23:15:00,Banashankari
b3a9f98e3e8f,12.88818,77.570987,murder,2019-11-20T16:30:00,Banashankari
ab9b8f8b7e5c,12.933809,77.553169,murder,2019-11-25T12:30:00,Banashankari
c5815d95ce6e,12.8911,77.587164,murder,2017-01-24T00:30:00,Banashankari
04a07faea16f,12.929956,77.547534,murder,2017-12-02T07:45:00,Banashankari
4e6f005c7f02,12.905797,77.600328,murder,2017-06-03T18:00:00,Banashankari
742b7f7d13dd,12.883753,77.590058,murder,2017-12-06T14:30:00,Banashankari
a2665a06e841,12.883753,77.590058,murder,2017-07-25T20:40:00,Banashankari
c371d97e53dd,12.887456,77.59245,murder,2017-01-10T15:30:00,Banashankari
42f590c4c28d,12.885931,77.585941,murder,2017-11-26T03:00:00,Banashankari
b0a70ea2c735,12.90903,77.58764,murder,2018-11-04T11:30:00,Banashankari
d1d93a5694a7,12.902358,77.589837,murder,2018-07-12T21:00:00,Banashankari
1350380ca8de,12.881791,77.588689,murder,2019-11-13T19:00:00,Banashankari
ca0805d862f4,12.912418,77.564105,murder,2015-10-02T19:00:00,Banashankari
cb83d90ffd69,12.899914,77.572491,murder,2015-06-03T22:00:00,Banashankari
b74c481986ed,12.902607,77.561489,murder,2015-07-07T17:00:00,Banashankari
713b18e7305b,12.902187,77.572624,murder,2015-07-29T18:30:00,Banashankari
e5c4376c7282,12.902187,77.572624,murder,2015-07-29T12:00:00,Banashankari
a92f7fef3439,12.90852,77.572527,murder,2015-03-12T16:30:00,Banashankari
897eceb84afa,12.914126,77.563335,murder,2015-12-13T21:00:00,Banashankari
d2962361f32a,12.902187,77.572624,murder,2015-12-19T12:00:00,Banashankari
fee9388c6750,12.907151,77.570653,murder,2016-07-01T21:00:00,Banashankari
9d9e2157639a,12.910547,77.560746,murder,2016-09-01T22:30:00,Banashankari
51a6bedb6a48,12.915667,77.561565,murder,2016-01-27T15:15:00,Banashankari
9dd19f4de7d3,12.903666,77.567461,murder,2016-03-05T22:00:00,Banashankari
6dd1de16e0d0,12.892719,77.566816,murder,2016-04-06T11:00:00,Banashankari
5b0c09cc2eab,12.914491,77.572106,murder,2016-07-07T15:30:00,Banashankari
16a2cc0fb591,12.914491,77.572106,murder,2016-07-31T20:40:00,Banashankari
bc47200d0495,12.907341,77.572612,murder,2016-07-08T00:30:00,Banashankari
67ae2c0e6865,12.904331,77.568468,murder,2016-08-16T23:01:00,Banashankari
8e12e4d952ea,12.900893,77.569881,murder,2016-05-09T17:00:00,Banashankari
fbb3ee183d68,12.916297,77.570796,murder,2016-03-09T15:30:00,Banashankari
c70ec4291729,12.895284,77.566213,murder,2016-10-19T18:15:00,Banashankari
10d89ce8df95,12.898549,77.569663,murder,2016-10-22T09:30:00,Banashankari
eb80fa2829b5,12.898195,77.569375,murder,2016-01-11T11:55:00,Banashankari
539efd429cf0,12.898807,77.57229,murder,2016-12-21T00:20:00,Banashankari
0722e5ac82f0,12.912494,77.572406,murder,2017-04-02T21:00:00,Banashankari
82e5d0f9b419,12.903666,77.567461,murder,2017-03-24T21:00:00,Banashankari
8a24443fef90,12.896452,77.560243,murder,2017-09-06T23:00:00,Banashankari
ace96e344576,12.902607,77.561489,murder,2017-08-23T21:00:00,Banashankari
b09556d84e24,12.907951,77.570984,murder,2017-09-21T00:00:00,Banashankari
4876db65fd71,12.900713,77.565124,murder,2017-11-22T22:30:00,Banashankari
c8532e822ba2,12.907911,77.566737,murder,2017-11-27T21:00:00,Banashankari
2899777ba1ce,12.913517,77.567048,murder,2018-03-13T18:00:00,Banashankari
79c5e8c789eb,12.900893,77.569881,murder,2018-05-29T19:00:00,Banashankari
27dced872d81,12.904331,77.568468,murder,2018-08-26T21:00:00,Banashankari
f44149b1c609,12.904331,77.568468,murder,2018-06-18T14:00:00,Banashankari
14a1d8c2980d,12.915144,77.569419,murder,2018-06-26T15:00:00,Banashankari
016925a18cb5,12.902339,77.565325,murder,2018-09-07T14:00:00,Banashankari
7e59aa0c1ad1,12.898236,77.569476,murder,2018-07-18T23:00:00,Banashankari
608970364dbe,12.905096,77.571337,murder,2020-05-09T21:00:00,Banashankari
da2d4b99849a,12.906171,77.569846,murder,2018-03-11T18:00:00,Banashankari
3e67b0a76ab6,12.913517,77.567048,murder,2018-07-12T23:30:00,Banashankari
1c53cb77a0bf,12.896848,77.567481,murder,2019-01-29T22:30:00,Banashankari
bd9fc197af6d,12.897906,77.559498,murder,2019-08-17T22:30:00,Banashankari
7a3b13561901,12.891439,77.564504,murder,2019-08-09T13:30:00,Banashankari
322436010a27,12.931754,77.539058,murder,2015-09-09T05:00:00,Banashankari
222378b07fb5,12.936892,77.551396,murder,2015-09-18T02:00:00,Banashankari
ea26129155de,12.936135,77.545152,murder,2015-10-28T23:55:00,Banashankari
96f1b83dbbee,12.937792,77.537268,murder,2016-02-06T08:00:00,Banashankari
30052f80ff9b,12.939647,77.552168,murder,2016-01-01T11:30:00,Banashankari
2d4e3bc89ce0,12.943851,77.548762,murder,2016-12-03T16:00:00,Banashankari
4d9d5c6ab5bc,12.939585,77.544317,murder,2016-03-11T22:30:00,Banashankari
47c3e49b2933,12.933474,77.543107,murder,2016-10-11T22:15:00,Banashankari
1c9394baccab,12.937343,77.537022,murder,2016-04-27T21:30:00,Banashankari
c6911869c15b,12.930897,77.53865,murder,2016-12-05T11:30:00,Banashankari
215952e8103f,12.933883,77.548779,murder,2016-11-30T22:15:00,Banashankari
97f67520200d,12.939647,77.552168,murder,2017-05-03T19:00:00,Banashankari
718b082e6c7f,12.930897,77.53865,murder,2017-10-10T12:40:00,Banashankari
6f73185141cf,12.936892,77.551396,murder,2017-07-12T20:30:00,Banashankari
0036a6235374,12.93586,77.54388,murder,2018-01-12T22:00:00,Banashankari
e3870ff0ecd4,12.941898,77.55148,murder,2018-11-13T13:40:00,Banashankari
c9ee00f7fdce,12.934084,77.544929,murder,2018-12-30T02:00:00,Banashankari
529159bf7c8f,12.916346,77.536052,murder,2019-03-14T16:50:00,Banashankari
02857780412a,12.931403,77.53854,murder,2019-05-29T14:30:00,Banashankari
43b664f2ac1a,12.926366,77.548363,murder,2019-09-29T20:40:00,Banashankari
7bc826433c33,12.940715,77.545315,murder,2019-10-12T22:00:00,Banashankari
7c16525cb99d,12.941898,77.55148,murder,2019-10-22T21:45:00,Banashankari
3cde24c81a6d,12.94948,77.5643,murder,2015-04-12T14:44:00,Banashankari
6a237cd54926,12.94953,77.56316,murder,2016-05-30T01:30:00,Banashankari
3bde375a5b45,12.94953,77.56316,murder,2017-03-20T09:00:00,Banashankari
c2a222bd01c2,12.951433,77.567242,murder,2018-12-03T21:30:00,Banashankari
d360584a99b5,12.953511,77.559792,murder,2018-03-16T15:00:00,Banashankari
b4b913d12237,12.950467,77.5643,murder,2018-10-04T10:30:00,Banashankari
565ded2cab7c,12.948701,77.559813,murder,2018-06-06T19:00:00,Banashankari
cc13bb63b636,12.95014,77.5604,murder,2019-06-18T11:30:00,Banashankari
4aec4488cd66,12.94968,77.56202,murder,2019-07-17T21:30:00,Banashankari
64201e30df76,12.94827,77.55944,murder,2019-09-20T02:40:00,Banashankari
f4e48870a4e7,12.94951,77.56312,murder,2019-11-14T22:30:00,Banashankari
cc814f0fee63,12.94953,77.56316,murder,2019-11-22T12:30:00,Banashankari
c97b155f9294,12.94953,77.56316,murder,2019-02-12T23:00:00,Banashankari
e61f17e52675,12.9533,77.57242,murder,2017-08-24T16:00:00,Banashankari
4f46a660b8c0,12.948775,77.572542,murder,2019-09-29T19:00:00,Banashankari
5a069a081294,12.951456,77.579916,murder,2017-10-09T04:03:00,Banashankari
3c285675e6dd,12.953722,77.575771,murder,2017-03-11T19:03:00,Banashankari
462cd7a137d5,12.956278,77.576567,murder,2018-01-25T17:03:00,Banashankari
f9ceba454289,12.9394,77.5543,murder,2015-04-01T15:15:00,Banashankari
483fb1306a49,12.9365,77.556,murder,2015-01-16T12:15:00,Banashankari
0695b341affe,12.934273,77.551833,murder,2015-02-02T17:00:00,Banashankari
d04e6590d267,12.920071,77.537659,murder,2015-03-25T18:00:00,Banashankari
9386ff25dc29,12.931184,77.550624,murder,2015-04-28T02:30:00,Banashankari
f61ae031c052,12.929626,77.551815,murder,2015-02-06T21:00:00,Banashankari
3dd87bae24e1,12.917825,77.544184,murder,2015-09-19T18:30:00,Banashankari
ba5f59a3681d,12.918579,77.553512,murder,2016-07-18T12:15:00,Banashankari
61db3b9eaf4e,12.927722,77.543674,murder,2016-09-09T09:50:00,Banashankari
8025f4e9059d,12.917636,77.543306,murder,2016-10-27T13:30:00,Banashankari
562df2422446,12.932441,77.564925,murder,2017-10-02T08:45:00,Banashankari
7f15996c990d,12.92235,77.551045,murder,2017-01-05T21:30:00,Banashankari
676ec1358442,12.927979,77.553958,murder,2017-06-07T11:15:00,Banashankari
5bffc5aca524,12.924999,77.539768,murder,2017-07-18T18:30:00,Banashankari
f73c1153fa12,12.929342,77.551621,murder,2017-05-02T22:00:00,Banashankari
b6f2d16d213c,12.926604,77.551809,murder,2018-07-14T23:40:00,Banashankari
d07c3f321cef,12.925388,77.54722,murder,2019-04-02T12:30:00,Banashankari
97080c5e2de7,12.924194,77.538027,murder,2019-04-04T21:15:00,Banashankari
696429b1d091,12.918435,77.538138,murder,2019-04-30T12:30:00,Banashankari
6a6e22dbaefe,12.927958,77.543368,murder,2019-12-31T12:15:00,Banashankari
bf25956d2288,12.933307,77.555896,murder,2015-01-01T02:00:00,Banashankari
1c444d191afa,12.932948,77.555739,murder,2015-03-11T22:40:00,Banashankari
a6b278d3ff90,12.925628,77.558118,murder,2016-04-05T11:40:00,Banashankari
f376e896c20d,12.92281,77.549459,murder,2016-08-28T19:00:00,Banashankari
eae287ad66ff,12.930583,77.553237,murder,2016-12-09T19:00:00,Banashankari
4236f8f2155e,12.933015,77.550397,murder,2016-11-10T23:45:00,Banashankari
26bec887b65f,12.922987,77.549027,murder,2016-10-13T15:00:00,Banashankari
33b934d84975,12.929347,77.553496,murder,2016-11-27T11:00:00,Banashankari
42cb0ecc2708,12.923302,77.547439,murder,2017-01-14T00:30:00,Banashankari
9733a33f93ff,12.923588,77.546773,murder,2017-01-19T10:00:00,Banashankari
1e7934fd2e77,12.930065,77.552782,murder,2017-01-24T21:00:00,Banashankari
5b5ae9cbb662,12.92428,77.559714,murder,2017-01-30T17:45:00,Banashankari
7eb86d8b4b6b,12.919563,77.542178,murder,2017-07-07T22:30:00,Banashankari
e3165e9dee87,12.927776,77.560628,murder,2017-08-13T19:30:00,Banashankari
4ed58db065ca,12.922983,77.548966,murder,2017-07-10T19:30:00,Banashankari
da3da567de50,12.921282,77.552124,murder,2017-01-09T19:30:00,Banashankari
ddbff5771857,12.924888,77.54409,murder,2018-04-19T22:00:00,Banashankari
732b0771c56a,12.91959,77.541964,murder,2018-09-23T23:15:00,Banashankari
2d448554edf7,12.920267,77.542058,murder,2019-01-02T18:30:00,Banashankari
61b27e628c9d,12.932401,77.564047,murder,2019-09-15T10:30:00,Banashankari
4e7c766e93fe,12.923094,77.549019,murder,2019-12-15T09:15:00,Banashankari
f2175bd6d516,12.914562,77.58467,robbery,2015-09-01T15:15:00,Banashankari
6958f0026e59,12.912566,77.58986,robbery,2015-02-18T13:00:00,Banashankari
4791e9e222e4,12.91802,77.58833,robbery,2015-02-25T13:30:00,Banashankari
af9af27b4008,12.923885,77.551524,robbery,2015-05-14T00:05:00,Banashankari
d89bacbd56a2,12.932946,77.58386,robbery,2015-05-07T03:40:00,Banashankari
746af17e60c8,12.915644,77.56456,robbery,2015-02-11T09:45:00,Banashankari
848522c813d0,12.97194,77.59369,robbery,2016-07-02T20:45:00,Banashankari
66efe2ce74a7,12.932554,77.589451,robbery,2016-02-29T11:00:00,Banashankari
2a22d25b906e,12.933705,77.578785,robbery,2016-07-04T20:15:00,Banashankari
b7d7100e95bb,12.96557,77.60625,robbery,2016-09-09T20:15:00,Banashankari
f0f4b1f4d3b7,12.916148,77.58543,robbery,2016-09-19T23:30:00,Banashankari
4d93446b6086,12.922512,77.588537,robbery,2016-09-10T22:00:00,Banashankari
aebb2ef8c040,12.97194,77.59369,robbery,2016-10-26T21:00:00,Banashankari
583ff54871b8,12.97194,77.59369,robbery,2016-10-26T16:30:00,Banashankari
b418c85c68de,12.922517,77.58415,robbery,2016-11-22T09:15:00,Banashankari
a4609eeb628f,12.929273,77.582423,robbery,2016-11-29T21:35:00,Banashankari
1cfdecf0875b,12.922918,77.58598,robbery,2016-02-12T00:30:00,Banashankari
a7d510cbc6f3,12.96557,77.60625,robbery,2016-09-12T20:00:00,Banashankari
5a1b6ff48b75,12.929273,77.58242,robbery,2016-12-18T14:00:00,Banashankari
77a6c633829a,12.929273,77.58242,robbery,2016-12-26T10:30:00,Banashankari
bac223b376ca,12.924709,77.589568,robbery,2017-03-27T12:30:00,Banashankari
bf50dfd45601,12.920751,77.574677,robbery,2017-04-21T10:40:00,Banashankari
dbbbbf66281a,12.91113,77.572982,robbery,2017-04-21T16:30:00,Banashankari
5ab5b5528caf,12.920042,77.583575,robbery,2017-07-25T09:00:00,Banashankari
3717cf635d33,12.933466,77.584554,robbery,2017-07-28T23:30:00,Banashankari
2fead8631c1a,12.923436,77.583712,robbery,2017-08-28T14:30:00,Banashankari
ae7bcdaeb7a8,12.921507,77.580242,robbery,2017-12-09T12:10:00,Banashankari
7060e5a0ad5b,12.929507,77.580123,robbery,2017-09-20T11:30:00,Banashankari
93a8c9c4351b,12.933196,77.583949,robbery,2017-10-30T22:30:00,Banashankari
3ec6bf111044,12.937057,77.579642,robbery,2017-08-11T13:15:00,Banashankari
9c50dea276fd,12.926539,77.580657,robbery,2017-11-14T20:45:00,Banashankari
7feb4fe6670b,12.927594,77.587401,robbery,2017-11-14T21:15:00,Banashankari
a3ccdc863aa5,12.924444,77.58544,robbery,2017-11-16T10:00:00,Banashankari
acbaa527cfb3,12.919213,77.589206,robbery,2017-11-17T03:15:00,Banashankari
1836597b76f5,12.917612,77.57555,robbery,2017-01-12T20:45:00,Banashankari
7a05065f48a8,12.926114,77.584636,robbery,2018-02-20T23:10:00,Banashankari
b55b3448426b,12.91996,77.577755,robbery,2018-02-03T19:50:00,Banashankari
31b05e5092dd,12.932965,77.583821,robbery,2018-06-04T20:00:00,Banashankari
a5e844dc4945,12.922168,77.575662,robbery,2018-07-04T00:10:00,Banashankari
ff54150b95b6,12.936028,77.581004,robbery,2018-04-14T01:15:00,Banashankari
def9520e24fa,12.91802,77.588333,robbery,2018-04-16T09:30:00,Banashankari
516bfc5ce373,12.918903,77.579729,robbery,2018-04-23T00:15:00,Banashankari
92d8ce8be9b6,12.920613,77.53898,robbery,2018-04-26T22:30:00,Banashankari
ac37f1cad91d,12.936564,77.579101,robbery,2018-08-06T22:00:00,Banashankari
9bb68bdf73a5,12.919622,77.576159,robbery,2018-06-27T00:30:00,Banashankari
8f1a7e0da580,12.922461,77.589067,robbery,2018-03-08T12:00:00,Banashankari
34a469956e19,12.919946,77.580174,robbery,2018-08-19T14:15:00,Banashankari
dc4624181537,12.91795,77.588783,robbery,2018-10-24T02:00:00,Banashankari
d8b1f4251c53,12.917777,77.58849,robbery,2018-11-11T16:30:00,Banashankari
f5161e08adc4,12.91691,77.5857,robbery,2018-06-12T14:00:00,Banashankari
4b749a2fa282,12.94391,77.5656,robbery,2018-07-12T20:10:00,Banashankari
d6658ace4654,12.91925,77.57409,robbery,2019-09-01T11:45:00,Banashankari
bb2126b3dc78,12.920789,77.584152,robbery,2019-10-01T13:45:00,Banashankari
ed24c04d5ee2,12.9218,77.58027,robbery,2019-02-22T14:15:00,Banashankari
8d2347f18611,12.89658,77.58865,robbery,2019-10-06T12:30:00,Banashankari
929e38c1817f,12.937897,77.589756,robbery,2019-06-15T12:10:00,Banashankari
a2048f7fa79a,12.935478,77.586977,robbery,2019-06-22T20:45:00,Banashankari
6c73d38807a7,12.913208,77.646289,robbery,2019-06-24T20:45:00,Banashankari
eee9b1c013a9,12.91984,77.57982,robbery,2019-10-08T22:30:00,Banashankari
3f182a01814e,12.88411,77.49496,robbery,2019-09-09T14:45:00,Banashankari
f276172a7413,12.921712,77.540537,robbery,2019-04-10T14:00:00,Banashankari
44e237e5a7dd,12.93131,77.55262,robbery,2019-10-10T00:45:00,Banashankari
061d9454bb44,12.933242,77.552496,robbery,2019-12-30T13:00:00,Banashankari
e97bd38b4d3a,12.927904,77.553667,robbery,2015-12-06T11:43:00,Banashankari
18bdbf8396e0,12.944364,77.570389,robbery,2015-09-21T19:29:00,Banashankari
a07f9534370f,12.941264,77.580945,robbery,2016-06-18T10:57:00,Banashankari
fda3bc97ff21,12.940014,77.573508,robbery,2016-10-21T22:27:00,Banashankari
3abee4ccd477,12.948533,77.576886,robbery,2016-10-21T06:32:00,Banashankari
80d15b01b26e,12.939203,77.574648,robbery,2016-12-01T00:56:00,Banashankari
eb9c8697879c,12.939203,77.574648,robbery,2016-12-22T19:12:00,Banashankari
b01c6c5fba05,12.933631,77.567751,robbery,2017-01-04T08:02:00,Banashankari
0f6c1171f319,12.938711,77.576996,robbery,2017-02-21T06:05:00,Banashankari
f58bc5954f6e,12.94605,77.575394,robbery,2017-03-19T07:26:00,Banashankari
fe6ef9376187,12.938967,77.578236,robbery,2017-06-10T08:36:00,Banashankari
d0a212b53e5e,12.940152,77.566791,robbery,2017-07-15T00:50:00,Banashankari
43c952e9383c,12.937975,77.56561,robbery,2017-07-26T09:43:00,Banashankari
869d61a5850f,12.940152,77.566791,robbery,2017-08-07T23:14:00,Banashankari
026b75850824,12.947732,77.580382,robbery,2017-10-16T21:31:00,Banashankari
1cdf5c5ec873,12.936013,77.574015,robbery,2017-10-18T23:40:00,Banashankari
c23b7c803136,12.947732,77.580382,robbery,2017-10-22T19:48:00,Banashankari
8283241198d4,12.91766,77.542251,robbery,2018-01-27T11:38:00,Banashankari
dc3610e4f2c7,12.94138,77.579918,robbery,2018-03-22T01:02:00,Banashankari
d5d1cd428492,12.947809,77.574315,robbery,2018-03-23T16:36:00,Banashankari
ab3b4a33ee92,12.943653,77.578494,robbery,2018-05-02T16:55:00,Banashankari
1ada90c473ae,12.93841,77.57319,robbery,2018-05-07T16:58:00,Banashankari
3f1a7e221fa2,12.927474,77.54685,robbery,2018-06-07T21:22:00,Banashankari
8ddb3d8e7982,12.943878,77.575749,robbery,2018-07-09T04:31:00,Banashankari
f9ba9d01612c,12.932856,77.541985,robbery,2018-04-09T01:52:00,Banashankari
ed399e594dc6,12.943671,77.574675,robbery,2018-10-10T11:25:00,Banashankari
b46d60f1ef73,12.94546,77.57132,robbery,2018-10-24T05:31:00,Banashankari
797663cd2fc6,12.948101,77.579533,robbery,2018-10-24T22:03:00,Banashankari
a409ec537387,12.86541,77.68521,robbery,2018-12-21T22:10:00,Banashankari
e24ff6469f47,12.948101,77.579533,robbery,2019-09-08T23:58:00,Banashankari
fe483e86fda3,12.920854,77.552404,robbery,2019-08-13T04:51:00,Banashankari
8b1896da49b3,12.916478,77.587755,robbery,2015-03-20T22:30:00,Banashankari
c5e18491e4cf,12.911347,77.59343,robbery,2015-06-22T15:20:00,Banashankari
e233f0b1eb62,12.93421,77.54493,robbery,2015-06-07T16:20:00,Banashankari
3a72219c435b,12.915592,77.577028,robbery,2015-07-07T09:10:00,Banashankari
42e6367c934c,12.889354,77.546381,robbery,2015-10-07T16:30:00,Banashankari
9a6b800f911c,12.911969,77.586144,robbery,2015-11-08T02:30:00,Banashankari
e6cffd7ff971,12.916363,77.590245,robbery,2015-08-14T20:00:00,Banashankari
fe5cbd1fb3ea,12.908175,77.598228,robbery,2015-09-29T16:00:00,Banashankari
401511f3c607,12.904833,77.578913,robbery,2016-02-01T09:15:00,Banashankari
c7daa0890cfb,12.912689,77.589221,robbery,2016-02-27T11:30:00,Banashankari
25deb6a5d0ac,12.901631,77.571015,robbery,2016-03-31T15:00:00,Banashankari
308fe935d203,12.916478,77.590186,robbery,2016-11-04T02:15:00,Banashankari
35b90a0efc4e,12.916504,77.58362,robbery,2016-02-05T22:35:00,Banashankari
58c0b7611269,12.916093,77.583531,robbery,2016-08-05T03:30:00,Banashankari
4e842314a53e,12.906428,77.592311,robbery,2016-02-06T17:35:00,Banashankari
1a65d3ea1845,12.913858,77.584326,robbery,2016-09-06T19:30:00,Banashankari
44273485a45c,12.916478,77.590186,robbery,2016-06-23T12:45:00,Banashankari
57d9b513461a,12.910569,77.573761,robbery,2016-07-15T19:30:00,Banashankari
645eff2d8879,12.915266,77.584423,robbery,2016-07-18T16:35:00,Banashankari
9a3139f72ba5,12.911624,77.59651,robbery,2016-07-30T06:15:00,Banashankari
dde8696297e3,12.91165,77.589944,robbery,2016-08-24T12:30:00,Banashankari
0992044f0b0a,12.916984,77.583612,robbery,2016-01-09T00:00:00,Banashankari
bdab87d22b58,12.917031,77.568291,robbery,2016-01-09T12:30:00,Banashankari
c306147abd6f,12.911796,77.582691,robbery,2016-10-09T02:05:00,Banashankari
df7cc7bcd391,12.904752,77.585926,robbery,2016-10-13T14:30:00,Banashankari
06b737c23f1c,12.908,77.598974,robbery,2016-10-18T07:45:00,Banashankari
b4a3fb7afd7f,12.91349,77.576733,robbery,2016-10-19T21:00:00,Banashankari
447a89397a9e,12.908702,77.587755,robbery,2016-10-19T21:00:00,Banashankari
14a9bb890a6c,12.91512,77.583787,robbery,2016-10-20T03:10:00,Banashankari
964ddeca8ddb,12.916607,77.57735,robbery,2016-12-22T00:30:00,Banashankari
fcf21e4d1164,12.909432,77.570654,robbery,2017-10-02T11:40:00,Banashankari
f803f14dab75,12.916864,77.583255,robbery,2017-03-28T13:32:00,Banashankari
48a40e9f1bac,12.906925,77.584221,robbery,2017-05-06T13:00:00,Banashankari
e667d1cd39a7,12.917434,77.573583,robbery,2017-07-30T17:00:00,Banashankari
01b6346d9c61,12.91746,77.567017,robbery,2017-04-09T09:30:00,Banashankari
f7313513e1fa,12.906419,77.594509,robbery,2017-09-20T14:00:00,Banashankari
bb5dda02ded2,12.914292,77.590983,robbery,2017-02-10T10:30:00,Banashankari
9d0151568b8d,12.910345,77.590212,robbery,2018-01-21T09:00:00,Banashankari
47a4cb769869,12.931201,77.552315,chain_snatching,2019-06-16T22:15:00,Banashankari
3858a3400699,12.95601,77.56426,chain_snatching,2015-09-11T00:00:00,Banashankari
2790d9073e37,12.95222,77.5568,chain_snatching,2016-09-28T00:00:00,Banashankari
5d32a5614a50,12.94682,77.560151,chain_snatching,2017-10-04T00:00:00,Banashankari
082a151a807b,12.9506,77.56736,chain_snatching,2017-02-05T00:00:00,Banashankari
a79f0264baa2,12.957,77.5624,chain_snatching,2017-07-16T00:00:00,Banashankari
efe63d163706,12.95334,77.5617,chain_snatching,2017-12-08T00:00:00,Banashankari
884ec1b12a59,12.955191,77.56419,chain_snatching,2018-03-20T00:00:00,Banashankari
b9e78e6f928b,12.950078,77.556696,chain_snatching,2019-07-02T00:00:00,Banashankari
3ed71fb59d06,12.956273,77.564378,chain_snatching,2019-08-02T00:00:00,Banashankari
ab22a7bfcccc,12.95319,77.55794,chain_snatching,2019-01-05T00:00:00,Banashankari
78904c6bae2e,12.948988,77.569957,chain_snatching,2017-09-15T20:30:00,Banashankari
3204c8b9b3c0,12.9556,77.56883,chain_snatching,2018-04-05T22:00:00,Banashankari
21c1a66f7cdc,12.948643,77.575867,chain_snatching,2015-06-01T15:30:00,Banashankari
206c8103bcff,12.959465,77.571134,chain_snatching,2015-11-06T09:15:00,Banashankari
7c8de4497f31,12.951548,77.575554,chain_snatching,2015-03-20T06:30:00,Banashankari
51a40f004252,12.948703,77.578742,chain_snatching,2015-12-27T18:30:00,Banashankari
868b7af85148,12.960209,77.570351,chain_snatching,2016-08-07T10:30:00,Banashankari
bd5322e88169,12.952742,77.576388,chain_snatching,2017-11-06T09:15:00,Banashankari
6f88a407a2b4,12.958624,77.574484,chain_snatching,2018-04-19T16:30:00,Banashankari
3d14712e635e,12.952067,77.579281,chain_snatching,2018-10-03T23:00:00,Banashankari
afef15e01444,12.956738,77.57548,chain_snatching,2018-03-20T10:30:00,Banashankari
92e883daf5a6,12.957932,77.56937,chain_snatching,2019-12-03T17:30:00,Banashankari
47cb57f3e1be,12.928116,77.54078,chain_snatching,2015-01-06T15:30:00,Banashankari
c24d8c310d77,12.92894,77.544706,chain_snatching,2015-02-22T11:50:00,Banashankari
b261e5116c54,12.94599,77.56601,chain_snatching,2015-05-20T13:45:00,Banashankari
a987eee4b1ff,12.93506,77.56309,chain_snatching,2015-05-28T08:55:00,Banashankari
11fbc416cba3,12.93888,77.55925,chain_snatching,2015-07-29T18:20:00,Banashankari
0fd1478931c8,12.933369,77.540099,chain_snatching,2015-09-21T12:30:00,Banashankari
43f45a75fb04,12.93965,77.55687,chain_snatching,2015-10-01T12:30:00,Banashankari
bb7cdaadddc5,12.94464,77.56029,chain_snatching,2015-10-02T20:45:00,Banashankari
ded07e22d44c,12.94305,77.5541,chain_snatching,2015-11-04T11:30:00,Banashankari
918e770427af,12.942041,77.561018,chain_snatching,2016-01-08T21:30:00,Banashankari
529c0769e233,12.935563,77.633307,chain_snatching,2016-03-24T07:30:00,Banashankari
3e9b4652cdb6,12.940906,77.557557,chain_snatching,2016-05-19T08:45:00,Banashankari
b59ef6ca5920,12.944244,77.560414,chain_snatching,2016-12-21T07:30:00,Banashankari
c2b59b77fb4d,12.943552,77.550541,chain_snatching,2017-01-08T15:00:00,Banashankari
978adc80ea71,12.946262,77.549017,chain_snatching,2017-01-28T13:25:00,Banashankari
48f0d0b99edc,12.935795,77.656466,chain_snatching,2017-04-01T11:00:00,Banashankari
1cf84b6ef32a,12.929073,77.570739,chain_snatching,2017-05-02T15:30:00,Banashankari
fc87c28ac7fe,12.942216,77.554679,chain_snatching,2017-07-10T23:00:00,Banashankari
d2c03dd132a0,12.944505,77.561971,chain_snatching,2017-09-13T07:15:00,Banashankari
18d7fed1bcb3,12.944505,77.561971,chain_snatching,2017-12-11T22:30:00,Banashankari
252d64ddae6d,12.937041,77.552855,chain_snatching,2017-12-14T18:30:00,Banashankari
84dd35b8c1fd,12.94051,77.55416,chain_snatching,2018-05-18T10:20:00,Banashankari
c017f986f61c,12.94619,77.55094,chain_snatching,2018-07-09T06:30:00,Banashankari
d5f5777bc95c,12.94354,77.56295,chain_snatching,2018-09-05T19:40:00,Banashankari
71262298d1aa,12.942063,77.559585,chain_snatching,2018-09-09T22:00:00,Banashankari
690b053b054c,12.942372,77.557356,chain_snatching,2018-09-25T18:10:00,Banashankari
a4764304ce5e,12.94285,77.56216,chain_snatching,2019-01-10T21:45:00,Banashankari
78c1a15a7e2f,12.94519,77.55699,chain_snatching,2019-01-10T23:30:00,Banashankari
a6048dc68a36,12.935247,77.554545,chain_snatching,2019-02-03T20:15:00,Banashankari
ff4a7741bfd3,12.94218,77.55857,chain_snatching,2019-02-26T08:15:00,Banashankari
4b0899cadb46,12.93562,77.55478,chain_snatching,2019-03-19T19:30:00,Banashankari
432ed04d8379,12.9352,77.56323,chain_snatching,2019-04-24T20:15:00,Banashankari
0421bb5d873e,12.94382,77.5612,chain_snatching,2019-04-24T22:00:00,Banashankari
4003c31c0354,12.94236,77.55585,chain_snatching,2019-05-27T18:00:00,Banashankari
260d4f995910,12.922636,77.539655,chain_snatching,2019-08-25T22:00:00,Banashankari
db5ff3c853e0,12.933152,77.553776,chain_snatching,2019-09-10T16:00:00,Banashankari
09b46faf0318,12.944193,77.556826,chain_snatching,2019-12-03T18:30:00,Banashankari
bce37395462f,12.93912,77.55505,chain_snatching,2019-12-09T12:00:00,Banashankari
f74bfdb27ecf,12.93444,77.5661,chain_snatching,2019-12-18T20:30:00,Banashankari
5e42d50c3160,12.930874,77.545487,chain_snatching,2015-06-21T00:00:00,Banashankari
4786dc4892a0,12.926381,77.55534,chain_snatching,2015-08-25T12:15:00,Banashankari
528af8d50ea6,12.925038,77.546948,chain_snatching,2015-09-21T11:45:00,Banashankari
6f0cfd0eb092,12.930957,77.552192,chain_snatching,2015-09-22T00:00:00,Banashankari
283ed91e0424,12.922066,77.550921,chain_snatching,2015-02-12T00:00:00,Banashankari
b5f31187d164,12.921753,77.58257,robbery,2018-01-28T17:10:00,Basavanagudi
896e12d49ff4,12.911624,77.59651,robbery,2018-01-29T22:00:00,Basavanagudi
bb74aa5ac717,12.910512,77.59282,robbery,2018-02-24T09:30:00,Basavanagudi
aae3dce5da7d,12.907475,77.590475,robbery,2018-07-03T12:00:00,Basavanagudi
14158b346546,12.929659,77.552161,robbery,2018-03-24T16:00:00,Basavanagudi
769203a11628,12.909432,77.570654,robbery,2018-11-05T22:00:00,Basavanagudi
66622b0679b5,12.91594,77.592248,robbery,2018-12-07T21:10:00,Basavanagudi
97bf8306265c,12.910666,77.57598,robbery,2018-07-29T05:30:00,Basavanagudi
fb2c929b23ea,12.916972,77.590124,robbery,2018-09-08T16:00:00,Basavanagudi
f72def2464a5,12.907538,77.584233,robbery,2019-01-02T22:55:00,Basavanagudi
d21f61b76102,12.916269,77.589326,robbery,2019-12-03T16:30:00,Basavanagudi
2a6e5a2db90e,12.914292,77.590983,robbery,2019-06-04T04:15:00,Basavanagudi
1143bfa73c03,12.9069,77.592889,robbery,2019-05-17T15:30:00,Basavanagudi
faab45143c67,12.914668,77.587632,robbery,2019-06-13T19:00:00,Basavanagudi
85a3753237a8,12.916656,77.583694,robbery,2019-11-14T18:30:00,Basavanagudi
f9e7064fccdc,12.916328,77.560519,robbery,2015-04-21T23:45:00,Basavanagudi
923acbb2f50c,12.930225,77.565272,robbery,2015-09-05T17:45:00,Basavanagudi
809ad5cbadb7,12.925678,77.564219,robbery,2015-09-13T19:30:00,Basavanagudi
ef441adfd21d,12.924811,77.576161,robbery,2016-01-04T20:15:00,Basavanagudi
188e5966c9c6,12.917928,77.5735,robbery,2016-07-31T22:30:00,Basavanagudi
614938d4293c,12.921864,77.569808,robbery,2016-09-27T13:00:00,Basavanagudi
a72288241a8d,12.926275,77.562333,robbery,2016-10-17T02:00:00,Basavanagudi
0d9e0bb3a207,12.918464,77.556569,robbery,2016-12-24T19:00:00,Basavanagudi
06cd59770e75,12.926344,77.561061,robbery,2016-12-27T17:00:00,Basavanagudi
cf4551281a67,12.938639,77.576658,robbery,2017-09-18T11:30:00,Basavanagudi
36e8de179862,12.920203,77.560669,robbery,2017-10-17T07:10:00,Basavanagudi
a2bb8c48718b,12.918592,77.573556,robbery,2018-12-04T13:40:00,Basavanagudi
855a0884a552,12.967071,77.670484,robbery,2018-06-27T12:00:00,Basavanagudi
d72a7bc82c25,12.948716,77.574721,robbery,2016-09-10T20:00:00,Basavanagudi
1d2001cc3e10,12.94355,77.60976,robbery,2018-10-25T11:30:00,Basavanagudi
c36f44829dd8,12.91166,77.5572,robbery,2019-06-06T12:30:00,Basavanagudi
844c3433c665,12.92013,77.56925,robbery,2019-12-09T20:45:00,Basavanagudi
4588594ef2bb,12.94046,77.597527,robbery,2015-09-10T00:35:00,Basavanagudi
ff6b47f6b29d,12.943567,77.580167,robbery,2016-07-17T13:00:00,Basavanagudi
666d56945593,12.939297,77.585205,robbery,2016-09-15T10:00:00,Basavanagudi
56bf7e1dbc6f,12.937969,77.580158,robbery,2016-09-28T09:00:00,Basavanagudi
2dc4e9c4188e,12.943814,77.59715,robbery,2017-09-01T05:30:00,Basavanagudi
616643ab337a,12.947515,77.593908,robbery,2017-01-02T20:15:00,Basavanagudi
82b1b939f749,12.942503,77.580992,robbery,2017-02-23T01:00:00,Basavanagudi
72bcef7045c4,12.947859,77.592105,robbery,2017-05-27T14:45:00,Basavanagudi
d7a6269fb4d2,12.947859,77.592105,robbery,2017-08-28T11:00:00,Basavanagudi
3efe22f2bc16,12.943814,77.59715,robbery,2018-06-01T20:00:00,Basavanagudi
59e3bf2f2a2c,12.938436,77.583998,robbery,2018-09-01T21:00:00,Basavanagudi
0a9e112277b1,12.942646,77.581997,robbery,2018-01-17T20:00:00,Basavanagudi
45b9474190a8,12.951453,77.590628,robbery,2018-01-27T16:00:00,Basavanagudi
93f049fb0aad,12.943639,77.58514,robbery,2018-03-20T11:00:00,Basavanagudi
0df81c1f4029,12.936762,77.585131,robbery,2018-03-22T16:00:00,Basavanagudi
91972d4a0da1,12.937108,77.601273,robbery,2018-03-28T23:00:00,Basavanagudi
e9d45602b54c,12.938445,77.58516,robbery,2018-03-28T11:00:00,Basavanagudi
ffc5d0806faa,12.936003,77.58669,robbery,2018-03-28T21:00:00,Basavanagudi
7bb6ed472336,12.941563,77.582748,robbery,2018-04-27T21:00:00,Basavanagudi
812c9e6606f1,12.939297,77.585205,robbery,2018-04-07T22:00:00,Basavanagudi
c43a7ddd5602,12.936003,77.58669,robbery,2019-08-02T09:00:00,Basavanagudi
0533c6b46553,12.942646,77.581997,robbery,2019-02-22T12:10:00,Basavanagudi
6ecbb3e1febd,12.936049,77.592597,robbery,2019-03-13T12:30:00,Basavanagudi
9fdf01c8f0b9,12.945058,77.591578,robbery,2019-03-25T20:35:00,Basavanagudi
038ad956fc33,12.94576,77.587228,robbery,2019-07-04T12:00:00,Basavanagudi
5e4ed3d2dab1,12.947913,77.580038,robbery,2019-05-18T11:00:00,Basavanagudi
fd5179fc2d7b,12.937956,77.598712,robbery,2019-06-27T01:00:00,Basavanagudi
d470cac3d24f,12.943814,77.59715,robbery,2019-10-07T15:00:00,Basavanagudi
89939a9d7a5a,12.942884,77.585104,robbery,2019-12-18T16:30:00,Basavanagudi
27f18ec7e43f,12.913867,77.542839,robbery,2015-05-25T00:20:00,Basavanagudi
8f81885d6899,12.885633,77.548259,robbery,2015-07-23T23:00:00,Basavanagudi
b97b782fc540,12.909535,77.557142,robbery,2015-07-23T21:00:00,Basavanagudi
e78a4c895091,12.881687,77.565856,robbery,2015-09-13T21:00:00,Basavanagudi
2911bc983260,12.884964,77.557676,robbery,2015-10-29T12:50:00,Basavanagudi
a127f1c00908,12.912425,77.53558,robbery,2016-04-20T10:30:00,Basavanagudi
b8629674a6b7,12.882117,77.557294,robbery,2016-04-29T10:40:00,Basavanagudi
579c5609a475,12.879151,77.576837,robbery,2016-09-06T19:45:00,Basavanagudi
cca4510d5f77,12.907114,77.543992,robbery,2016-12-15T22:15:00,Basavanagudi
96abd8d9e437,12.915901,77.547469,robbery,2016-12-15T22:45:00,Basavanagudi
91eb2b6d4b05,12.882555,77.556355,robbery,2017-01-08T11:45:00,Basavanagudi
f50397efdc8f,12.905722,77.535581,robbery,2017-09-18T00:00:00,Basavanagudi
89aa6b463a55,12.891089,77.554977,robbery,2017-09-27T21:30:00,Basavanagudi
d1acf3ac1e30,12.911323,77.556972,robbery,2017-05-10T17:30:00,Basavanagudi
d19832415df0,12.9066,77.537565,robbery,2018-04-18T06:20:00,Basavanagudi
3f1b417fef64,12.943534,77.568927,robbery,2019-05-22T02:30:00,Basavanagudi
e1bfba48de46,12.880567,77.566924,robbery,2019-05-31T00:00:00,Basavanagudi
9f75d7ee6dd4,12.859828,77.56893,robbery,2015-10-02T22:00:00,Basavanagudi
a587f04b07ee,12.859653,77.569358,robbery,2015-10-02T22:30:00,Basavanagudi
96d05e2e3f43,12.873803,77.561605,robbery,2015-05-25T03:00:00,Basavanagudi
c1d06222791c,12.870523,77.569048,robbery,2015-06-06T09:00:00,Basavanagudi
636297170dac,12.857031,77.530484,robbery,2015-12-19T23:00:00,Basavanagudi
398b6a2a720a,12.885917,77.545639,robbery,2015-12-23T23:00:00,Basavanagudi
01d3620ed788,12.875936,77.53409,robbery,2016-03-18T21:00:00,Basavanagudi
bd3998f4f6b6,12.856699,77.562385,robbery,2016-03-20T09:00:00,Basavanagudi
8b47bbc8924e,12.887446,77.502459,robbery,2016-04-19T21:00:00,Basavanagudi
1ca536ef7920,12.88599,77.502802,robbery,2016-10-19T12:15:00,Basavanagudi
10ab59f45a3c,12.878482,77.495114,robbery,2016-05-11T12:30:00,Basavanagudi
8d5be3210e66,12.857638,77.527322,robbery,2016-11-11T12:30:00,Basavanagudi
792b48a516a4,12.865732,77.523058,robbery,2017-04-30T23:30:00,Basavanagudi
69b65cb3f6d2,12.892692,77.536615,robbery,2017-06-14T03:30:00,Basavanagudi
73fdd29d09ba,12.935669,77.581044,robbery,2017-04-11T09:45:00,Basavanagudi
14b4bb9a0904,12.859938,77.56061,robbery,2017-12-07T12:30:00,Basavanagudi
444b20356935,12.878854,77.529878,robbery,2017-12-21T22:00:00,Basavanagudi
8e2fd13ce5e4,12.874399,77.560296,robbery,2018-03-23T09:00:00,Basavanagudi
06c72abf2652,12.901526,77.513039,robbery,2018-09-04T08:30:00,Basavanagudi
472decfd4ab8,12.876377,77.53243,robbery,2018-05-27T01:00:00,Basavanagudi
a2083d1bc6de,12.892718,77.52418,robbery,2018-05-27T01:00:00,Basavanagudi
1677750605ca,12.858318,77.525526,robbery,2018-08-27T04:20:00,Basavanagudi
a386ded83180,12.876729,77.553495,robbery,2019-01-06T17:30:00,Basavanagudi
16fec3b82e68,12.85398,77.576174,robbery,2019-12-07T21:25:00,Basavanagudi
e9790a7ace54,12.857882,77.527602,robbery,2019-11-29T18:00:00,Basavanagudi
669d799c7c1a,12.861208,77.579595,robbery,2017-07-01T04:31:00,Basavanagudi
5ca1bfd2b6a2,12.889521,77.577839,robbery,2017-01-23T15:00:00,Basavanagudi
33b589232b8a,12.885756,77.579713,robbery,2017-02-24T19:35:00,Basavanagudi
3cf3cb344b8f,12.888655,77.571018,robbery,2017-06-03T05:15:00,Basavanagudi
bac37dfc279b,12.866076,77.580846,robbery,2017-06-03T22:08:00,Basavanagudi
b3b5e6df8a8e,12.87848,77.569592,robbery,2017-08-03T15:30:00,Basavanagudi
e3d42d99a673,12.889521,77.577839,robbery,2017-03-08T08:34:00,Basavanagudi
14f97d211d8b,12.882357,77.775735,robbery,2017-05-16T07:14:00,Basavanagudi
ca0cdefc0323,12.891752,77.575516,robbery,2017-05-16T17:14:00,Basavanagudi
4cb04e8f25bc,12.885163,77.570415,robbery,2017-05-31T21:00:00,Basavanagudi
507107e30561,12.875421,77.579941,robbery,2017-06-21T22:15:00,Basavanagudi
0e002412df2d,12.860251,77.580196,robbery,2017-10-09T15:30:00,Basavanagudi
ec24affb1c5e,12.850571,77.586299,robbery,2018-01-03T03:30:00,Basavanagudi
13fda8f7f81e,12.8619,77.58093,robbery,2018-10-04T21:00:00,Basavanagudi
922b69b64a2b,12.866076,77.580691,robbery,2018-12-10T19:00:00,Basavanagudi
1fb594e948ba,12.850571,77.586299,robbery,2018-10-20T01:00:00,Basavanagudi
d7acd420e90e,12.882334,77.576126,robbery,2019-02-26T17:30:00,Basavanagudi
3259a60a170e,12.897698,77.585786,robbery,2019-05-20T05:00:00,Basavanagudi
2c15c22a8a3d,12.882496,77.56783,robbery,2019-08-22T16:30:00,Basavanagudi
6f07adb95b3e,12.858499,77.592674,robbery,2019-12-20T23:45:00,Basavanagudi
68e3be1f4dfd,12.897853,77.572686,robbery,2017-01-21T03:00:00,Basavanagudi
b7ddf05bd440,12.94661,77.580109,robbery,2017-02-21T23:00:00,Basavanagudi
7771d2aaab84,12.897853,77.572686,robbery,2017-06-23T07:00:00,Basavanagudi
ca1f3c7faaef,12.892606,77.598133,robbery,2017-07-08T08:10:00,Basavanagudi
caefbd5b7877,12.887456,77.59245,robbery,2017-08-23T13:40:00,Basavanagudi
f992e7aa3c77,12.904978,77.597469,robbery,2017-09-10T10:00:00,Basavanagudi
60d744c2d561,12.898836,77.596447,robbery,2017-11-12T21:30:00,Basavanagudi
a8841416e446,12.904978,77.597469,robbery,2017-12-12T15:30:00,Basavanagudi
503f73991861,12.898753,77.59645,robbery,2017-12-17T15:30:00,Basavanagudi
1aece0ec664c,12.88087,77.5855,robbery,2019-05-27T22:10:00,Basavanagudi
ba35df59764e,12.94942,77.571935,robbery,2019-06-30T23:50:00,Basavanagudi
9ebd98f96c5c,12.906171,77.569846,robbery,2015-05-02T23:15:00,Basavanagudi
88b13c467b04,12.902881,77.572187,robbery,2015-11-02T17:00:00,Basavanagudi
f7527717b978,12.892813,77.56663,robbery,2015-02-05T15:00:00,Basavanagudi
16402788c069,12.913588,77.572218,robbery,2016-12-05T07:00:00,Basavanagudi
426ef4455684,12.908086,77.562992,robbery,2016-05-31T20:10:00,Basavanagudi
1893151c6735,12.890344,77.564278,robbery,2016-07-28T23:45:00,Basavanagudi
67bc98c7ea71,12.915572,77.573216,robbery,2016-11-13T11:45:00,Basavanagudi
d543ff01a1b9,12.915536,77.561626,robbery,2016-01-12T18:30:00,Basavanagudi
fa5a83cce838,12.895762,77.559942,robbery,2016-12-12T14:30:00,Basavanagudi
9d471d12566f,12.892719,77.566816,robbery,2017-05-01T11:35:00,Basavanagudi
d886767f221e,12.911893,77.566883,robbery,2017-06-03T23:50:00,Basavanagudi
b228325b7bdf,12.908442,77.563674,robbery,2017-07-21T21:00:00,Basavanagudi
aa14422d7edd,12.91366,77.565267,robbery,2017-08-29T23:00:00,Basavanagudi
77b33cb58619,12.913305,77.568035,robbery,2017-01-09T18:00:00,Basavanagudi
29cbff0c98bb,12.904336,77.559845,robbery,2017-11-02T01:30:00,Basavanagudi
4be022a88002,12.915784,77.567908,robbery,2017-11-28T21:00:00,Basavanagudi
2633c8127594,12.914369,77.573311,robbery,2018-01-01T17:15:00,Basavanagudi
b856fed2e7fd,12.901149,77.570647,robbery,2018-02-15T13:00:00,Basavanagudi
38482b605913,12.898734,77.558203,robbery,2018-07-27T15:30:00,Basavanagudi
1c6542f352e7,12.906171,77.569846,robbery,2018-07-28T13:00:00,Basavanagudi
fc42910158f6,12.892719,77.566816,robbery,2018-06-10T18:00:00,Basavanagudi
6e4d394a46d7,12.902881,77.572187,robbery,2018-11-16T16:15:00,Basavanagudi
de8fec4084b7,12.902881,77.572187,robbery,2018-11-18T09:30:00,Basavanagudi
4c5e21a083ac,12.915536,77.561626,robbery,2018-04-12T15:00:00,Basavanagudi
d738faa2f700,12.897975,77.562714,robbery,2019-02-28T14:30:00,Basavanagudi
05657ead5784,12.902607,77.561489,robbery,2019-03-30T11:50:00,Basavanagudi
dfe9c96cc8cb,12.892813,77.56663,robbery,2019-06-06T19:15:00,Basavanagudi
25e610a20f37,12.899697,77.571612,robbery,2019-06-24T23:00:00,Basavanagudi
82519265e675,12.895762,77.559942,robbery,2019-10-07T13:45:00,Basavanagudi
e82a2e8138c9,12.930897,77.53865,robbery,2015-10-14T12:30:00,Basavanagudi
e556af9dab01,12.933404,77.543486,robbery,2015-11-26T17:00:00,Basavanagudi
52c9d554f416,12.939522,77.544467,robbery,2016-05-01T20:30:00,Basavanagudi
421b62a3162e,12.949987,77.580188,robbery,2016-02-06T21:30:00,Basavanagudi
31d5abf9a424,12.938629,77.544029,robbery,2016-11-08T09:30:00,Basavanagudi
495058010352,12.950849,77.578975,robbery,2016-09-12T11:00:00,Basavanagudi
fda465c0f704,12.92227,77.532128,robbery,2016-05-17T11:50:00,Basavanagudi
8f1d3aefa973,12.969606,77.504592,robbery,2016-12-31T12:30:00,Basavanagudi
3a3ae0b64edc,12.943601,77.544829,robbery,2017-01-04T02:35:00,Basavanagudi
d24a5798ad7c,12.935359,77.53956,robbery,2017-10-04T18:10:00,Basavanagudi
e9a4ad74e927,12.935359,77.53956,robbery,2017-12-09T14:10:00,Basavanagudi
c92230c3dc0a,12.938755,77.526116,robbery,2018-02-08T21:30:00,Basavanagudi
8cac6c5de8d2,12.930612,77.547209,robbery,2018-03-28T23:15:00,Basavanagudi
8119aaabcaf5,12.946045,77.575192,robbery,2018-10-18T03:00:00,Basavanagudi
7f96edd1a4d0,12.940699,77.581837,robbery,2018-11-18T10:20:00,Basavanagudi
9bf28646b803,12.951534,77.569705,robbery,2018-09-23T18:00:00,Basavanagudi
cc03a7381bd8,12.940701,77.545438,robbery,2018-04-07T09:00:00,Basavanagudi
a7d95e768a48,12.939493,77.573434,robbery,2019-09-30T18:30:00,Basavanagudi
e270ab54e003,12.955014,77.570221,robbery,2015-06-28T06:30:00,Basavanagudi
e4ff97bc3a5a,12.956414,77.570276,robbery,2016-08-26T05:30:00,Basavanagudi
febade366834,12.948988,77.569957,robbery,2017-02-22T05:30:00,Basavanagudi
0a5f3d68bbe0,12.95416,77.56679,robbery,2017-12-08T13:00:00,Basavanagudi
dc3e6a04546e,12.95533,77.56768,robbery,2018-01-13T04:15:00,Basavanagudi
8fa89124bc74,12.95722,77.57187,robbery,2018-01-13T05:00:00,Basavanagudi
c4ffde09021d,12.94946,77.5713,robbery,2018-05-14T21:50:00,Basavanagudi
bb42894b01f9,12.948988,77.569957,robbery,2018-10-22T07:10:00,Basavanagudi
9c124e3a0855,12.95135,77.56877,robbery,2019-05-18T21:25:00,Basavanagudi
30439bb2169c,12.942071,77.582841,robbery,2019-12-09T16:00:00,Basavanagudi
d4a8ea5ad2e1,12.955851,77.5756,robbery,2015-04-01T17:45:00,Basavanagudi
4e4d338b88d2,12.950726,77.576926,robbery,2016-10-01T21:30:00,Basavanagudi
90615b741baf,12.952742,77.576388,robbery,2016-03-02T14:20:00,Basavanagudi
e37872a6fbaf,12.952742,77.576388,robbery,2016-04-01T19:30:00,Basavanagudi
6718b1efbd9f,12.951266,77.577439,robbery,2016-05-16T01:30:00,Basavanagudi
3f360da76af5,12.951548,77.575554,robbery,2016-06-08T22:00:00,Basavanagudi
f0b037a1592d,12.952048,77.577145,robbery,2016-04-24T17:30:00,Basavanagudi
178d9d3bc4a9,12.949963,77.576664,robbery,2016-08-07T14:00:00,Basavanagudi
45a9e93fa120,12.951548,77.575554,robbery,2017-03-17T02:45:00,Basavanagudi
482473cba34e,12.948557,77.576366,robbery,2017-01-16T18:30:00,Basavanagudi
0088a7630522,12.952562,77.576415,robbery,2017-12-27T01:30:00,Basavanagudi
8358d67f2ef8,12.952742,77.576388,robbery,2017-04-05T20:30:00,Basavanagudi
7883226d2792,12.950785,77.576837,robbery,2017-03-22T21:10:00,Basavanagudi
871fe1a50076,12.952509,77.57621,robbery,2017-11-09T22:00:00,Basavanagudi
da105adb5451,12.956833,77.574449,robbery,2018-07-22T11:00:00,Basavanagudi
1543eb01ae35,12.952254,77.577034,robbery,2018-06-06T13:30:00,Basavanagudi
f3bd8c53dc2b,12.956278,77.576567,robbery,2018-06-30T11:30:00,Basavanagudi
8434ebcd6273,12.955159,77.573899,robbery,2018-10-07T15:40:00,Basavanagudi
f9335af912fe,12.954542,77.57479,robbery,2018-03-22T10:50:00,Basavanagudi
e87dcbdb2140,12.953418,77.579277,robbery,2018-07-08T20:15:00,Basavanagudi
348b94a7e3ea,12.955159,77.573938,robbery,2019-05-07T00:30:00,Basavanagudi
961b599ee61d,12.963508,77.573711,robbery,2019-09-07T22:45:00,Basavanagudi
7692de56524b,12.95132,77.578722,robbery,2019-08-27T17:30:00,Basavanagudi
fe7d1ca05aca,12.94729,77.55066,robbery,2015-06-13T12:10:00,Basavanagudi
1a1f0a00047c,12.93598,77.56005,robbery,2015-07-14T21:30:00,Basavanagudi
60558b07279f,12.94227,77.56256,robbery,2015-08-10T13:30:00,Basavanagudi
dac974168111,12.94267,77.56511,robbery,2015-12-30T14:30:00,Basavanagudi
9ca09b4f9075,12.940936,77.556692,robbery,2016-02-10T22:00:00,Basavanagudi
c66c1c1f2c87,12.94069,77.55437,robbery,2016-03-16T12:15:00,Basavanagudi
0ed7ce0833de,12.941818,77.570928,robbery,2016-05-26T11:00:00,Basavanagudi
b0cfc7f9e87c,12.93624,77.56143,robbery,2016-05-31T20:45:00,Basavanagudi
5e0df5fcf2a9,12.93471,77.55667,robbery,2016-06-15T22:15:00,Basavanagudi
cf02f37c7e54,12.94022,77.55353,robbery,2016-08-09T20:15:00,Basavanagudi
587b32b04cea,12.940936,77.556692,robbery,2016-08-26T18:05:00,Basavanagudi
2c331873efc1,12.93625,77.56158,robbery,2016-11-14T21:50:00,Basavanagudi
d55832377f95,12.937009,77.557041,robbery,2017-01-08T02:45:00,Basavanagudi
c0e2a71fbd65,12.951925,77.546285,robbery,2017-02-22T10:15:00,Basavanagudi
4aab1ec8750c,12.940983,77.556662,robbery,2017-03-03T01:15:00,Basavanagudi
1d05e98730fd,12.942452,77.556337,robbery,2017-04-08T02:15:00,Basavanagudi
8b836f474081,12.948965,77.553134,robbery,2017-04-20T09:45:00,Basavanagudi
e7e98b376c65,12.935558,77.55582,robbery,2017-04-23T11:30:00,Basavanagudi
bd77d0a807ce,12.941919,77.554372,robbery,2017-06-15T20:15:00,Basavanagudi
f2f2bdb8a418,12.950179,77.553136,robbery,2017-10-15T20:45:00,Basavanagudi
6a48493c1ea3,12.9435,77.56586,robbery,2018-02-13T18:15:00,Basavanagudi
c3f0b6630190,12.94777,77.55072,robbery,2018-10-14T01:10:00,Basavanagudi
9ad9fe5cc2d6,12.9472,77.56554,robbery,2019-07-02T16:00:00,Basavanagudi
f64cb10109a6,12.93925,77.5647,robbery,2019-07-14T16:00:00,Basavanagudi
717bad04ade3,12.94267,77.56511,robbery,2019-10-17T14:30:00,Basavanagudi
6443ab6d7d96,12.955074,77.562575,robbery,2015-12-16T17:00:00,Basavanagudi
3542643831ef,12.943954,77.575355,robbery,2016-04-05T16:15:00,Basavanagudi
19cebed922cd,12.94949,77.56316,robbery,2016-11-23T20:00:00,Basavanagudi
683d02a2755e,12.94731,77.56425,robbery,2017-04-01T05:30:00,Basavanagudi
da563b856030,12.95627,77.56175,robbery,2017-01-28T13:00:00,Basavanagudi
f1e30e4877e6,12.950097,77.556479,robbery,2018-05-27T20:45:00,Basavanagudi
1563297bcd0b,12.95322,77.561991,robbery,2019-03-15T18:30:00,Basavanagudi
43ffe95122f7,12.94808,77.56789,robbery,2019-08-10T09:30:00,Basavanagudi
0f35871c415d,12.946044,77.580433,robbery,2015-03-15T01:00:00,Basavanagudi
5c6a90ffae8c,12.923728,77.554157,robbery,2015-03-18T03:40:00,Basavanagudi
0da26578ad9b,12.926327,77.548414,robbery,2015-12-20T03:45:00,Basavanagudi
cdb43882f885,12.931815,77.550186,robbery,2016-01-30T00:00:00,Basavanagudi
59c65642fa10,12.921861,77.552178,robbery,2016-05-03T12:30:00,Basavanagudi
c88c6b446458,12.926042,77.555054,robbery,2016-06-19T00:00:00,Basavanagudi
84055ba5d690,12.923988,77.547644,robbery,2016-06-07T11:30:00,Basavanagudi
e1a61ad991d3,12.922592,77.550762,robbery,2016-07-23T00:00:00,Basavanagudi
754ee4baac85,12.92247,77.553086,robbery,2016-09-08T09:50:00,Basavanagudi
cc3b6756dd5a,12.926415,77.553537,robbery,2016-12-12T00:00:00,Basavanagudi
4bd9ea6998fd,12.933473,77.554323,robbery,2017-03-03T16:30:00,Basavanagudi
580a8ae70b0f,12.938138,77.573685,robbery,2017-02-09T23:00:00,Basavanagudi
cb698c75bfad,12.944297,77.578665,robbery,2018-06-04T08:45:00,Basavanagudi
362e4be32deb,12.934777,77.582843,robbery,2018-09-04T00:00:00,Basavanagudi
34b75f982035,12.942458,77.569625,robbery,2018-04-17T00:00:00,Basavanagudi
5ee44677fbac,12.94991,77.57828,robbery,2018-10-30T11:15:00,Basavanagudi
a8cf4cb34d6a,12.9242,77.553256,robbery,2018-07-12T00:00:00,Basavanagudi
084b878bdcb0,12.930883,77.564694,robbery,2018-09-12T00:00:00,Basavanagudi
a0deaf30b4cb,12.925884,77.554762,robbery,2019-11-03T00:00:00,Basavanagudi
fc95914bff1b,12.923208,77.549238,robbery,2019-08-04T03:00:00,Basavanagudi
1bc6e02c12a4,12.92043,77.5819,chain_snatching,2015-02-03T15:40:00,Basavanagudi
a996ac92f309,12.921652,77.57928,chain_snatching,2015-03-13T17:30:00,Basavanagudi
029c6f9ef96d,12.920838,77.58481,chain_snatching,2015-03-31T20:15:00,Basavanagudi
a9f65cc8423f,12.918973,77.57598,chain_snatching,2015-01-04T19:45:00,Basavanagudi
8cfd45a25c0b,12.932486,77.58962,chain_snatching,2015-08-05T11:30:00,Basavanagudi
55271475c0a2,12.971599,77.59456,chain_snatching,2015-09-06T20:15:00,Basavanagudi
0ff82718e336,12.92337,77.58371,chain_snatching,2015-08-12T20:20:00,Basavanagudi
68c10b8e0b76,12.91872,77.57955,chain_snatching,2015-12-30T07:40:00,Basavanagudi
4d75cd19860e,12.918907,77.577896,chain_snatching,2016-03-20T08:00:00,Basavanagudi
2eb160c807d4,12.91933,77.57601,chain_snatching,2016-05-20T22:00:00,Basavanagudi
92e5fe7945ed,12.930433,77.549761,chain_snatching,2016-08-31T20:00:00,Basavanagudi
bb244f232367,12.94462,77.617742,chain_snatching,2016-09-29T20:45:00,Basavanagudi
3c25395741c1,12.92204,77.58221,chain_snatching,2016-10-25T07:30:00,Basavanagudi
7c209c6d3ce0,12.932946,77.583869,chain_snatching,2016-11-29T10:00:00,Basavanagudi
0efc2e9d482a,12.932946,77.583869,chain_snatching,2016-01-12T07:30:00,Basavanagudi
dedb5524342d,12.923396,77.581194,chain_snatching,2017-03-28T20:00:00,Basavanagudi
44d260e84f74,12.921999,77.587034,chain_snatching,2017-07-27T10:40:00,Basavanagudi
024e595a939b,12.93398,77.57991,chain_snatching,2017-09-18T09:45:00,Basavanagudi
0773f4d50716,12.918899,77.577344,chain_snatching,2017-09-21T14:00:00,Basavanagudi
a89dd938cb7c,12.923412,77.564778,chain_snatching,2017-01-10T08:45:00,Basavanagudi
a978120ed73b,12.920834,77.584314,chain_snatching,2017-10-30T07:30:00,Basavanagudi
7899c0672273,12.935706,77.582025,chain_snatching,2017-07-12T23:00:00,Basavanagudi
f3a3624df963,12.870884,77.655244,chain_snatching,2017-12-25T16:15:00,Basavanagudi
abd47bb1270a,12.918859,77.579763,chain_snatching,2018-02-24T20:45:00,Basavanagudi
65cac655780c,12.919916,77.581878,chain_snatching,2018-06-18T22:30:00,Basavanagudi
64d9d46f1300,12.92617,77.587036,chain_snatching,2018-06-19T17:00:00,Basavanagudi
3e01fac42b26,12.922168,77.575662,chain_snatching,2018-10-07T10:00:00,Basavanagudi
58222fcf8f8f,12.92594,77.583042,chain_snatching,2018-12-07T21:15:00,Basavanagudi
bfca371580dd,12.91714,77.58078,chain_snatching,2018-10-20T19:30:00,Basavanagudi
c700b60b5116,12.92585,77.5872,chain_snatching,2019-08-03T07:30:00,Basavanagudi
4522adc24374,12.92246,77.59624,chain_snatching,2019-03-26T14:00:00,Basavanagudi
005448563b85,12.951163,77.570571,chain_snatching,2019-04-16T11:00:00,Basavanagudi
2a778e7b9e5e,12.943951,77.575037,chain_snatching,2019-04-24T19:00:00,Basavanagudi
5549509622d1,12.94158,77.584159,chain_snatching,2019-05-17T18:30:00,Basavanagudi
218699d63219,12.951655,77.565849,chain_snatching,2019-02-07T15:30:00,Basavanagudi
43876256518a,12.939499,77.567986,chain_snatching,2015-01-24T00:02:00,Basavanagudi
88fdf20570c3,12.937839,77.571175,chain_snatching,2015-02-03T17:24:00,Basavanagudi
28c0e1cae1c7,12.941103,77.580064,chain_snatching,2015-04-25T02:39:00,Basavanagudi
ef393aa9285f,12.93526,77.568319,chain_snatching,2015-05-08T14:21:00,Basavanagudi
2fe8ec1ab862,12.948697,77.57689,chain_snatching,2016-09-10T22:01:00,Basavanagudi
cd5533696a46,12.938571,77.569915,chain_snatching,2016-10-27T16:39:00,Basavanagudi
ec72aae71095,12.93706,77.57964,chain_snatching,2016-12-09T00:08:00,Basavanagudi
e9321b5da860,12.946648,77.571102,chain_snatching,2017-10-24T09:54:00,Basavanagudi
261cf38e574e,12.943653,77.578494,chain_snatching,2017-03-28T02:49:00,Basavanagudi
047af844f586,12.942401,77.571924,chain_snatching,2018-01-03T23:12:00,Basavanagudi
3475dcbd8241,12.935461,77.564552,chain_snatching,2018-03-29T03:44:00,Basavanagudi
4b550fd4b765,12.89546,77.598465,chain_snatching,2018-09-07T19:00:00,Basavanagudi
83c3566df097,12.935269,77.571792,chain_snatching,2018-07-17T13:11:00,Basavanagudi
eba246d8e5de,12.943671,77.574675,chain_snatching,2018-08-24T18:22:00,Basavanagudi
b9958fbf37cd,12.948179,77.571832,chain_snatching,2018-11-11T14:27:00,Basavanagudi
367b22e2809d,12.948143,77.579527,chain_snatching,2018-11-30T01:01:00,Basavanagudi
e606b672835b,12.94212,77.57536,chain_snatching,2019-06-01T22:21:00,Basavanagudi
a781f39fd359,12.939904,77.567323,chain_snatching,2019-06-01T21:57:00,Basavanagudi
4b72c8bea1c2,12.935387,77.567552,chain_snatching,2019-01-19T21:48:00,Basavanagudi
4adddb6d7be1,12.934664,77.579664,chain_snatching,2019-08-13T21:42:00,Basavanagudi
b072b1797a14,12.909705,77.581104,chain_snatching,2015-02-05T23:00:00,Basavanagudi
c1aee7630c5a,12.914706,77.588083,chain_snatching,2015-05-18T14:50:00,Basavanagudi
bb5ec850fb8c,12.904568,77.590948,chain_snatching,2015-05-27T14:00:00,Basavanagudi
6875114e672b,12.912263,77.578695,chain_snatching,2015-02-06T14:10:00,Basavanagudi
b31e8b1ecf58,12.907517,77.585045,chain_snatching,2015-12-06T15:00:00,Basavanagudi
9678c419b255,12.893184,77.582965,chain_snatching,2015-08-27T18:15:00,Basavanagudi
e727b1ab7327,12.93628,77.574111,chain_snatching,2015-08-28T12:30:00,Basavanagudi
89364917cc56,12.903061,77.586777,chain_snatching,2015-09-09T20:20:00,Basavanagudi
82292a38d4b9,12.916855,77.595442,chain_snatching,2015-09-30T07:30:00,Basavanagudi
7a80caa78c8a,12.911936,77.586699,chain_snatching,2015-09-30T12:30:00,Basavanagudi
4679c1c0a308,12.904528,77.589654,chain_snatching,2015-10-30T16:30:00,Basavanagudi
454c1cac1c03,12.908208,77.57124,chain_snatching,2016-02-01T07:30:00,Basavanagudi
5743d1104737,12.896144,77.597444,chain_snatching,2016-05-14T21:30:00,Basavanagudi
012e87f56920,12.908874,77.592911,chain_snatching,2016-06-20T21:35:00,Basavanagudi
f8249c1ef216,12.919212,77.585885,chain_snatching,2016-08-18T21:35:00,Basavanagudi
31d5665c4cf7,12.908117,77.580804,chain_snatching,2016-09-27T17:30:00,Basavanagudi
45277c6c1514,12.921753,77.58257,chain_snatching,2016-11-26T15:30:00,Basavanagudi
2592e104bfa5,12.913394,77.585991,chain_snatching,2017-03-02T22:15:00,Basavanagudi
ea7b5c28b6c8,12.91734,77.568377,chain_snatching,2017-02-26T20:45:00,Basavanagudi
f62e9dee51c0,12.936013,77.628273,chain_snatching,2017-06-03T21:00:00,Basavanagudi
c2b588615dbb,12.915184,77.587774,chain_snatching,2017-04-30T18:05:00,Basavanagudi
11e1e76602b7,12.894095,77.581622,chain_snatching,2017-05-06T08:45:00,Basavanagudi
23c73c946e88,12.910136,77.583228,chain_snatching,2017-06-22T08:00:00,Basavanagudi
09ce5204f89d,12.910222,77.550397,chain_snatching,2017-07-15T15:30:00,Basavanagudi
b9437b31806b,12.908417,77.592364,chain_snatching,2017-08-20T14:30:00,Basavanagudi
67247293d77f,12.908915,77.578623,chain_snatching,2017-09-15T08:40:00,Basavanagudi
5063ac02f4e6,12.9127,77.587693,chain_snatching,2017-10-31T08:00:00,Basavanagudi
84ff502c35d5,12.913452,77.588393,chain_snatching,2017-10-31T08:30:00,Basavanagudi
23e291307cb7,12.921753,77.58257,chain_snatching,2017-11-25T14:10:00,Basavanagudi
6c326e59821a,12.907041,77.589726,chain_snatching,2017-10-12T08:45:00,Basavanagudi
f219b68864f9,12.907801,77.591523,chain_snatching,2018-02-23T07:15:00,Basavanagudi
b6379aa902f5,12.914692,77.594437,chain_snatching,2018-03-19T07:00:00,Basavanagudi
0e2593332e99,12.915815,77.593041,chain_snatching,2018-04-24T07:50:00,Basavanagudi
f027243af41b,12.909391,77.588341,chain_snatching,2018-08-26T10:30:00,Basavanagudi
d88bfee3cf12,12.90805,77.586744,chain_snatching,2018-08-31T20:00:00,Basavanagudi
acb7cb36c773,12.916092,77.588217,chain_snatching,2018-10-12T20:00:00,Basavanagudi
64d8c2f8601a,12.907561,77.595225,chain_snatching,2019-02-22T14:25:00,Basavanagudi
8a8f251f208c,12.926842,77.57055,chain_snatching,2015-11-02T00:00:00,Basavanagudi
dae6333cd279,12.927517,77.566733,chain_snatching,2015-06-23T16:00:00,Basavanagudi
300b84497532,12.920044,77.569472,chain_snatching,2015-06-30T07:00:00,Basavanagudi
82c8d852b643,12.921881,77.554789,chain_snatching,2015-08-08T00:00:00,Basavanagudi
def97905111d,12.926531,77.567339,chain_snatching,2016-03-05T00:00:00,Basavanagudi
e79878d83311,12.925431,77.560864,chain_snatching,2016-05-05T00:00:00,Basavanagudi
7ec2168d8c73,12.928014,77.570069,chain_snatching,2016-10-06T00:00:00,Basavanagudi
965b484f9fea,12.920683,77.574383,chain_snatching,2016-06-14T00:00:00,Basavanagudi
80a46b9483d3,12.928494,77.572728,chain_snatching,2016-05-08T00:00:00,Basavanagudi
52354b488570,12.921844,77.566556,chain_snatching,2016-11-27T00:00:00,Basavanagudi
22415113bc8b,12.921247,77.573214,chain_snatching,2017-03-03T00:00:00,Basavanagudi
a0ff96813b78,12.921881,77.554789,chain_snatching,2017-05-19T00:00:00,Basavanagudi
68b1b48f661c,12.926531,77.567339,chain_snatching,2017-06-14T00:00:00,Basavanagudi
b56ff5fc1890,12.917067,77.560322,chain_snatching,2017-06-15T00:00:00,Basavanagudi
ecc941526e9e,12.915522,77.562658,chain_snatching,2017-10-07T00:00:00,Basavanagudi
921796c490bf,12.926356,77.576931,chain_snatching,2017-07-09T00:00:00,Basavanagudi
01de4ff4112a,12.925028,77.57335,chain_snatching,2017-08-12T00:00:00,Basavanagudi
7e20b2809e3e,12.926924,77.56646,chain_snatching,2018-01-28T00:00:00,Basavanagudi
5c24dd4b8eee,12.921469,77.565493,chain_snatching,2018-02-14T00:00:00,Basavanagudi
da3d35b8592c,12.929333,77.567733,chain_snatching,2018-03-15T00:00:00,Basavanagudi
83130b703432,12.928292,77.562947,chain_snatching,2018-01-05T00:00:00,Basavanagudi
764c41638db0,12.921559,77.557963,chain_snatching,2018-05-27T00:00:00,Basavanagudi
372e1597c166,12.91994,77.56863,chain_snatching,2018-09-30T00:00:00,Basavanagudi
d999a2284fea,12.918253,77.557676,chain_snatching,2019-03-26T00:00:00,Basavanagudi
45950fb79085,12.91484,77.56742,chain_snatching,2019-03-29T00:00:00,Basavanagudi
6287be702b71,12.91464,77.56768,chain_snatching,2019-11-05T00:00:00,Basavanagudi
8eb4c58c73ea,12.91961,77.56911,chain_snatching,2019-12-16T00:00:00,Basavanagudi
02d6de276939,12.936003,77.58669,chain_snatching,2015-09-04T18:00:00,Basavanagudi
91a59eec6597,12.93314,77.592321,chain_snatching,2015-04-06T07:15:00,Basavanagudi
9840ffdd7574,12.943346,77.585274,chain_snatching,2015-07-21T19:45:00,Basavanagudi
0fad81040969,12.943346,77.585274,chain_snatching,2015-04-11T04:30:00,Basavanagudi
4bda2b90c2f2,12.933437,77.591016,chain_snatching,2016-10-25T08:45:00,Basavanagudi
a0a0417abe79,12.942483,77.581006,chain_snatching,2016-02-11T14:00:00,Basavanagudi
eb56df78fa44,12.938548,77.585899,chain_snatching,2016-02-11T15:15:00,Basavanagudi
ad578e7885d6,12.941202,77.586684,chain_snatching,2016-12-11T20:00:00,Basavanagudi
970954dd3cea,12.941528,77.585997,chain_snatching,2016-11-16T16:45:00,Basavanagudi
44241df5a3aa,12.936003,77.58669,chain_snatching,2017-06-23T12:30:00,Basavanagudi
9909de3da0c6,12.940991,77.584108,chain_snatching,2017-03-11T20:30:00,Basavanagudi
19d80ee4c68e,12.943683,77.584406,chain_snatching,2018-10-05T13:30:00,Basavanagudi
1488fd606fdd,12.942375,77.58673,chain_snatching,2018-06-14T20:30:00,Basavanagudi
daef28ce5e29,12.943814,77.59715,chain_snatching,2018-06-19T07:30:00,Basavanagudi
1982ab08041b,12.939261,77.585214,chain_snatching,2018-06-25T20:30:00,Basavanagudi
84b928e45e22,12.938365,77.582962,chain_snatching,2018-02-07T20:50:00,Basavanagudi
7f268731dc85,12.935534,77.587228,chain_snatching,2018-05-09T09:00:00,Basavanagudi
47c57e07587d,12.948109,77.581263,chain_snatching,2019-11-04T12:30:00,Basavanagudi
99523eb059b6,12.942375,77.58673,chain_snatching,2019-05-21T19:15:00,Basavanagudi
189cdf647a0c,12.948222,77.580132,chain_snatching,2019-05-22T08:00:00,Basavanagudi
d297f873af59,12.937003,77.601464,chain_snatching,2019-01-11T17:35:00,Basavanagudi
528a025228eb,12.941563,77.582748,chain_snatching,2019-03-11T08:45:00,Basavanagudi
784314f3b417,12.948109,77.581263,chain_snatching,2019-12-25T12:00:00,Basavanagudi
09e192b37df6,12.882875,77.570419,chain_snatching,2015-06-05T05:15:00,Basavanagudi
45d132b5bd0f,12.869384,77.583911,chain_snatching,2015-10-06T16:30:00,Basavanagudi
8a59890c24d4,12.877323,77.567215,chain_snatching,2015-11-06T09:00:00,Basavanagudi
bcf05a1c52b0,12.8928,77.555014,chain_snatching,2015-11-06T11:40:00,Basavanagudi
cf88dc290ee1,12.890389,77.578993,chain_snatching,2015-06-25T15:45:00,Basavanagudi
6d18d083cb3d,12.919006,77.545398,chain_snatching,2015-06-17T18:00:00,Basavanagudi
49f5b5605027,12.907598,77.534811,chain_snatching,2015-09-09T17:45:00,Basavanagudi
9cf89a5c2f56,12.906571,77.552567,chain_snatching,2015-01-10T13:20:00,Basavanagudi
364697fb94c2,12.872846,77.582667,chain_snatching,2015-10-29T14:30:00,Basavanagudi
dd57961e1ee7,12.874693,77.582035,chain_snatching,2015-01-12T20:20:00,Basavanagudi
09d973f72606,12.909441,77.557215,chain_snatching,2015-12-18T16:05:00,Basavanagudi
2821e8915819,12.890471,77.57081,chain_snatching,2016-03-21T09:45:00,Basavanagudi
b92b8ece54d3,12.875443,77.582926,chain_snatching,2016-06-04T11:50:00,Basavanagudi
b5ff723a519d,13.007485,77.56788,chain_snatching,2016-05-28T06:00:00,Basavanagudi
16e0949c3648,12.882931,77.56709,chain_snatching,2016-05-28T07:30:00,Basavanagudi
d4d648b89112,12.872846,77.582667,chain_snatching,2016-06-09T07:25:00,Basavanagudi
79e363d06a94,12.895741,77.547967,chain_snatching,2016-09-14T12:40:00,Basavanagudi
7d4c40859b51,12.86977,77.575764,chain_snatching,2016-09-29T19:30:00,Basavanagudi
cbfd3d73bf4f,12.88259,77.558041,chain_snatching,2016-05-10T07:10:00,Basavanagudi
4621ac230a58,12.901082,77.547538,chain_snatching,2016-12-11T12:15:00,Basavanagudi
a8028e70df61,12.889623,77.572132,chain_snatching,2016-11-20T01:00:00,Basavanagudi
d9d5fbad40c6,12.875443,77.582926,chain_snatching,2016-11-27T19:45:00,Basavanagudi
47e74e6e57e2,12.891109,77.569911,chain_snatching,2016-11-27T20:35:00,Basavanagudi
e02e725f4e15,12.882985,77.557357,chain_snatching,2016-12-20T13:45:00,Basavanagudi
8df3339999df,12.891109,77.569911,chain_snatching,2016-12-26T19:00:00,Basavanagudi
b8b1ec4a9b58,12.889623,77.572132,chain_snatching,2017-01-27T17:00:00,Basavanagudi
28773cebcc36,12.905195,77.544912,chain_snatching,2017-02-13T12:45:00,Basavanagudi
c6c5c6f4177b,12.899741,77.549517,chain_snatching,2017-03-03T15:30:00,Basavanagudi
dd07e6d670d2,12.885633,77.548259,chain_snatching,2017-03-22T23:30:00,Basavanagudi
7db4b318781c,12.909892,77.556735,chain_snatching,2017-05-16T13:10:00,Basavanagudi
f606c80b6a3d,12.905722,77.535581,chain_snatching,2017-05-19T13:20:00,Basavanagudi
7b9c6e6a8a24,12.909765,77.554003,chain_snatching,2017-05-21T05:00:00,Basavanagudi
9d01ed50c78d,12.915551,77.539477,chain_snatching,2017-02-06T15:30:00,Basavanagudi
b580e3d1cd95,12.882931,77.56709,chain_snatching,2017-06-17T15:00:00,Basavanagudi
96882b116b32,12.882555,77.556355,chain_snatching,2017-06-09T06:00:00,Basavanagudi
bcbf4b5eeec2,12.905195,77.544912,chain_snatching,2017-07-09T06:10:00,Basavanagudi
3d53f76aaa01,12.880103,77.574261,chain_snatching,2017-09-28T07:15:00,Basavanagudi
052474ffcb57,12.905759,77.542703,chain_snatching,2017-09-28T20:30:00,Basavanagudi
54c08c9d3913,12.883766,77.568425,chain_snatching,2017-10-31T11:15:00,Basavanagudi
78a01f25b30b,12.904705,77.53011,chain_snatching,2017-11-25T17:30:00,Basavanagudi
bfecc94284b1,12.889484,77.562321,chain_snatching,2018-09-04T16:00:00,Basavanagudi
7a59ae042c9d,12.899953,77.54987,chain_snatching,2018-07-05T06:20:00,Basavanagudi
10fc2cb12d0c,12.89022,77.563058,chain_snatching,2018-01-11T06:10:00,Basavanagudi
e279d5957bc0,12.914657,77.550908,chain_snatching,2018-12-14T00:00:00,Basavanagudi
11182690d6b8,12.905123,77.543751,chain_snatching,2019-02-22T18:30:00,Basavanagudi
cb2fa94bf240,12.9092,77.547734,chain_snatching,2019-03-14T11:00:00,Basavanagudi
fe561719e14b,12.905053,77.541896,chain_snatching,2019-08-23T13:00:00,Basavanagudi
2b093550105c,12.882931,77.56709,chain_snatching,2019-10-11T18:45:00,Basavanagudi
0b7fe52de341,12.877998,77.550186,chain_snatching,2015-10-31T17:00:00,Basavanagudi
ab83aa66d5b7,12.897553,77.539272,chain_snatching,2016-05-14T21:55:00,Basavanagudi
24f2281e771c,12.898151,77.538374,chain_snatching,2016-01-08T15:00:00,Basavanagudi
9fdeee9424d3,12.866923,77.564722,chain_snatching,2018-10-10T21:30:00,Basavanagudi
60f9919d2a73,12.86607,77.541929,chain_snatching,2018-01-11T07:30:00,Basavanagudi
e7bd6f5b02e2,12.851503,77.552592,chain_snatching,2019-07-03T10:30:00,Basavanagudi
f139064d5c80,12.873184,77.535641,chain_snatching,2019-11-04T08:00:00,Basavanagudi
16ba07942095,12.892912,77.527128,chain_snatching,2019-12-07T08:00:00,Basavanagudi
67bc9362bdb6,12.888051,77.5805,chain_snatching,2017-01-23T15:10:00,Basavanagudi
6453e1c1a48d,12.886996,77.5797,chain_snatching,2017-02-24T19:35:00,Basavanagudi
eb4b9c3eda20,12.888051,77.5805,chain_snatching,2017-03-08T20:59:00,Basavanagudi
08580becf4cb,12.882084,77.5744,chain_snatching,2017-05-16T14:00:00,Basavanagudi
1264a9763d5a,12.886347,77.566189,chain_snatching,2017-05-16T14:30:00,Basavanagudi
c343b5481c46,12.868679,77.5794,chain_snatching,2017-06-21T22:15:00,Basavanagudi
18ee51e83a2b,12.881587,77.5762,chain_snatching,2018-11-04T11:00:00,Basavanagudi
5f69a409f0bb,12.891846,77.5766,chain_snatching,2018-04-13T18:45:00,Basavanagudi
f824c6eeac0c,12.862015,77.58549,chain_snatching,2018-05-26T20:00:00,Basavanagudi
afa5029e2a85,12.88169,77.5791,chain_snatching,2018-06-06T21:30:00,Basavanagudi
dde6170f66cd,12.892977,77.57807,chain_snatching,2018-06-13T18:30:00,Basavanagudi
a2787d09474b,12.868153,77.57441,chain_snatching,2018-06-24T15:10:00,Basavanagudi
eeaf3f138cda,12.881898,77.57622,chain_snatching,2018-08-07T09:00:00,Basavanagudi
14b024d0bb63,12.871359,77.57279,chain_snatching,2018-07-19T18:00:00,Basavanagudi
416402ed4ce3,12.88176,77.575947,chain_snatching,2019-02-26T17:30:00,Basavanagudi
5a36b6044bdf,12.858493,77.592695,chain_snatching,2019-12-20T23:45:00,Basavanagudi
c536b275a7f3,12.887456,77.59245,chain_snatching,2017-11-01T17:00:00,Basavanagudi
d40757c4eef1,12.905797,77.600328,chain_snatching,2017-01-23T19:00:00,Basavanagudi
546f585754e2,12.904978,77.597469,chain_snatching,2017-01-26T10:45:00,Basavanagudi
8ca2aa6bcc14,12.883753,77.590058,chain_snatching,2017-02-22T18:00:00,Basavanagudi
78359e28bde2,12.903878,77.591406,chain_snatching,2017-03-20T18:20:00,Basavanagudi
aa2c34ab1ba9,12.887456,77.59245,chain_snatching,2017-12-08T15:00:00,Basavanagudi
4518162908c6,12.888006,77.571019,chain_snatching,2017-09-19T16:30:00,Basavanagudi
151a37cffe23,12.904972,77.596817,chain_snatching,2018-03-23T06:10:00,Basavanagudi
f0fa98ec0ade,12.88985,77.592669,chain_snatching,2018-08-31T19:30:00,Basavanagudi
68679994339e,12.887456,77.59245,chain_snatching,2019-01-26T11:30:00,Basavanagudi
f3b3d66a5ebf,12.93788,77.575972,chain_snatching,2019-07-06T09:30:00,Basavanagudi
d026bd51de22,12.935529,77.565412,chain_snatching,2019-12-09T21:50:00,Basavanagudi
ea1f6e3820b8,12.893759,77.561519,chain_snatching,2015-01-16T17:15:00,Basavanagudi
fc1622254e19,12.897416,77.555151,chain_snatching,2015-01-02T21:20:00,Basavanagudi
e4f190bc2433,12.896523,77.558274,chain_snatching,2015-11-06T17:45:00,Basavanagudi
a4bbc4a10604,12.910936,77.56467,chain_snatching,2015-08-24T19:00:00,Basavanagudi
5c161a1a4878,12.90421,77.568618,chain_snatching,2016-02-16T16:15:00,Basavanagudi
1bccc5a0bee1,12.897416,77.555151,chain_snatching,2016-11-05T22:15:00,Basavanagudi
a307d82b755f,12.897416,77.555151,chain_snatching,2016-08-12T16:00:00,Basavanagudi
076f049adfef,12.895762,77.559942,chain_snatching,2016-12-16T17:30:00,Basavanagudi
b104e2cc7171,12.908033,77.563249,chain_snatching,2017-05-09T15:00:00,Basavanagudi
a77f29f72806,12.908033,77.563249,chain_snatching,2017-09-29T23:00:00,Basavanagudi
718d8affeba0,12.896447,77.566737,chain_snatching,2017-01-10T18:00:00,Basavanagudi
5b2aa66ee57f,12.904336,77.559845,chain_snatching,2017-10-01T07:15:00,Basavanagudi
d3c93053d52f,12.907846,77.558291,chain_snatching,2017-10-04T20:00:00,Basavanagudi
edd82be39086,12.904811,77.552829,chain_snatching,2017-10-07T12:30:00,Basavanagudi
45244b072d6b,12.898734,77.558203,chain_snatching,2018-09-01T15:00:00,Basavanagudi
e62986829f72,12.897416,77.555151,chain_snatching,2018-07-21T18:00:00,Basavanagudi
d22b66efc6ce,12.905061,77.561161,chain_snatching,2018-07-26T23:00:00,Basavanagudi
ee002e6c006f,12.897906,77.559498,chain_snatching,2018-09-09T16:00:00,Basavanagudi
e8d02d32d5e3,12.909985,77.562617,chain_snatching,2019-02-16T16:00:00,Basavanagudi
67aca0d30522,12.943565,77.574451,chain_snatching,2015-03-22T20:50:00,Basavanagudi
2a778a6fa0fe,12.945476,77.57788,chain_snatching,2015-05-22T21:45:00,Basavanagudi
eb7e982e9ec8,12.951574,77.574001,chain_snatching,2015-11-06T09:30:00,Basavanagudi
b64e1eb24334,12.93586,77.5523,chain_snatching,2015-08-07T12:30:00,Basavanagudi
f7251b8d35c0,12.94155,77.550038,chain_snatching,2015-07-27T15:30:00,Basavanagudi
64a2268e3f07,12.94369,77.53744,chain_snatching,2015-08-16T12:00:00,Basavanagudi
a87c83277a5f,12.941471,77.543027,chain_snatching,2015-08-09T14:15:00,Basavanagudi
d3eea54abaca,12.939979,77.558802,chain_snatching,2015-01-10T13:30:00,Basavanagudi
afa4087be0bc,12.939648,77.544295,chain_snatching,2015-12-25T17:00:00,Basavanagudi
bf1d71f0f229,12.938734,77.538767,chain_snatching,2016-03-29T20:00:00,Basavanagudi
5cd46969fa07,12.933817,77.543315,chain_snatching,2017-02-13T18:16:00,Basavanagudi
2acf3d67ce5a,12.93586,77.5523,chain_snatching,2017-10-04T19:10:00,Basavanagudi
82b8d7cf8b70,12.941177,77.572471,chain_snatching,2017-12-04T22:25:00,Basavanagudi
7ec3e3fa8cb7,12.939397,77.541785,chain_snatching,2017-03-05T17:15:00,Basavanagudi
e5d4497b29f6,12.940679,77.559242,chain_snatching,2017-02-08T18:35:00,Basavanagudi
90cbd37b0005,12.938936,77.543658,chain_snatching,2017-08-21T17:30:00,Basavanagudi
f5fe10738658,12.941142,77.545571,chain_snatching,2017-03-09T21:30:00,Basavanagudi
58cee483cc44,12.938936,77.543658,chain_snatching,2017-09-30T14:10:00,Basavanagudi
e1bfcc02ff3b,12.936114,77.545066,chain_snatching,2017-01-10T07:20:00,Basavanagudi
3a545043745e,12.941142,77.545571,chain_snatching,2017-05-12T04:25:00,Basavanagudi
07680575de1c,12.932622,77.542129,chain_snatching,2018-01-28T15:30:00,Basavanagudi
6c12caa3416f,12.930845,77.539064,chain_snatching,2018-03-11T20:30:00,Basavanagudi
ced95c5ba234,12.929961,77.538526,chain_snatching,2018-04-11T23:00:00,Basavanagudi
8cf1a3d26b63,12.933411,77.543161,chain_snatching,2018-05-27T07:10:00,Basavanagudi
6f2fe6f4dcf3,12.938936,77.543658,chain_snatching,2018-11-13T11:30:00,Basavanagudi
ffde95b114d9,12.951336,77.579912,chain_snatching,2019-06-03T12:00:00,Basavanagudi
63ec005f4c65,12.931199,77.555906,chain_snatching,2015-12-28T00:00:00,C K Achuktu
57d37c61d700,12.931815,77.550186,chain_snatching,2016-05-02T00:00:00,C K Achuktu
71496ce95575,12.921861,77.552178,chain_snatching,2016-05-26T12:30:00,C K Achuktu
093e862d8b85,12.926042,77.555054,chain_snatching,2016-01-07T00:00:00,C K Achuktu
0c4e17a667df,12.923988,77.547644,chain_snatching,2016-07-14T11:30:00,C K Achuktu
926dc6cdcd9c,12.922592,77.550762,chain_snatching,2016-07-15T00:00:00,C K Achuktu
8f1f9805a67a,12.92247,77.553086,chain_snatching,2016-08-26T09:45:00,C K Achuktu
e2b18297d73d,12.926415,77.553537,chain_snatching,2016-09-25T00:00:00,C K Achuktu
b21adf47e2fb,12.931815,77.550186,chain_snatching,2016-02-15T00:00:00,C K Achuktu
78ddcc569161,12.921861,77.552178,chain_snatching,2016-02-12T00:00:00,C K Achuktu
b5bc66574696,12.923774,77.556002,chain_snatching,2017-04-26T00:00:00,C K Achuktu
e2f56c3dc1bb,12.930082,77.549042,chain_snatching,2017-09-17T00:00:00,C K Achuktu
e144feb21274,12.953531,77.573317,chain_snatching,2017-11-25T00:00:00,C K Achuktu
601f68e1697f,12.944113,77.568648,chain_snatching,2018-02-26T00:00:00,C K Achuktu
82d1b82f9877,12.9455,77.57591,chain_snatching,2018-06-14T00:00:00,C K Achuktu
10f0b2068998,12.953867,77.577962,chain_snatching,2018-08-18T00:00:00,C K Achuktu
c7f13763046c,12.946035,77.58341,chain_snatching,2018-04-10T00:00:00,C K Achuktu
630f2b24e0c1,12.925884,77.547995,chain_snatching,2018-11-13T12:10:00,C K Achuktu
c6b84771cc84,12.954286,77.576005,chain_snatching,2018-12-19T00:00:00,C K Achuktu
29e845ec808a,12.930873,77.565708,chain_snatching,2019-02-16T19:30:00,C K Achuktu
fd6c10a386bb,12.930682,77.560448,chain_snatching,2019-06-23T20:00:00,C K Achuktu
d05b99e2c5c8,12.926585,77.551648,chain_snatching,2019-11-26T23:00:00,C K Achuktu
d211e9019821,12.88605,77.494843,theft,2015-02-01T16:45:00,C K Achuktu
557f8f9e78d7,12.915668,77.589662,theft,2015-03-01T20:00:00,C K Achuktu
15abe27d3db9,12.926896,77.589654,theft,2015-04-01T17:30:00,C K Achuktu
f80b971cacd6,12.9184,77.58268,theft,2015-05-01T19:45:00,C K Achuktu
2d99d36c2fe7,12.923665,77.589668,theft,2015-06-01T19:45:00,C K Achuktu
8a748e86e725,12.91699,77.58934,theft,2015-07-01T19:15:00,C K Achuktu
06bdffa84441,12.919414,77.585452,theft,2015-08-01T19:30:00,C K Achuktu
e4988e4a399f,12.92877,77.57807,theft,2015-09-01T12:30:00,C K Achuktu
4c8d22894539,12.915668,77.569861,theft,2015-10-01T16:30:00,C K Achuktu
2453c9139b16,12.92397,77.57968,theft,2015-11-01T15:00:00,C K Achuktu
88bbce0425b2,12.88605,77.494843,theft,2015-12-01T18:15:00,C K Achuktu
f5a917f212fc,12.88605,77.494843,theft,2015-01-13T16:00:00,C K Achuktu
2615b033d4d0,12.92875,77.5801,theft,2015-01-14T18:50:00,C K Achuktu
3777fc39fe09,12.971599,77.594563,theft,2015-01-15T19:00:00,C K Achuktu
9dd3af53c832,12.919817,77.58481,theft,2015-01-16T14:00:00,C K Achuktu
8be8e0e75ed7,12.926384,77.578007,theft,2015-01-17T17:30:00,C K Achuktu
9daf04574126,12.926254,77.584896,theft,2015-01-18T18:00:00,C K Achuktu
611943d9e622,12.941851,77.576221,theft,2015-01-19T10:35:00,C K Achuktu
c1c000d9ed63,12.9373,77.584642,theft,2015-01-20T10:35:00,C K Achuktu
92ddfff6bfa4,12.926254,77.584896,theft,2015-01-21T12:45:00,C K Achuktu
aa13fba20147,12.927258,77.585571,theft,2015-01-22T10:30:00,C K Achuktu
1cb5b132eec2,12.922537,77.616736,theft,2015-01-23T14:10:00,C K Achuktu
25c926057b6b,12.919691,77.561583,theft,2015-01-24T13:30:00,C K Achuktu
82e279991a03,12.920121,77.571397,theft,2015-01-25T12:00:00,C K Achuktu
5b5515322e25,12.971599,77.594563,theft,2015-01-26T17:00:00,C K Achuktu
12ac78fac54d,12.9298,77.621739,theft,2015-01-27T17:45:00,C K Achuktu
d390be47afc1,12.919774,77.577703,theft,2015-01-28T19:00:00,C K Achuktu
445c80379661,12.930901,77.579527,theft,2015-01-29T19:00:00,C K Achuktu
526a444e7e4e,12.942117,77.575361,theft,2015-01-30T12:40:00,C K Achuktu
f6d0b654350e,12.971599,77.594563,theft,2015-01-31T12:00:00,C K Achuktu
f693ce50a3fd,12.92594,77.583042,theft,2015-01-02T14:00:00,C K Achuktu
b8e69355a9cc,12.928807,77.58585,theft,2015-02-02T19:30:00,C K Achuktu
cb811b2c680e,12.930877,77.57673,theft,2015-03-02T22:00:00,C K Achuktu
e4cb9aa8354d,12.943849,77.567978,theft,2015-04-02T18:30:00,C K Achuktu
8b2e0e98ba80,12.92367,77.58014,theft,2015-05-02T16:00:00,C K Achuktu
66d288788258,12.947151,77.567453,theft,2015-06-02T18:00:00,C K Achuktu
c6673c24b2b2,12.926793,77.588426,theft,2015-07-02T14:00:00,C K Achuktu
c0d66e110a21,12.942688,77.571513,theft,2015-08-02T19:40:00,C K Achuktu
fd2292a21495,12.94518,77.58715,theft,2015-09-02T11:00:00,C K Achuktu
38dbdcb6701d,12.95864,77.568997,theft,2015-10-02T15:00:00,C K Achuktu
3144e6195992,12.971599,77.594563,theft,2015-11-02T11:00:00,C K Achuktu
63903d0fd1ef,12.971599,77.594563,theft,2015-12-02T16:00:00,C K Achuktu
6473980e8650,12.971599,77.594563,theft,2015-02-13T13:30:00,C K Achuktu
19cf290483bb,12.88605,77.494843,theft,2015-02-14T18:15:00,C K Achuktu
f937bfb7a869,12.92634,77.57802,theft,2015-02-15T14:00:00,C K Achuktu
23d1ebf6841a,12.91945,77.58825,theft,2015-02-16T10:00:00,C K Achuktu
51fa31451860,12.91945,77.58825,theft,2015-02-17T11:00:00,C K Achuktu
e2c2d312caed,12.91756,77.58832,theft,2015-02-18T16:30:00,C K Achuktu
7711c56ccdd4,12.92723,77.58548,theft,2015-02-19T17:30:00,C K Achuktu
72c4fa44c9df,12.92208,77.58953,theft,2015-02-20T12:00:00,C K Achuktu
0c7c8c6fbcf3,12.92367,77.58014,theft,2015-02-21T13:00:00,C K Achuktu
fb369e71e838,12.925668,77.592755,theft,2015-02-22T17:45:00,C K Achuktu
0d17b6e4a529,12.921556,77.589475,theft,2015-02-23T13:50:00,C K Achuktu
5ad47b3577cf,12.924857,77.576998,theft,2015-02-24T13:30:00,C K Achuktu
80100b6eb747,12.92485,77.5868,theft,2015-02-25T10:30:00,C K Achuktu
88b15586a046,12.921752,77.586995,theft,2015-02-26T12:30:00,C K Achuktu
feedda3a04a4,12.92208,77.58953,theft,2015-02-27T10:10:00,C K Achuktu
74dc4ada7cb3,12.920536,77.582789,theft,2015-02-28T10:30:00,C K Achuktu
3ee79d9d05f9,12.923756,77.586952,theft,2015-01-03T17:30:00,C K Achuktu
2a44211308b4,12.924178,77.590603,theft,2016-03-01T18:30:00,C K Achuktu
496659642ae9,12.92938,77.586042,theft,2016-04-04T00:00:00,C K Achuktu
cd3ae72ca0eb,12.9413,77.579869,theft,2016-01-18T21:40:00,C K Achuktu
2e306859a92c,12.95553,77.572158,theft,2016-01-17T10:00:00,C K Achuktu
a2c80b92421e,12.949363,77.577769,theft,2016-01-21T11:45:00,C K Achuktu
dea1e4cce9c2,12.941857,77.583304,theft,2016-01-20T21:30:00,C K Achuktu
94b9816cbed8,12.956967,77.570579,theft,2016-01-22T13:30:00,C K Achuktu
5f5a61d32fda,12.941267,77.583013,theft,2016-01-24T20:15:00,C K Achuktu
f4e0da34f1e5,12.950019,77.575728,theft,2016-01-29T13:00:00,C K Achuktu
f243e8e15f0d,12.953315,77.577142,theft,2016-05-02T13:00:00,C K Achuktu
7e8ecb02bdac,12.926745,77.579258,theft,2016-08-02T12:15:00,C K Achuktu
edee8b34d114,12.957998,77.583213,theft,2016-08-02T14:10:00,C K Achuktu
80067a7900fd,12.956616,77.577522,theft,2016-10-02T19:00:00,C K Achuktu
619d36c6d742,12.922517,77.587116,theft,2016-02-14T11:30:00,C K Achuktu
42c8fac272de,12.930749,77.582961,theft,2016-02-14T13:30:00,C K Achuktu
1055b2c791e7,12.955423,77.578276,theft,2016-02-16T13:00:00,C K Achuktu
d9a1de3df176,12.931904,77.585883,theft,2016-02-18T12:00:00,C K Achuktu
8a8634ab742d,12.929561,77.575507,theft,2016-02-19T16:00:00,C K Achuktu
e78b3b26b9e3,12.922517,77.587116,theft,2016-02-21T11:15:00,C K Achuktu
1706d582833e,12.945182,77.597825,theft,2016-02-26T12:00:00,C K Achuktu
862b60c2cbb1,12.931566,77.584634,theft,2016-02-03T17:40:00,C K Achuktu
7967b50a983a,12.951322,77.568132,theft,2016-05-03T14:10:00,C K Achuktu
3986942b1f8e,12.955607,77.580928,theft,2016-10-03T14:30:00,C K Achuktu
747ab4a5fef6,12.952269,77.580924,theft,2016-03-13T12:30:00,C K Achuktu
01aa83a3ec36,12.952729,77.569577,theft,2016-03-14T17:30:00,C K Achuktu
54ae3c5d9470,12.93087,77.58145,theft,2016-03-17T10:30:00,C K Achuktu
a755d9e48361,12.920789,77.58415,theft,2016-03-17T15:10:00,C K Achuktu
8fd3ae1abdb6,12.971599,77.594563,theft,2016-03-18T11:30:00,C K Achuktu
2a4d37798214,12.91795,77.58878,theft,2016-03-24T13:30:00,C K Achuktu
6f8dc403af1d,12.945927,77.569723,theft,2016-03-26T14:00:00,C K Achuktu
fe527d407502,12.92938,77.582961,theft,2016-09-04T17:45:00,C K Achuktu
c2052ef388be,12.947788,77.566476,theft,2015-04-05T16:30:00,C K Achuktu
5398dfa74b5d,12.952131,77.571978,theft,2016-04-14T12:30:00,C K Achuktu
651a0bf21319,12.952806,77.572881,theft,2016-04-13T13:30:00,C K Achuktu
ed948c19c7fb,12.91796,77.600883,theft,2016-04-29T13:30:00,C K Achuktu
62fb41a45f3e,12.91886,77.58746,theft,2016-05-13T21:30:00,C K Achuktu
1c89ab42112b,12.953481,77.563564,theft,2016-05-24T16:00:00,C K Achuktu
14a2b88951cb,12.946084,77.616321,theft,2016-05-27T16:00:00,C K Achuktu
5d3c21668f4b,12.931566,77.585883,theft,2016-05-21T13:00:00,C K Achuktu
a7b44beb99ae,12.921114,77.553,theft,2016-05-26T14:30:00,C K Achuktu
6a5291a63ca5,12.924988,77.569673,theft,2016-03-06T15:00:00,C K Achuktu
e29772c81ba6,12.93164,77.58114,theft,2016-05-06T11:15:00,C K Achuktu
440cfdfb4a29,12.9321,77.57465,theft,2016-06-06T15:00:00,C K Achuktu
8238007a072c,12.953272,77.572053,theft,2016-06-06T13:15:00,C K Achuktu
660090430b01,12.9273,77.57806,theft,2016-06-24T18:55:00,C K Achuktu
fdb6a7b11ad6,12.92547,77.58377,theft,2016-06-27T12:45:00,C K Achuktu
6b2c101da8a9,12.945688,77.574927,theft,2016-04-07T13:20:00,C K Achuktu
25dbe74113b1,12.92285,77.5807,theft,2016-10-07T11:30:00,C K Achuktu
15eef8c7101d,12.92802,77.58112,theft,2016-12-07T11:00:00,C K Achuktu
2aee557fcf19,12.93201,77.57455,theft,2016-07-17T11:30:00,C K Achuktu
cca41b7782e5,12.93426,77.59269,theft,2016-10-03T14:30:00,C K Achuktu
538f6292ef62,12.93426,77.59269,theft,2016-07-18T14:45:00,C K Achuktu
d6d500c8f98d,12.93297,77.58395,theft,2016-07-23T21:30:00,C K Achuktu
6d8dbe12c679,12.92753,77.5766,theft,2016-07-24T16:00:00,C K Achuktu
fe37d1174810,12.926839,77.584634,theft,2016-07-24T17:30:00,C K Achuktu
550b2d4b7b26,12.953476,77.572196,theft,2016-12-08T10:30:00,C K Achuktu
c1fd5e6316b8,12.930792,77.584982,theft,2016-09-08T13:30:00,C K Achuktu
f8571f8817b1,12.93426,77.59269,theft,2016-08-15T18:15:00,C K Achuktu
a242e91c453f,12.926673,77.552554,theft,2016-09-08T16:00:00,C K Achuktu
773800f1f2c5,12.930083,77.582571,theft,2016-08-17T18:30:00,C K Achuktu
26634e47d461,12.929858,77.587006,theft,2016-08-22T12:15:00,C K Achuktu
209b7e95cfed,12.930226,77.583196,theft,2016-08-22T17:30:00,C K Achuktu
a6ee7ebddd94,12.930749,77.584919,theft,2016-08-30T11:45:00,C K Achuktu
447f48da3355,12.926093,77.586036,theft,2016-03-09T09:20:00,C K Achuktu
0afb1c9ee76f,12.968045,77.522814,theft,2016-08-26T11:30:00,C K Achuktu
bf814860e50c,12.930051,77.578083,theft,2016-06-09T13:00:00,C K Achuktu
feb9f788c07b,12.931613,77.578443,theft,2016-06-09T15:30:00,C K Achuktu
31b10057dd68,12.932946,77.563869,theft,2016-05-09T11:30:00,C K Achuktu
c9e769374374,12.924463,77.576192,theft,2016-12-09T18:00:00,C K Achuktu
56be585e7e78,12.933661,77.583939,theft,2016-09-14T07:35:00,C K Achuktu
f7125aa63832,12.918664,77.579765,theft,2016-01-09T10:00:00,C K Achuktu
d68b1d0e016a,12.957868,77.56648,theft,2016-09-23T18:00:00,C K Achuktu
05b6265c3a84,12.928102,77.577885,theft,2016-09-29T17:15:00,C K Achuktu
60727dfa5c51,12.930775,77.582116,theft,2016-05-10T13:30:00,C K Achuktu
8069c4372ae9,12.92542,77.591849,theft,2016-10-22T18:00:00,C K Achuktu
a58a373358cf,12.926974,77.576626,theft,2016-10-30T11:00:00,C K Achuktu
2461f6211913,12.927593,77.575673,theft,2016-10-29T15:30:00,C K Achuktu
7a2ebd4efb7d,12.92594,77.583042,theft,2016-10-29T14:00:00,C K Achuktu
9ca59de0648c,12.911569,77.575912,theft,2016-11-14T19:40:00,C K Achuktu
13a5c4663bd4,12.921165,77.58072,theft,2016-11-14T13:20:00,C K Achuktu
e0f4dad0b557,12.911569,77.575912,theft,2016-11-18T14:00:00,C K Achuktu
6a0427e41ab1,12.921169,77.581201,theft,2016-11-18T14:30:00,C K Achuktu
de04f6b7e52e,12.932946,77.583869,theft,2016-11-19T17:00:00,C K Achuktu
bbd2637763e0,12.911569,77.575912,theft,2016-11-23T11:00:00,C K Achuktu
6e99b657bab8,12.942523,77.581374,theft,2016-10-18T11:30:00,C K Achuktu
516cd302c1e3,12.955216,77.619961,theft,2016-11-14T18:30:00,C K Achuktu
513b8949f3ea,12.92594,77.583042,theft,2016-11-21T15:00:00,C K Achuktu
98696ef2164f,12.9199,77.583599,theft,2016-11-14T17:30:00,C K Achuktu
b5465313fe28,12.922918,77.58598,theft,2016-02-12T17:30:00,C K Achuktu
52e0f2194abd,12.918838,77.583583,theft,2016-08-12T16:00:00,C K Achuktu
f348c536a073,12.916267,77.584133,theft,2016-07-12T11:45:00,C K Achuktu
71dc14ca632f,12.948522,77.583645,theft,2016-07-12T13:00:00,C K Achuktu
a99582c1c32b,12.928556,77.585366,theft,2016-08-12T11:30:00,C K Achuktu
ba0905deb9af,12.919774,77.577703,theft,2016-08-12T13:00:00,C K Achuktu
33fde4d83e6e,12.918471,77.572424,theft,2016-12-20T14:00:00,C K Achuktu
5c8003cd14c6,12.924377,77.582729,theft,2016-12-20T19:30:00,C K Achuktu
4afacc25ac59,12.916267,77.584133,theft,2016-12-22T14:30:00,C K Achuktu
9a766f25bb29,12.926349,77.578827,theft,2017-01-01T10:45:00,C K Achuktu
c686bb67bf17,12.920922,77.574935,theft,2016-12-26T16:30:00,C K Achuktu
e24d5ae5053f,12.917411,77.58366,theft,2017-07-01T13:00:00,C K Achuktu
4c1a494165e8,12.92773,77.57806,theft,2017-11-01T17:00:00,C K Achuktu
0baefd9336a0,12.933583,77.582258,theft,2017-01-17T15:00:00,C K Achuktu
f95dc0bfde11,12.92594,77.583042,theft,2017-01-15T18:45:00,C K Achuktu
70e9d2803b42,12.921546,77.584269,theft,2017-01-25T12:45:00,C K Achuktu
dec01ccfead4,12.930899,77.583933,theft,2017-01-31T11:00:00,C K Achuktu
12d47dec0b4c,12.924321,77.5881,theft,2017-02-02T13:00:00,C K Achuktu
63747093f68e,12.932047,77.57969,theft,2017-05-02T13:15:00,C K Achuktu
e4efbf0a333f,12.895112,77.562972,theft,2017-02-16T17:00:00,C K Achuktu
f5a5ffbc4ff5,12.93158,77.57961,theft,2017-02-28T13:00:00,C K Achuktu
18d55852e5ab,12.918899,77.577344,theft,2017-03-15T23:15:00,C K Achuktu
8a4e2d24fa75,12.922461,77.589557,theft,2017-03-21T12:20:00,C K Achuktu
66eb32a8f670,12.931849,77.578343,theft,2017-03-24T18:30:00,C K Achuktu
dd7f679d2ac4,12.936469,77.577151,theft,2017-03-25T15:40:00,C K Achuktu
51dda6773660,12.922403,77.586243,theft,2017-03-04T13:30:00,C K Achuktu
ec4ae17bb12a,12.922527,77.587116,theft,2017-06-04T16:00:00,C K Achuktu
340c894c4a97,12.929909,77.584375,theft,2017-08-04T16:00:00,C K Achuktu
d87f3ba1cf92,12.932216,77.581826,theft,2017-10-04T13:30:00,C K Achuktu
c9fabd258c7f,12.932836,77.583766,theft,2017-05-04T16:00:00,C K Achuktu
bf96d7ab433d,12.969573,77.529824,theft,2017-04-19T13:00:00,C K Achuktu
c79b6c7c43df,12.92017,77.577721,theft,2017-04-26T19:20:00,C K Achuktu
b7afc81c392c,12.91802,77.58833,theft,2017-04-23T15:00:00,C K Achuktu
53cb55f22803,12.911569,77.575912,theft,2017-04-30T16:30:00,C K Achuktu
e835a2f285fb,12.92594,77.583042,theft,2017-04-05T14:00:00,C K Achuktu
9ee865320dbc,12.94675,77.55572,theft,2017-05-16T15:15:00,C K Achuktu
c125080dfb42,12.932018,77.586094,theft,2017-07-05T18:15:00,C K Achuktu
e98537485622,12.92542,77.591849,theft,2017-11-05T10:30:00,C K Achuktu
43f622f4b190,12.936462,77.584375,theft,2017-05-15T13:00:00,C K Achuktu
95386b469f04,12.919247,77.587355,theft,2017-05-16T15:00:00,C K Achuktu
7e0025918a17,12.926015,77.583641,theft,2017-05-27T12:30:00,C K Achuktu
217485174d6f,12.93056,77.58884,theft,2017-05-30T18:15:00,C K Achuktu
b9f0e11aded7,12.932965,77.583821,theft,2017-05-06T16:20:00,C K Achuktu
af6f433b4e56,12.928554,77.585366,theft,2017-11-06T10:30:00,C K Achuktu
14e950d8e056,12.911335,77.595161,theft,2017-06-15T15:00:00,C K Achuktu
5ee893d49931,12.928554,77.585366,theft,2017-06-13T08:45:00,C K Achuktu
ad401df5e2b3,12.940944,77.581298,theft,2017-06-19T12:45:00,C K Achuktu
7728ce8dfe0c,12.917411,77.58366,theft,2017-06-21T21:15:00,C K Achuktu
27a5840ef231,12.930044,77.586152,theft,2017-06-27T13:15:00,C K Achuktu
bc55b2f421f2,12.921835,77.58575,theft,2017-03-07T12:00:00,C K Achuktu
dee799a8e58a,12.92204,77.58221,theft,2017-03-07T10:30:00,C K Achuktu
874be783fb39,12.92815,77.58127,theft,2017-06-30T15:00:00,C K Achuktu
dc5a3642f8b1,12.92204,77.58221,theft,2017-06-27T11:15:00,C K Achuktu
024aadcd5edb,12.92304,77.58214,theft,2017-06-30T14:15:00,C K Achuktu
7b95026a1a5f,12.9399,77.5836,theft,2017-04-10T20:07:00,C K Achuktu
d35a69aa3796,12.92389,77.58584,theft,2017-12-07T16:30:00,C K Achuktu
1835a6340b80,12.9273,77.57806,theft,2017-04-07T21:00:00,C K Achuktu
5730e21848dd,12.93443,77.5927,theft,2017-09-07T10:00:00,C K Achuktu
dda03585ed87,12.92802,77.581123,theft,2017-11-07T16:30:00,C K Achuktu
99ed87c4fa50,12.92239,77.58076,theft,2017-07-19T14:30:00,C K Achuktu
7518f91fc4a3,12.922417,77.585972,theft,2017-07-22T15:00:00,C K Achuktu
a37bbc3628d1,12.92204,77.582201,theft,2017-07-26T16:00:00,C K Achuktu
36eb10589be2,12.922044,77.582211,theft,2017-07-27T17:00:00,C K Achuktu
5d0869cf3120,12.922242,77.584252,theft,2017-08-17T17:00:00,C K Achuktu
84c9994f02fa,12.930231,77.586001,theft,2017-08-19T15:15:00,C K Achuktu
3f74c4ed6f36,12.922547,77.58636,theft,2017-02-08T15:35:00,C K Achuktu
8fce307925ea,12.920794,77.587563,theft,2017-08-17T09:00:00,C K Achuktu
ffd26bdd75dd,12.93047,77.57957,theft,2017-08-24T12:40:00,C K Achuktu
b6dcf827a467,12.9399,77.5835,theft,2017-08-28T14:15:00,C K Achuktu
681e4af86a1a,12.9302,77.58894,theft,2017-08-25T12:30:00,C K Achuktu
b5de510e8ff9,12.93442,77.58949,theft,2017-03-09T14:15:00,C K Achuktu
0499f6d765b9,12.928501,77.585793,theft,2017-05-09T13:30:00,C K Achuktu
b39a1b7f946f,12.92554,77.57619,theft,2017-03-09T10:00:00,C K Achuktu
d4860eb341bd,12.92204,77.58221,theft,2017-08-20T11:50:00,C K Achuktu
e2746eddda27,12.93541,77.577226,theft,2017-09-16T10:00:00,C K Achuktu
bbd9ce9a0d85,12.91802,77.58833,theft,2017-09-24T11:00:00,C K Achuktu
78a57bcd41df,12.91713,77.58361,theft,2017-03-10T19:30:00,C K Achuktu
78a4fb7ea0f9,12.92204,77.58221,theft,2017-11-10T13:30:00,C K Achuktu
b992145e68fc,12.92747,77.576196,theft,2017-10-17T11:10:00,C K Achuktu
c38aa3d678cd,12.93138,77.58565,theft,2017-10-23T19:30:00,C K Achuktu
582b9d021271,12.917511,77.5787,theft,2017-07-08T20:50:00,C K Achuktu
ed42e6d0f6eb,12.91802,77.57665,theft,2017-08-27T11:00:00,C K Achuktu
21393832e965,12.930848,77.577231,theft,2017-02-11T13:30:00,C K Achuktu
49a35534f103,12.932881,77.587767,theft,2017-10-31T13:00:00,C K Achuktu
724249bab300,12.9224,77.576465,theft,2017-03-11T11:00:00,C K Achuktu
f21c8c183125,12.946444,77.579988,theft,2017-04-11T11:00:00,C K Achuktu
1979d8b20de4,12.935338,77.58132,theft,2017-12-11T09:45:00,C K Achuktu
efbb3fd09120,12.917411,77.58366,theft,2017-11-14T09:00:00,C K Achuktu
567e5fb3a415,12.933033,77.584363,theft,2017-03-08T04:08:00,C K Achuktu
aa9efc209542,12.928208,77.58693,theft,2017-11-24T19:30:00,C K Achuktu
8a2bacad8a27,12.921813,77.580773,theft,2017-11-25T12:40:00,C K Achuktu
3a060b2b8e26,12.923265,77.58289,theft,2017-11-27T09:30:00,C K Achuktu
bdcc875793b1,12.929728,77.579147,theft,2017-11-27T10:30:00,C K Achuktu
94be518e3041,12.929033,77.583584,theft,2017-11-28T18:00:00,C K Achuktu
f294d9fc4a90,12.916792,77.586598,theft,2017-04-12T07:00:00,C K Achuktu
de420ff1f2c9,12.930758,77.582757,theft,2017-06-12T10:30:00,C K Achuktu
a9b59dba4444,12.996659,77.530421,theft,2017-12-18T16:00:00,C K Achuktu
b79f610f0127,12.92204,77.58221,theft,2017-12-22T13:00:00,C K Achuktu
cd92f9dfd5a4,12.931196,77.578691,theft,2017-12-29T23:34:00,C K Achuktu
c5d4005af91d,12.946444,77.579988,theft,2018-01-15T18:00:00,C K Achuktu
bbb296e173bf,12.921195,77.586304,theft,2018-01-16T19:00:00,C K Achuktu
200fa5b2433e,12.925461,77.584888,theft,2018-01-16T18:00:00,C K Achuktu
4a667a895bee,12.932813,77.585742,theft,2018-01-20T11:40:00,C K Achuktu
19479c1549fc,12.930925,77.583059,theft,2018-01-20T18:00:00,C K Achuktu
14a546fdb2cc,12.921772,77.589419,theft,2018-01-21T11:00:00,C K Achuktu
f42d11609ac8,12.927417,77.585359,theft,2018-01-23T12:00:00,C K Achuktu
0143df0a6884,12.930947,77.583038,theft,2018-01-24T13:00:00,C K Achuktu
978f7d7f59c7,12.936577,77.584113,theft,2018-01-31T16:00:00,C K Achuktu
ea5a7479190f,12.946444,77.579988,theft,2018-01-02T10:30:00,C K Achuktu
78b89d9f3f35,12.916312,77.583637,theft,2018-03-02T11:00:00,C K Achuktu
db67d83d0617,12.92856,77.581586,theft,2018-09-02T11:30:00,C K Achuktu
b1f3818d6db8,12.929594,77.585943,theft,2018-02-15T12:00:00,C K Achuktu
d1f4db5aac1c,12.918629,77.575662,theft,2018-02-22T13:00:00,C K Achuktu
a6837db6a68b,12.925813,77.588181,theft,2018-04-03T11:30:00,C K Achuktu
d7c1af4776a0,12.912983,77.606277,theft,2018-05-03T12:00:00,C K Achuktu
63fcfe26f490,12.925902,77.588181,theft,2018-06-03T10:40:00,C K Achuktu
9fb74ea78b5e,12.931011,77.585877,theft,2018-06-03T18:00:00,C K Achuktu
f457762dc982,12.920853,77.580239,theft,2018-07-03T19:00:00,C K Achuktu
20fb696be1bd,12.936861,77.582072,theft,2018-07-03T18:00:00,C K Achuktu
7feefc4b7521,12.91719,77.583363,theft,2018-08-03T20:00:00,C K Achuktu
14e8b75278d3,12.922614,77.585644,theft,2018-08-03T21:00:00,C K Achuktu
625725a7a220,12.928809,77.585899,theft,2018-12-03T10:30:00,C K Achuktu
8d0556d31b64,12.929533,77.580159,theft,2018-03-14T11:15:00,C K Achuktu
db82488e1548,12.924858,77.584389,theft,2018-03-15T12:00:00,C K Achuktu
263db449a70d,12.921507,77.580242,theft,2018-03-22T18:00:00,C K Achuktu
af9ab290c5fc,12.919739,77.581034,theft,2018-03-22T19:00:00,C K Achuktu
9cd8e5d56e00,12.927612,77.522561,theft,2018-03-30T20:00:00,C K Achuktu
001f0c74cfb4,12.92856,77.581586,theft,2018-03-04T18:00:00,C K Achuktu
ca54fae5ae4e,12.931847,77.584405,theft,2018-04-04T19:00:00,C K Achuktu
bfde01756ef5,12.928809,77.585899,theft,2018-04-04T20:00:00,C K Achuktu
34e79ff1e1ba,12.932946,77.583869,theft,2018-05-04T10:50:00,C K Achuktu
78a1941741a5,12.929566,77.583829,theft,2018-04-20T00:00:00,C K Achuktu
0b32285567ba,12.918945,77.586992,theft,2018-04-25T14:00:00,C K Achuktu
32ac4d1a6b80,12.930644,77.579462,theft,2018-04-26T12:00:00,C K Achuktu
15d9b2db00d8,12.919939,77.580716,theft,2018-04-26T18:00:00,C K Achuktu
ce8c4c193c22,12.928212,77.585363,theft,2018-08-05T19:00:00,C K Achuktu
dcdd80e4cad6,12.929533,77.580159,theft,2018-10-05T20:00:00,C K Achuktu
302d8215f1cc,12.929911,77.58435,theft,2018-05-21T19:00:00,C K Achuktu
7ba0aec90c5d,12.921507,77.580242,theft,2018-05-21T20:00:00,C K Achuktu
cf3af7697ca7,12.927588,77.575691,theft,2018-05-27T21:00:00,C K Achuktu
b24715c7ad22,12.929533,77.580159,theft,2018-02-06T11:00:00,C K Achuktu
bec702baa3fb,12.919267,77.576078,theft,2018-03-06T13:00:00,C K Achuktu
9345e25b176e,12.932946,77.583869,theft,2018-06-14T12:00:00,C K Achuktu
a3f52ef3f3a8,12.932946,77.583869,theft,2018-06-19T11:00:00,C K Achuktu
f254face0af5,12.921743,77.585882,theft,2018-06-24T11:45:00,C K Achuktu
7868fdc1b131,12.929686,77.580177,theft,2018-06-29T14:00:00,C K Achuktu
f16dbf668327,12.946444,77.579988,theft,2018-03-07T15:00:00,C K Achuktu
0ad08c440c78,12.911569,77.575912,theft,2018-05-07T16:00:00,C K Achuktu
a9f813881a64,12.92542,77.591849,theft,2018-05-07T20:00:00,C K Achuktu
554c5ea36ce7,12.91695,77.586775,theft,2018-07-13T11:00:00,C K Achuktu
676ed69055f8,12.920789,77.58415,theft,2018-07-20T11:30:00,C K Achuktu
72432448cee4,12.920789,77.58415,theft,2018-07-21T18:00:00,C K Achuktu
fa72ba366743,12.936137,77.619401,theft,2018-07-23T19:00:00,C K Achuktu
eb27bf696134,12.928794,77.581785,theft,2018-07-25T20:00:00,C K Achuktu
924256c4712b,12.919774,77.577703,theft,2018-07-30T21:00:00,C K Achuktu
3ff5ca933983,12.932946,77.583869,theft,2018-07-31T21:30:00,C K Achuktu
c2694458b1db,12.920789,77.58415,theft,2018-01-08T11:00:00,C K Achuktu
4a10486fe2c3,12.921572,77.580237,theft,2018-03-08T11:30:00,C K Achuktu
c8366595b5e5,12.96158,77.59678,theft,2018-05-08T12:00:00,C K Achuktu
22c023c1dd54,12.919774,77.577703,theft,2018-06-08T13:00:00,C K Achuktu
a7920c777e39,12.92594,77.583042,theft,2018-06-08T13:30:00,C K Achuktu
4c05b89a7ef3,12.923311,77.580864,theft,2018-08-08T12:00:00,C K Achuktu
80f23982d7fb,12.918756,77.578796,theft,2018-08-17T11:30:00,C K Achuktu
ac5202946d97,12.920789,77.58415,theft,2018-08-18T11:45:00,C K Achuktu
c03c5049198f,12.958838,77.573384,theft,2018-08-20T00:00:00,C K Achuktu
269f02daf953,12.931849,77.578346,theft,2018-08-21T10:40:00,C K Achuktu
0c053bf36556,12.92733,77.57398,theft,2018-08-22T11:40:00,C K Achuktu
0ed8ce454eae,12.947694,77.58011,theft,2018-08-28T00:00:00,C K Achuktu
46e80a6a3776,12.929507,77.580123,theft,2018-08-30T13:00:00,C K Achuktu
452079d16436,12.92204,77.58221,theft,2018-01-09T18:00:00,C K Achuktu
5e3cc8602ada,12.92204,77.58221,theft,2018-04-09T19:00:00,C K Achuktu
18bee05049b9,12.91802,77.58833,theft,2018-07-09T11:00:00,C K Achuktu
96aff7da6dd8,12.91802,77.58833,theft,2018-10-09T11:30:00,C K Achuktu
31c06910ced5,12.92753,77.5766,theft,2018-09-17T00:00:00,C K Achuktu
2c5667b01768,12.91802,77.58833,theft,2018-09-18T14:00:00,C K Achuktu
49713957a764,12.91802,77.588333,theft,2018-09-28T16:00:00,C K Achuktu
9eb1867d4f15,12.91691,77.5857,theft,2018-02-10T18:00:00,C K Achuktu
4d8731814098,12.88452,77.49324,theft,2018-03-10T19:30:00,C K Achuktu
3839660e98aa,12.91802,77.588333,theft,2018-05-10T20:30:00,C K Achuktu
7479b3981a8b,12.91777,77.58849,theft,2018-07-10T19:45:00,C K Achuktu
e64bc8490d7d,12.91795,77.58878,theft,2018-08-10T10:30:00,C K Achuktu
74c03e92305e,12.92546,77.58813,theft,2018-10-16T11:45:00,C K Achuktu
0b378e8d776d,12.89434,77.58244,theft,2018-10-17T20:00:00,C K Achuktu
4152a0197036,12.92367,77.58014,theft,2018-10-20T22:00:00,C K Achuktu
586b74165d73,12.92547,77.583771,theft,2018-10-24T11:00:00,C K Achuktu
310b802fb351,12.91691,77.585701,theft,2018-10-24T00:00:00,C K Achuktu
cb7fae6a0117,12.91777,77.588493,theft,2018-10-25T18:00:00,C K Achuktu
b3bb9bc75df3,12.92204,77.588221,theft,2018-10-26T19:00:00,C K Achuktu
6b39472a300f,12.9167,77.59763,theft,2018-10-27T20:00:00,C K Achuktu
727aae4c0ce8,12.92253,77.58589,theft,2018-10-11T18:00:00,C K Achuktu
1226f585df40,12.947132,77.582964,theft,2018-11-16T19:00:00,C K Achuktu
9a745c10d973,12.956458,77.573687,theft,2018-11-16T22:00:00,C K Achuktu
b501bbcdbecb,12.92209,77.58384,theft,2018-11-22T10:30:00,C K Achuktu
d59948c591eb,12.91885,77.57808,theft,2018-11-24T11:00:00,C K Achuktu
b19b060f82a7,12.92556,77.57561,theft,2018-11-27T12:00:00,C K Achuktu
5cce131a0262,12.88456,77.49395,theft,2018-11-27T18:00:00,C K Achuktu
c3c53685d982,12.91945,77.58582,theft,2018-11-29T19:00:00,C K Achuktu
70668224984b,12.928475,77.583478,theft,2018-05-12T18:00:00,C K Achuktu
79c7bf511ea2,12.95452,77.579706,theft,2018-06-12T16:00:00,C K Achuktu
fd516083d5e6,12.91945,77.58582,theft,2018-07-12T17:00:00,C K Achuktu
a5d51b4eb3c0,12.91945,77.583485,theft,2018-12-24T18:00:00,C K Achuktu
cec650c265b1,12.924585,77.587586,theft,2018-12-31T11:00:00,C K Achuktu
4f03063f462a,12.92458,77.586741,theft,2018-12-31T16:00:00,C K Achuktu
d2c86a60c7bc,12.91965,77.5924,theft,2019-01-11T08:29:00,C K Achuktu
0d73160ad0f2,12.91995,77.57607,theft,2019-01-14T16:48:00,C K Achuktu
6284a536c3dd,12.92382,77.580742,theft,2019-02-07T19:47:00,C K Achuktu
dade0f231337,12.9167,77.59763,theft,2019-02-04T21:12:00,C K Achuktu
bfdf128df8f4,12.91851,77.58122,theft,2019-02-26T18:48:00,C K Achuktu
eaf7cbb90993,12.91953,77.57458,theft,2019-03-04T03:11:00,C K Achuktu
671fdcae247c,12.9167,77.59763,theft,2019-02-28T08:18:00,C K Achuktu
5d6779e9c0e7,12.91902,77.58741,theft,2019-03-08T11:08:00,C K Achuktu
c75f4fef61a2,12.93192,77.58016,theft,2019-03-06T06:27:00,C K Achuktu
bcab6d3c0615,12.92216,77.58076,theft,2019-03-10T13:30:00,C K Achuktu
4028072f82b7,12.93192,77.58016,theft,2019-02-11T19:18:00,C K Achuktu
15f566db3372,12.93192,77.58016,theft,2019-03-15T14:15:00,C K Achuktu
3bf0472e8b6e,12.93486,77.58008,theft,2019-09-04T23:20:00,C K Achuktu
ab996fbf8c49,12.92367,77.58374,theft,2019-04-22T09:45:00,C K Achuktu
e445cf372cef,12.91802,77.588333,theft,2019-04-29T11:00:00,C K Achuktu
124fbeac69d9,12.921652,77.57928,theft,2019-12-05T11:30:00,C K Achuktu
c3960d1f500e,12.935478,77.589654,theft,2019-05-19T11:45:00,C K Achuktu
1bac6a0774e0,12.93454,77.58694,theft,2019-05-20T11:30:00,C K Achuktu
f562c54ac7cd,12.92253,77.58589,theft,2019-05-24T12:30:00,C K Achuktu
9beec9e5f384,12.932457,77.589864,theft,2019-03-06T20:00:00,C K Achuktu
38950ce2281f,12.91691,77.585701,theft,2019-03-06T09:00:00,C K Achuktu
c069d7d8a5d8,12.92253,77.58589,theft,2019-12-06T09:45:00,C K Achuktu
2e478c6e178c,12.922657,77.589563,theft,2019-06-13T21:00:00,C K Achuktu
e8336d55fcdc,12.91953,77.57458,theft,2019-06-14T09:10:00,C K Achuktu
70d065e597e4,12.949071,77.571177,theft,2019-09-14T18:00:00,C K Achuktu
59f5298313ab,12.92367,77.58374,theft,2019-06-14T19:00:00,C K Achuktu
eb47d8462f84,12.91955,77.57458,theft,2019-06-14T21:00:00,C K Achuktu
59fd1a7aa072,12.91953,77.57458,theft,2019-06-20T22:45:00,C K Achuktu
70958bc10640,12.946913,77.57819,theft,2019-04-07T17:30:00,C K Achuktu
8c4356c50873,12.91953,77.57458,theft,2019-05-07T21:00:00,C K Achuktu
0a8986305c40,12.921652,77.57928,theft,2019-12-07T16:00:00,C K Achuktu
34cca115251a,12.921652,77.57928,theft,2019-12-07T18:00:00,C K Achuktu
8e40e12a908f,12.92367,77.58374,theft,2019-07-20T18:00:00,C K Achuktu
f2adb72b6140,12.922657,77.589563,theft,2019-07-26T20:00:00,C K Achuktu
a9a5f14f6dc4,12.922657,77.589563,theft,2019-07-27T19:45:00,C K Achuktu
e1e19aad555a,12.92556,77.57561,theft,2019-08-16T10:45:00,C K Achuktu
b72568ea7025,12.92556,77.57561,theft,2019-08-23T12:00:00,C K Achuktu
051aad8adb67,12.92253,77.58589,theft,2019-08-30T00:45:00,C K Achuktu
34a7f815101d,12.91953,77.57458,theft,2019-09-09T10:00:00,C K Achuktu
a412f11f7ac6,12.922657,77.589563,theft,2019-09-16T11:00:00,C K Achuktu
b9d88e547249,12.92334,77.58484,theft,2019-09-18T11:30:00,C K Achuktu
9317897eab90,12.92253,77.58589,theft,2019-09-22T00:00:00,C K Achuktu
36f6776965c6,12.92334,77.58484,theft,2019-09-23T18:00:00,C K Achuktu
be75bd2ce8c3,12.931037,77.585842,theft,2019-09-27T12:00:00,C K Achuktu
1313251ba70b,12.922657,77.589563,theft,2019-09-10T11:00:00,C K Achuktu
409efffa3681,12.917125,77.578344,theft,2019-10-17T18:00:00,C K Achuktu
d310663e491f,12.922461,77.589557,theft,2019-10-19T19:00:00,C K Achuktu
49e8a524e76b,12.891917,77.589229,theft,2019-10-23T19:00:00,C K Achuktu
16e77f663b08,12.93744,77.56426,theft,2019-10-27T20:00:00,C K Achuktu
3addddaed1c3,12.919182,77.57765,theft,2019-05-11T16:00:00,C K Achuktu
5e82d0af045e,12.92819,77.62512,theft,2019-11-18T16:00:00,C K Achuktu
8151905e3fa1,12.92819,77.62512,theft,2019-11-19T09:45:00,C K Achuktu
a387904cbd63,12.91753,77.58358,theft,2019-11-28T11:00:00,C K Achuktu
bbff2856ee19,12.92819,77.62512,theft,2019-12-12T11:50:00,C K Achuktu
2ad027344591,12.93819,77.63512,theft,2019-12-18T15:00:00,C K Achuktu
60c6609e5dea,12.92556,77.57561,theft,2019-12-21T16:00:00,C K Achuktu
c5f3308f5548,12.92819,77.62512,theft,2019-12-31T11:00:00,C K Achuktu
6612a64ba60d,12.943392,77.572964,theft,2015-04-21T22:15:00,C K Achuktu
35cb801af061,12.948106,77.572078,theft,2015-09-07T12:52:00,C K Achuktu
6d578c2d7e2b,12.945886,77.570789,theft,2015-01-20T09:57:00,C K Achuktu
4bb52adcc182,12.945078,77.571,theft,2015-01-24T06:13:00,C K Achuktu
c32055517be4,12.944958,77.570697,theft,2015-01-28T04:34:00,C K Achuktu
e8ca80fd97e4,12.942281,77.572686,theft,2015-01-29T22:28:00,C K Achuktu
1d53bf5c7acd,12.946633,77.596525,theft,2015-01-31T10:10:00,C K Achuktu
ef4d8d619c86,12.8633,77.538744,theft,2015-02-03T17:46:00,C K Achuktu
631497de71ac,12.942831,77.580028,theft,2015-02-04T11:08:00,C K Achuktu
025df742d320,12.941025,77.578908,theft,2015-02-26T09:57:00,C K Achuktu
dffaada8b8b2,12.9478,77.579528,theft,2015-02-03T11:16:00,C K Achuktu
58343068b466,12.940306,77.575683,theft,2015-06-07T13:12:00,C K Achuktu
50e64c7fc590,12.943394,77.568031,theft,2015-08-10T08:49:00,C K Achuktu
63eee4924ef3,12.948,77.579644,theft,2015-04-30T01:04:00,C K Achuktu
4cd006523b2b,12.941264,77.576969,theft,2015-05-06T18:07:00,C K Achuktu
36818ea4b083,12.943611,77.592833,theft,2015-06-18T15:44:00,C K Achuktu
2c3fcb925349,12.940306,77.575683,theft,2015-09-07T00:21:00,C K Achuktu
dda955f67bc9,12.955636,77.583269,theft,2015-07-13T12:03:00,C K Achuktu
acee9e4094f7,12.942656,77.574361,theft,2015-07-17T03:05:00,C K Achuktu
192d8856012a,12.941186,77.568122,theft,2015-04-08T18:43:00,C K Achuktu
9aeead5f9f7e,12.945653,77.570964,theft,2015-08-18T21:38:00,C K Achuktu
6c864850f61c,12.947478,77.579586,theft,2015-08-26T09:25:00,C K Achuktu
5c88c42299e9,12.942028,77.576806,theft,2015-11-09T18:38:00,C K Achuktu
f9d01ece3c24,12.942683,77.576192,theft,2015-09-16T02:44:00,C K Achuktu
bc9b4654c13f,12.940047,77.570886,theft,2015-09-21T12:49:00,C K Achuktu
2a02e3be8a65,12.948425,77.580133,theft,2015-09-27T19:27:00,C K Achuktu
9292042a09cc,12.940614,77.575064,theft,2015-09-28T07:40:00,C K Achuktu
3c0fae7d66d2,12.942428,77.576811,theft,2015-10-26T06:00:00,C K Achuktu
81a285b23d9d,13.038047,77.525825,theft,2015-01-12T02:12:00,C K Achuktu
e06bf163dc14,12.932597,77.580658,theft,2015-02-12T16:24:00,C K Achuktu
1cc80d622455,12.946619,77.574433,theft,2015-12-18T23:32:00,C K Achuktu
c2bbb8e80f3d,12.945589,77.571256,theft,2015-12-24T05:52:00,C K Achuktu
e10731ee2914,12.944978,77.570461,theft,2015-12-29T05:57:00,C K Achuktu
0a64da67ee88,12.94121,77.583687,theft,2015-12-31T14:20:00,C K Achuktu
6eedc5024f68,12.94742,77.57992,theft,2016-01-25T15:53:00,C K Achuktu
c9948bbdb25a,12.947495,77.579916,theft,2016-01-25T20:10:00,C K Achuktu
c6baaec0d874,12.946918,77.568723,theft,2016-01-29T04:35:00,C K Achuktu
7408a038ff8d,12.946633,77.570452,theft,2016-02-02T02:18:00,C K Achuktu
03079fcd1730,12.942899,77.571827,theft,2016-04-02T19:56:00,C K Achuktu
a2f833814fc1,12.94064,77.57925,theft,2016-01-03T17:46:00,C K Achuktu
2cdcc46011e5,12.945878,77.56945,theft,2016-09-03T08:48:00,C K Achuktu
683c5c186cb3,12.945878,77.56945,theft,2016-03-28T13:14:00,C K Achuktu
082fb4da6508,12.942899,77.571827,theft,2016-02-04T00:52:00,C K Achuktu
24584aef85ce,12.944974,77.570199,theft,2016-02-04T21:53:00,C K Achuktu
623f682a39cb,12.938132,77.578803,theft,2016-04-04T02:15:00,C K Achuktu
39bc687a7012,12.940894,77.573561,theft,2016-09-04T22:56:00,C K Achuktu
c01fb6f62ede,12.947027,77.571502,theft,2016-04-14T10:11:00,C K Achuktu
c2d8dafb63f2,12.939381,77.579323,theft,2016-04-17T09:31:00,C K Achuktu
7020049bbde9,12.939057,77.574612,theft,2016-04-17T15:07:00,C K Achuktu
8f1a9443215f,12.941174,77.566726,theft,2016-04-18T05:11:00,C K Achuktu
fa8a83a5b033,12.942454,77.571236,theft,2016-04-25T23:27:00,C K Achuktu
e6b8c212c71f,12.947215,77.567889,theft,2016-04-27T20:07:00,C K Achuktu
4de90707b7f0,12.941174,77.566726,theft,2016-03-05T03:25:00,C K Achuktu
b65492e8346a,12.931058,77.575615,theft,2016-05-13T07:57:00,C K Achuktu
19852aa3425d,12.941346,77.578278,theft,2016-09-06T17:27:00,C K Achuktu
499c2751cbcb,12.947495,77.579916,theft,2016-06-14T04:40:00,C K Achuktu
d92f5b55db6e,12.943327,77.577133,theft,2016-06-16T03:26:00,C K Achuktu
f3536b08a426,12.940213,77.543031,theft,2016-06-16T21:16:00,C K Achuktu
9669560ad1af,12.943604,77.579982,theft,2016-06-17T08:32:00,C K Achuktu
63573d4afaf5,12.942117,77.575361,theft,2016-06-30T20:19:00,C K Achuktu
9e326b93d06d,12.944754,77.571937,theft,2016-07-28T12:27:00,C K Achuktu
1b524bf1888b,12.945574,77.576948,theft,2016-07-28T15:28:00,C K Achuktu
296b885e5a8e,12.940403,77.579183,theft,2016-06-08T12:45:00,C K Achuktu
131e7fd94a7f,12.944221,77.579538,theft,2016-07-08T02:05:00,C K Achuktu
8dddc396d43a,12.947743,77.56843,theft,2016-09-08T17:50:00,C K Achuktu
3e45a89f8a45,12.947116,77.568674,theft,2016-09-08T04:46:00,C K Achuktu
b1e2d5df478f,12.941165,77.580026,theft,2016-09-15T01:09:00,C K Achuktu
f8647f6f5bff,12.935381,77.573881,theft,2016-09-19T23:29:00,C K Achuktu
4028cd1b3156,12.943373,77.571147,theft,2016-09-20T17:58:00,C K Achuktu
f081e7f88397,12.94415,77.573401,theft,2016-09-23T12:04:00,C K Achuktu
5e98e2fc5d6f,12.947224,77.567886,theft,2016-09-26T22:55:00,C K Achuktu
0d42b973fe3c,12.942953,77.567891,theft,2016-09-29T00:53:00,C K Achuktu
904cea4cc634,12.946949,77.569422,theft,2016-10-16T00:17:00,C K Achuktu
3d66a372a408,12.948086,77.56924,theft,2016-10-22T14:48:00,C K Achuktu
62c574e5fcc1,12.942006,77.571192,theft,2016-11-14T10:20:00,C K Achuktu
15e23204abf4,12.939694,77.579289,theft,2016-11-17T21:58:00,C K Achuktu
0107a419710b,12.942046,77.578389,theft,2016-11-21T16:12:00,C K Achuktu
e153857f8583,12.947678,77.579754,theft,2016-11-22T00:33:00,C K Achuktu
b454745b8c94,12.93548,77.57388,theft,2016-11-24T08:34:00,C K Achuktu
f3ffa9e6be00,12.941914,77.569133,theft,2016-11-28T00:20:00,C K Achuktu
fd5096bae0f9,12.93997,77.579889,theft,2016-02-12T15:54:00,C K Achuktu
17cbd3d2fa41,12.948159,77.579222,theft,2016-03-12T05:27:00,C K Achuktu
4b912f3ba8bb,12.947835,77.579613,theft,2016-05-12T16:04:00,C K Achuktu
340044d19329,12.944288,77.570912,theft,2016-11-12T04:37:00,C K Achuktu
d1f32dbb355a,12.937848,77.578937,theft,2016-12-12T02:52:00,C K Achuktu
6183159116c4,12.940422,77.576392,theft,2016-12-13T22:36:00,C K Achuktu
a74f9927fdcf,12.94611,77.576658,theft,2016-12-21T20:36:00,C K Achuktu
c5a621ff6dbb,12.942991,77.567902,theft,2016-12-26T09:09:00,C K Achuktu
f0c258eaa4d0,12.944393,77.56877,theft,2016-12-31T18:16:00,C K Achuktu
2e311e73423a,12.941562,77.658451,theft,2017-02-21T20:13:00,C K Achuktu
54d1d283013b,12.940635,77.575073,theft,2017-02-27T08:45:00,C K Achuktu
ba096fc55307,12.942203,77.570748,theft,2017-09-03T00:50:00,C K Achuktu
5f4c1baab978,12.946698,77.579148,theft,2017-03-25T12:12:00,C K Achuktu
714a172c74ea,12.947664,77.571525,theft,2017-03-27T03:00:00,C K Achuktu
27dc9860e6e4,12.940055,77.572048,theft,2017-04-27T16:39:00,C K Achuktu
f16bb3e46f23,12.940445,77.569202,theft,2017-01-05T01:27:00,C K Achuktu
ee4e3b6d0bf1,12.94737,77.573041,theft,2017-05-15T07:38:00,C K Achuktu
54c77fbd5564,12.946601,77.572387,theft,2017-05-19T01:53:00,C K Achuktu
8dcdeacc7553,12.937585,77.578352,theft,2017-05-25T21:02:00,C K Achuktu
90591066b7c3,12.942992,77.567502,theft,2017-05-27T17:11:00,C K Achuktu
6e01edc0f154,12.942617,77.570415,theft,2017-05-30T00:53:00,C K Achuktu
5f2652c6f7de,12.948376,77.579401,theft,2017-08-06T11:04:00,C K Achuktu
683f857d555f,12.938192,77.576431,theft,2017-09-06T16:47:00,C K Achuktu
b4a208b3bb27,12.946516,77.570336,theft,2017-06-14T14:22:00,C K Achuktu
f5d2ed47518c,12.946516,77.570336,theft,2017-06-18T14:36:00,C K Achuktu
a0ec78acd10a,12.943627,77.575262,theft,2017-06-21T20:13:00,C K Achuktu
5e775341834b,12.946514,77.573232,theft,2017-06-24T01:10:00,C K Achuktu
22f9d5963ebf,12.947278,77.570628,theft,2017-03-07T18:38:00,C K Achuktu
69dfc2edf225,12.947027,77.571502,theft,2017-04-07T05:59:00,C K Achuktu
2a3de37952ca,12.944283,77.572897,theft,2017-07-17T01:37:00,C K Achuktu
1f33a1937480,12.942418,77.571427,theft,2017-07-17T17:33:00,C K Achuktu
fb1113597c92,12.947924,77.580046,theft,2017-07-24T17:29:00,C K Achuktu
f9fc60fde7b6,12.910665,77.515554,theft,2017-04-08T14:26:00,C K Achuktu
fe6681ca47d5,12.925943,77.525362,theft,2017-08-08T18:33:00,C K Achuktu
a66bfad81ca0,12.946516,77.570336,theft,2017-11-08T19:56:00,C K Achuktu
0c139ed24e26,12.938,77.578919,theft,2017-08-14T05:32:00,C K Achuktu
4d6bb2177268,12.944023,77.572868,theft,2017-08-20T23:14:00,C K Achuktu
bc4fd422205b,12.942641,77.570531,theft,2017-08-23T22:41:00,C K Achuktu
ebbdabf8e7d7,12.944307,77.572929,theft,2017-09-22T18:16:00,C K Achuktu
ba783dbc87af,12.945195,77.570237,theft,2017-04-10T04:28:00,C K Achuktu
72adb470101c,12.948717,77.574986,theft,2017-06-10T03:09:00,C K Achuktu
619e3307a06c,12.945823,77.570773,theft,2017-07-10T23:16:00,C K Achuktu
8220f44e2861,12.94195,77.571907,theft,2017-10-21T09:16:00,C K Achuktu
7947f6dc904b,12.94624,77.57939,theft,2017-10-28T19:23:00,C K Achuktu
e0fd78c25fa0,12.94747,77.57395,theft,2017-06-11T04:33:00,C K Achuktu
a3b8c7f9c16d,12.94441,77.57108,theft,2017-11-20T05:52:00,C K Achuktu
dd873279de13,12.94214,77.57775,theft,2017-11-21T01:12:00,C K Achuktu
1d3e3b668c30,12.94543,77.571323,theft,2017-04-12T10:42:00,C K Achuktu
38479e4db227,12.93735,77.566771,theft,2017-12-16T15:10:00,C K Achuktu
111c718f1d7e,12.941521,77.575532,theft,2017-12-20T18:46:00,C K Achuktu
55090d518992,12.940465,77.571994,theft,2018-01-21T22:54:00,C K Achuktu
c513f6894c9f,12.943465,77.573994,theft,2018-02-02T15:30:00,C K Achuktu
278d64d5c82e,12.948235,77.573887,theft,2018-02-02T10:53:00,C K Achuktu
9d8f8097a36c,12.922641,77.521323,theft,2018-05-02T15:07:00,C K Achuktu
3276ade94479,12.922641,77.521323,theft,2018-08-02T03:39:00,C K Achuktu
7d3bf82ffdbf,12.943673,77.573492,theft,2018-12-02T03:55:00,C K Achuktu
7fa79d619083,12.922645,77.527503,theft,2018-02-21T02:31:00,C K Achuktu
028f8be6982a,12.944745,77.571795,theft,2018-02-28T02:26:00,C K Achuktu
e0600f97228e,12.912367,77.512368,theft,2018-04-03T17:57:00,C K Achuktu
c99fbb352342,12.9484,77.57898,theft,2018-06-03T18:18:00,C K Achuktu
b7d85714f8ad,12.93078,77.573453,theft,2018-03-17T20:04:00,C K Achuktu
2e5e42484dd3,12.940098,77.571296,theft,2018-03-19T17:27:00,C K Achuktu
9881620fe259,12.944189,77.572671,theft,2018-03-20T09:21:00,C K Achuktu
e5fbbf016c7d,12.945335,77.572617,theft,2018-03-28T20:05:00,C K Achuktu
def90d0dde34,12.939442,77.579235,theft,2018-10-04T00:04:00,C K Achuktu
9f6dd221c8f0,12.946994,77.59228,theft,2018-12-04T08:11:00,C K Achuktu
654bb13a10a6,12.94212,77.57536,theft,2018-12-04T13:33:00,C K Achuktu
38ad756ded99,12.94883,77.57998,theft,2018-04-13T16:13:00,C K Achuktu
84c6e91b6107,12.94453,77.576582,theft,2018-04-23T12:26:00,Girinagar
c722563fb1f3,12.966618,77.588783,theft,2018-05-05T08:25:00,Girinagar
1087e628b3b0,12.93781,77.56373,theft,2018-05-05T14:56:00,Girinagar
531209e51f67,12.939667,77.57714,theft,2018-07-05T21:46:00,Girinagar
cc17a042a1e4,12.938525,77.580169,theft,2018-05-18T23:29:00,Girinagar
15fb7741815d,12.938525,77.580169,theft,2018-02-06T10:47:00,Girinagar
d7acdd85724f,12.947016,77.570719,theft,2018-06-20T16:25:00,Girinagar
940a52cf4a06,12.942839,77.577971,theft,2018-06-20T03:00:00,Girinagar
8d13c9f23b24,12.9466,77.57467,theft,2018-06-24T07:48:00,Girinagar
738f116e83e4,12.937753,77.56499,theft,2018-07-18T14:55:00,Girinagar
89035bd03955,12.94286,77.57239,theft,2018-07-27T21:13:00,Girinagar
6b6b0e187795,12.93824,77.57874,theft,2018-02-08T22:13:00,Girinagar
0d5856c5b03e,12.944744,77.573426,theft,2018-04-08T23:01:00,Girinagar
d188a6cb1e02,12.940459,77.547435,theft,2018-10-08T23:50:00,Girinagar
a6d7b15851a6,12.94969,77.57991,theft,2018-08-23T06:02:00,Girinagar
1256751f57fe,12.94162,77.57109,theft,2018-08-23T14:22:00,Girinagar
eae0b1bae971,12.93849,77.57692,theft,2018-04-09T13:42:00,Girinagar
a72621f0eeba,12.9468,77.5699,theft,2018-06-09T14:59:00,Girinagar
0257025e4d5c,12.928922,77.555028,theft,2018-11-09T02:50:00,Girinagar
631e51c0008b,12.94212,77.57536,theft,2018-09-14T14:24:00,Girinagar
44ea8938dcec,12.94364,77.57373,theft,2018-09-15T22:36:00,Girinagar
8f76073896f4,12.930275,77.557183,theft,2018-09-17T16:38:00,Girinagar
376ac803b0f8,12.941895,77.577913,theft,2018-09-18T21:25:00,Girinagar
80cfff149737,12.936938,77.57275,theft,2018-09-20T11:24:00,Girinagar
2fb3d93b006c,12.942114,77.577386,theft,2018-09-22T16:12:00,Girinagar
7d0323c650c7,12.937686,77.559311,theft,2018-09-27T02:40:00,Girinagar
c3647fde6f89,12.948916,77.579766,theft,2018-02-15T03:46:00,Girinagar
4203738da961,12.971404,77.578549,theft,2018-05-10T21:33:00,Girinagar
630d82dc5e82,12.939454,77.579251,theft,2018-10-14T14:07:00,Girinagar
f780f755a7a0,12.947745,77.567733,theft,2018-10-30T07:48:00,Girinagar
db3a23750820,12.935241,77.566645,theft,2018-11-11T11:18:00,Girinagar
260cd2ff3373,12.94003,77.57052,theft,2018-06-12T09:40:00,Girinagar
291715bfcc60,12.933071,77.563388,theft,2018-08-12T01:58:00,Girinagar
d95750cc24af,12.933407,77.564994,theft,2018-12-20T04:56:00,Girinagar
f14b4ead3130,12.931265,77.548638,theft,2018-12-27T05:05:00,Girinagar
eb376110f9b1,12.93781,77.56373,theft,2019-01-02T22:47:00,Girinagar
9a783e088ac9,12.974561,77.576241,theft,2019-02-20T03:29:00,Girinagar
d9134bea8033,12.946241,77.579991,theft,2019-02-21T10:29:00,Girinagar
f58c0044cb80,12.94578,77.57144,theft,2019-03-23T23:54:00,Girinagar
e14699c5b569,12.946552,77.571637,theft,2019-09-04T08:54:00,Girinagar
c4f2141e34ca,12.942401,77.571924,theft,2019-10-04T02:50:00,Girinagar
fd99779c5964,12.941848,77.579851,theft,2019-01-05T07:36:00,Girinagar
dec6a0284e5a,12.941,77.56553,theft,2019-05-17T03:23:00,Girinagar
3556e5ea42e5,12.943386,77.571188,theft,2019-05-17T05:01:00,Girinagar
4bc9e10bf5f2,12.93481,77.57184,theft,2019-05-31T19:27:00,Girinagar
60193015a03a,12.94962,77.57991,theft,2019-03-06T10:03:00,Girinagar
b1b21a6a3df5,12.927086,77.564783,theft,2019-04-06T23:37:00,Girinagar
df58a8d9a85d,12.939039,77.563938,theft,2019-11-08T18:44:00,Girinagar
c13fcee9c0bb,12.945934,77.570814,theft,2019-06-14T11:04:00,Girinagar
91af811cc662,12.930361,77.55274,theft,2019-06-26T18:19:00,Girinagar
effa3b56bc46,12.936137,77.551238,theft,2019-07-13T14:00:00,Girinagar
42f7bcb90a57,12.937597,77.573843,theft,2019-07-20T13:37:00,Girinagar
4d45635cd4e1,12.931645,77.567136,theft,2019-05-11T03:12:00,Girinagar
edf2a971cfa2,12.936433,77.56611,theft,2019-05-08T10:02:00,Girinagar
3d7b6e4b8181,12.927925,77.552979,theft,2019-08-29T09:04:00,Girinagar
cc76290b4940,12.931291,77.567242,theft,2019-03-09T22:09:00,Girinagar
aae775ff47d7,12.944828,77.552716,theft,2019-06-09T01:19:00,Girinagar
208d654e21e0,12.94598,77.57058,theft,2019-10-09T00:36:00,Girinagar
5d76fa9192e3,12.92704,77.548914,theft,2019-12-09T14:23:00,Girinagar
a3246498aae2,12.94561,77.57034,theft,2019-10-16T05:54:00,Girinagar
ccfd2e11432f,12.895621,77.659851,theft,2019-10-21T02:29:00,Girinagar
8f4f47c396a3,12.928914,77.562484,theft,2019-10-30T11:49:00,Girinagar
21e01cd258a5,12.94588,77.57526,theft,2019-10-31T13:52:00,Girinagar
77ebb186764a,12.92967,77.57649,theft,2019-05-11T23:10:00,Girinagar
21c4d5c070bb,12.945595,77.5687,theft,2019-11-20T08:33:00,Girinagar
61118d611733,12.930256,77.547986,theft,2019-11-23T07:21:00,Girinagar
891e9a2c5ca1,12.940919,77.573481,theft,2019-11-28T07:10:00,Girinagar
8e4cb100980d,12.940631,77.577855,theft,2019-11-29T08:36:00,Girinagar
9687fe9dbd0e,12.93982,77.7757,theft,2019-12-18T13:59:00,Girinagar
85d979a46210,12.92994,77.549793,theft,2019-12-18T04:18:00,Girinagar
0f0e60586ac2,12.94629,77.58006,theft,2019-12-20T13:25:00,Girinagar
2292f6d3f583,12.915537,77.555836,theft,2015-03-01T13:15:00,Girinagar
5efafd9a59c8,12.915537,77.555836,theft,2015-12-01T14:10:00,Girinagar
7b976f3868a9,12.911595,77.584925,theft,2015-01-13T17:20:00,Girinagar
cdea607d80d7,12.879478,77.548839,theft,2015-01-15T14:20:00,Girinagar
14c0e062f942,12.90167,77.585968,theft,2015-01-16T11:00:00,Girinagar
f24a5d8e2693,12.917157,77.581182,theft,2015-01-16T15:15:00,Girinagar
dddd74175932,12.916672,77.5892,theft,2015-01-17T14:15:00,Girinagar
9f154f401b21,12.916698,77.582634,theft,2015-01-19T13:10:00,Girinagar
75bc72a74044,12.878408,77.557207,theft,2015-01-20T16:00:00,Girinagar
6140ed313690,12.931378,77.622585,theft,2015-01-28T12:10:00,Girinagar
80391b1ce82e,12.931424,77.607264,theft,2015-01-31T14:20:00,Girinagar
d727ebcbe50e,12.903466,77.579759,theft,2015-03-02T21:50:00,Girinagar
34afc3c32d98,12.895319,77.578961,theft,2015-06-02T17:45:00,Girinagar
a9e0b60f16e2,12.89533,77.578961,theft,2015-09-02T18:15:00,Girinagar
0976bc4bfbe2,12.914314,77.597372,theft,2015-10-02T19:15:00,Girinagar
0e941832b587,12.914478,77.52952,theft,2015-12-02T10:30:00,Girinagar
799fd6dc9656,12.914794,77.529519,theft,2015-02-16T13:15:00,Girinagar
aed38ec2ec95,12.897856,77.594431,theft,2015-02-16T14:00:00,Girinagar
af387e57b9a8,12.910857,77.576432,theft,2015-02-18T13:50:00,Girinagar
aa810b5071ab,12.915934,77.583454,theft,2015-02-20T00:00:00,Girinagar
3a79d4a656b6,12.915981,77.568133,theft,2015-02-24T15:15:00,Girinagar
b071884d261e,12.893427,77.563878,theft,2015-02-24T19:30:00,Girinagar
8ee745c968a3,12.906216,77.595437,theft,2015-02-25T17:40:00,Girinagar
820de0362402,12.901467,77.588939,theft,2015-02-28T13:00:00,Girinagar
80c2c9dbc1a9,12.911915,77.597496,theft,2015-03-03T21:50:00,Girinagar
201abe73a336,12.899822,77.566361,theft,2015-04-03T12:20:00,Girinagar
92b0b4cdf783,12.915896,77.597394,theft,2015-06-03T16:00:00,Girinagar
5d64e5990474,12.899999,77.585092,theft,2015-03-14T12:00:00,Girinagar
504d1a84a847,12.911205,77.593516,theft,2015-03-25T12:30:00,Girinagar
624fa17b6e4f,12.904308,77.578341,theft,2015-03-26T07:15:00,Girinagar
ba82bd257656,12.916582,77.595088,theft,2015-03-26T17:00:00,Girinagar
6b63e160a49a,12.923099,77.578691,theft,2015-03-26T21:30:00,Girinagar
1fb0bcf8c216,12.910639,77.579241,theft,2015-03-28T15:00:00,Girinagar
29e6a5b9c661,12.910838,77.52671,theft,2015-03-30T17:45:00,Girinagar
b94d035e11cd,12.912451,77.576463,theft,2015-03-31T10:45:00,Girinagar
e296b48073ce,12.905329,77.593789,theft,2015-01-04T12:00:00,Girinagar
637639aaa421,12.907725,77.597832,theft,2015-06-04T16:00:00,Girinagar
f8f980b3ecd1,12.907751,77.591266,theft,2015-09-04T19:00:00,Girinagar
02e29c537ba6,12.90807,77.459932,theft,2015-04-15T11:50:00,Girinagar
a1adf1c70107,12.90777,77.581561,theft,2015-04-17T19:15:00,Girinagar
1c3c86cc268c,12.995885,77.517197,theft,2015-04-21T19:30:00,Girinagar
d63e5f62eabe,12.909315,77.573174,theft,2015-04-21T22:10:00,Girinagar
85a530a0f854,12.891178,77.579489,theft,2015-04-24T21:30:00,Girinagar
29fcc0b9093c,12.91369,77.583736,theft,2015-04-27T10:10:00,Girinagar
17bf5fe5a69d,12.907239,77.571379,theft,2015-04-28T10:30:00,Girinagar
f16a7715d864,12.918357,77.602808,theft,2015-04-28T23:15:00,Girinagar
e45baaa6ff50,12.895096,77.585298,theft,2015-04-29T11:15:00,Girinagar
6d65cea6a0b4,12.895122,77.578732,theft,2015-01-05T18:10:00,Girinagar
949e1404e6f7,12.903179,77.584908,theft,2015-01-05T19:00:00,Girinagar
34bcdc88a8bd,12.900802,77.581647,theft,2015-02-05T10:15:00,Girinagar
7d427254a087,12.900828,77.575081,theft,2015-08-05T18:05:00,Girinagar
c2361c9e17d6,12.90776,77.576042,theft,2015-05-13T11:00:00,Girinagar
fb9251542a17,12.907786,77.569476,theft,2015-05-16T13:10:00,Girinagar
d28f73fa8b6e,12.89145,77.565603,theft,2015-05-17T12:00:00,Girinagar
7a9359477c7e,12.913336,77.582495,theft,2015-05-17T16:30:00,Girinagar
2b845fa50539,12.90909,77.584233,theft,2015-05-18T18:15:00,Girinagar
0eef17ff1b9d,12.861,77.579834,theft,2015-05-25T14:10:00,Girinagar
9c14b7e294ce,12.905573,77.57374,theft,2015-05-27T11:00:00,Girinagar
1f463cb914d6,12.904338,77.580535,theft,2015-05-28T10:15:00,Girinagar
3085892388ab,12.904338,77.580535,theft,2015-05-29T11:15:00,Girinagar
4c23185f30af,12.908906,77.597803,theft,2015-05-29T17:30:00,Girinagar
830cbad155b9,12.880765,77.549971,theft,2015-05-06T11:30:00,Girinagar
075912bc6e88,12.891873,77.576063,theft,2015-06-06T15:30:00,Girinagar
0b916ad2a37a,12.905356,77.577754,theft,2015-07-06T10:30:00,Girinagar
4ee77c316c5a,12.892962,77.575637,theft,2015-07-06T12:10:00,Girinagar
15b3337b32b2,12.90602,77.582052,theft,2015-09-06T13:00:00,Girinagar
5b9f22a4b778,12.906106,77.549221,theft,2015-06-17T17:00:00,Girinagar
a2813d7a675f,12.894285,77.581303,theft,2015-06-19T13:00:00,Girinagar
d64785ccc14e,12.908525,77.579662,theft,2015-06-19T14:30:00,Girinagar
d8d18199c270,12.916478,77.590186,theft,2015-06-19T22:10:00,Girinagar
ed43f57b7573,12.911943,77.574959,theft,2015-06-22T10:30:00,Girinagar
c3625e70937d,12.912271,77.585591,theft,2015-06-22T12:00:00,Girinagar
0133ee55dfb2,12.902935,77.570892,theft,2015-06-27T21:35:00,Girinagar
4b9735999350,12.963753,77.516883,theft,2015-06-29T16:15:00,Girinagar
6a60c0a20410,12.896917,77.5941,theft,2015-01-07T12:30:00,Girinagar
063364a3b046,12.897296,77.489031,theft,2015-09-07T10:40:00,Girinagar
363ae69ed52a,12.908829,77.590309,theft,2015-10-07T15:10:00,Girinagar
f69386e93300,12.88961,77.579927,theft,2015-11-07T10:30:00,Girinagar
274301d74a5e,12.911662,77.571418,theft,2015-07-16T21:30:00,Girinagar
91d575c8a0b2,12.904277,77.586008,theft,2015-07-24T14:10:00,Girinagar
0ae6306b6f78,12.905642,77.587171,theft,2015-07-26T12:20:00,Girinagar
a18434926318,12.908332,77.588317,theft,2015-07-28T10:10:00,Girinagar
49a692c14237,12.891874,77.572268,theft,2015-04-08T21:00:00,Girinagar
d1b2cf6a33bd,12.914701,77.59017,theft,2015-05-08T11:00:00,Girinagar
587e19cb0863,12.916429,77.592821,theft,2015-06-08T16:30:00,Girinagar
5a92a0a32704,12.912296,77.587127,theft,2015-07-08T15:30:00,Girinagar
b71e5a98f96e,12.911775,77.597842,theft,2015-09-08T11:45:00,Girinagar
7d6453688e2a,12.906553,77.584037,theft,2015-08-15T12:00:00,Girinagar
a433f60df8c5,12.918851,77.592011,theft,2015-08-19T16:20:00,Girinagar
74a498bd3868,12.960757,77.504543,theft,2015-08-20T12:10:00,Girinagar
a8f6c2035ea5,12.922611,77.55046,theft,2015-08-23T08:25:00,Girinagar
c75ce17f853a,12.90796,77.579601,theft,2015-08-26T11:30:00,Girinagar
60c98d26e8b2,12.912337,77.575389,theft,2015-08-26T15:00:00,Girinagar
f584e9dad21a,12.907067,77.582486,theft,2015-08-28T12:00:00,Girinagar
f5784b7fbcd4,12.910396,77.588194,theft,2015-03-09T14:35:00,Girinagar
6698f6c9e238,12.904752,77.585926,theft,2015-08-09T12:20:00,Girinagar
b0a6fa2f8a6c,12.911313,77.577844,theft,2015-08-09T19:20:00,Girinagar
2a730fa29677,12.901661,77.591716,theft,2015-09-09T19:00:00,Girinagar
eb60d51c08dd,12.910227,77.573465,theft,2015-11-09T10:15:00,Girinagar
b8cbde127307,12.909527,77.572472,theft,2015-11-09T16:15:00,Girinagar
bca8faceb8a1,12.889779,77.54304,theft,2015-12-09T23:20:00,Girinagar
381c07a30464,12.898684,77.570147,theft,2015-09-16T11:30:00,Girinagar
0f9f4b95ea46,12.911405,77.580648,theft,2015-09-16T19:00:00,Girinagar
b99685a2221b,12.916317,77.581448,theft,2015-09-18T18:30:00,Girinagar
862aafa8e1bb,12.912093,77.577653,theft,2015-01-10T14:40:00,Girinagar
5e91d61d9c52,12.911286,77.590284,theft,2015-02-10T16:30:00,Girinagar
8c662a823666,12.918213,77.587499,theft,2015-05-10T11:30:00,Girinagar
98f08e3bf509,12.901592,77.583069,theft,2015-05-10T23:00:00,Girinagar
8e484db184ad,12.906374,77.594502,theft,2015-07-10T11:55:00,Girinagar
62e08921bfe8,12.901285,77.586504,theft,2015-09-10T12:15:00,Girinagar
fb25f1edbc35,12.908051,77.575875,theft,2015-10-10T11:00:00,Girinagar
3efaf9b2fe5b,12.912554,77.578243,theft,2015-11-10T11:30:00,Girinagar
5dab7947cf79,12.896995,77.569931,theft,2015-12-10T09:30:00,Girinagar
5e15c619c3cc,12.916478,77.590186,theft,2015-12-10T11:00:00,Girinagar
be9d912d546a,12.911867,77.572382,theft,2015-10-16T18:10:00,Girinagar
3df27fab7c5e,12.91182,77.587703,theft,2015-10-20T14:30:00,Girinagar
04afe0e6d717,12.891671,77.512174,theft,2015-10-22T09:45:00,Girinagar
9f0b19571ae6,12.908483,77.586499,theft,2015-10-27T12:15:00,Girinagar
a052f936a1ae,12.911579,77.579091,theft,2015-10-27T17:30:00,Girinagar
d89402bb7f95,12.910515,77.579678,theft,2015-10-27T19:45:00,Girinagar
ec488dfa7ae9,12.91338,77.587512,theft,2015-10-30T11:30:00,Girinagar
4c390f0ea2c6,12.901078,77.586991,theft,2015-06-11T11:00:00,Girinagar
37b1a1e03f12,12.914827,77.586218,theft,2015-06-11T15:45:00,Girinagar
107f13250d31,12.914817,77.586218,theft,2015-08-11T08:45:00,Girinagar
e7fa3dcd3239,12.905482,77.583676,theft,2015-11-11T10:30:00,Girinagar
4714116a7046,12.895349,77.582656,theft,2015-11-17T18:10:00,Girinagar
60c5e9aabf1e,12.900991,77.585852,theft,2015-11-21T10:35:00,Girinagar
30ecc9185f80,12.905213,77.586097,theft,2015-11-21T12:15:00,Girinagar
0cbc3622d1ab,12.906782,77.582072,theft,2015-11-24T16:30:00,Girinagar
73deaf8f58f9,12.906756,77.588638,theft,2015-11-30T19:35:00,Girinagar
c4cd7fcd8f39,12.898687,77.570918,theft,2015-02-12T13:15:00,Girinagar
f59eb16cf97a,12.914057,77.592223,theft,2015-03-12T11:40:00,Girinagar
f927e63e54b6,12.909432,77.570654,theft,2015-03-12T20:25:00,Girinagar
d3af6c2256c1,12.91504,77.584868,theft,2015-08-12T12:10:00,Girinagar
5511b5a0683c,12.904056,77.580788,theft,2015-09-12T16:10:00,Girinagar
8591cd54a033,12.921753,77.58257,theft,2015-12-13T10:15:00,Girinagar
151746070650,12.903639,77.580681,theft,2015-12-15T19:05:00,Girinagar
1741a451d2c4,12.943349,77.552602,theft,2015-12-16T16:05:00,Girinagar
21dd776dfa01,12.907099,77.585473,theft,2015-12-22T20:00:00,Girinagar
bbff4ec46ec6,12.914391,77.596598,theft,2015-12-24T11:10:00,Girinagar
a710de4db85a,12.901115,77.586098,theft,2015-12-24T12:00:00,Girinagar
5b3f32a1b7fc,12.90505,77.573251,theft,2015-12-24T12:40:00,Girinagar
00b9f8c40045,12.895343,77.579681,theft,2015-12-25T17:15:00,Girinagar
8592ae898016,12.937591,77.559383,theft,2015-08-07T07:13:00,Girinagar
ce83a81351f9,12.90879,77.571805,theft,2016-04-01T15:15:00,Girinagar
419fb6f339d7,12.909517,77.591006,theft,2016-04-01T16:30:00,Girinagar
826c10e1bb22,12.905745,77.587194,theft,2016-06-01T12:15:00,Girinagar
d3356acb8bea,12.898985,77.571547,theft,2016-06-01T15:30:00,Girinagar
29a911af99c8,12.943201,77.558294,theft,2016-09-01T10:15:00,Girinagar
c097fa6bafee,12.903296,77.579528,theft,2016-12-01T11:15:00,Girinagar
0e4d28b49c72,12.900191,77.583422,theft,2016-12-01T13:30:00,Girinagar
bea7f6fef75f,12.916478,77.590186,theft,2016-01-13T16:30:00,Girinagar
2044e76c9e5d,12.905492,77.578147,theft,2016-01-16T12:00:00,Girinagar
22bece402d52,12.913505,77.574403,theft,2016-01-18T08:40:00,Girinagar
812f72d67d8c,12.936717,77.554868,theft,2016-01-18T13:30:00,Girinagar
bb733c1cdb6c,12.910396,77.588194,theft,2016-01-20T12:15:00,Girinagar
28d55ac3ca3e,12.906494,77.586014,theft,2016-01-20T13:00:00,Girinagar
c2d21d2f777b,12.907181,77.590319,theft,2016-01-22T09:15:00,Girinagar
f5f7b0acd495,12.914314,77.597372,theft,2016-01-22T20:15:00,Girinagar
6799ec91fabc,12.903552,77.580912,theft,2016-01-25T14:30:00,Girinagar
e11a114ac40e,12.902392,77.589638,theft,2016-01-27T17:30:00,Girinagar
71c9f0782780,12.908039,77.574569,theft,2016-01-28T11:10:00,Girinagar
5179b196cdf6,12.91337,77.594738,theft,2016-01-29T12:05:00,Girinagar
45b2955fd2e6,12.911782,77.595789,theft,2016-01-29T12:45:00,Girinagar
8cc0ad8efc53,12.915622,77.584412,theft,2016-01-29T13:20:00,Girinagar
a32884718a21,12.907802,77.576568,theft,2016-01-29T21:35:00,Girinagar
95119ca91c9f,12.912382,77.574645,theft,2016-01-29T21:50:00,Girinagar
9f28ef5fe5a2,12.906501,77.597869,theft,2016-01-30T13:00:00,Girinagar
0a7a947b7039,12.906527,77.591303,theft,2016-01-30T20:25:00,Girinagar
26fa25d13f3e,12.94568,77.614599,theft,2016-08-02T08:45:00,Girinagar
d4bd96ba3ff8,12.911058,77.585128,theft,2016-08-02T13:41:00,Girinagar
980b9931b5d1,12.908525,77.579662,theft,2016-09-02T15:00:00,Girinagar
3bf34e70786a,12.898822,77.577006,theft,2016-09-02T17:15:00,Girinagar
c609dca37c16,12.916478,77.590186,theft,2016-02-15T18:30:00,Girinagar
1847b9e53048,12.916525,77.574865,theft,2016-02-17T20:05:00,Girinagar
546255b484e3,12.907022,77.594876,theft,2016-02-23T14:40:00,Girinagar
e33ad3d0a62d,12.898284,77.568984,theft,2016-02-23T14:40:00,Girinagar
f8306922520d,12.904288,77.588453,theft,2016-02-24T16:45:00,Girinagar
eb2df45fa496,12.904334,77.573132,theft,2016-02-28T11:40:00,Girinagar
d9d6d2fa5bc4,12.909921,77.58626,theft,2016-02-03T20:45:00,Girinagar
59293a56d46b,12.910891,77.576673,theft,2016-04-03T16:10:00,Girinagar
4bda0120db8e,12.902064,77.571239,theft,2016-01-25T16:32:00,Girinagar
f6fdc0f8f64c,12.914708,77.591969,theft,2016-10-03T11:30:00,Girinagar
a3bb3eb5cdf9,12.897165,77.569723,theft,2016-03-14T18:45:00,Girinagar
93da4db152cd,12.894976,77.579144,theft,2016-03-18T12:05:00,Girinagar
ab7ca10ae135,12.973749,77.539698,theft,2016-03-19T16:40:00,Girinagar
fbbd169457b7,12.973749,77.53742,theft,2016-03-19T20:15:00,Girinagar
67114d93191b,12.890443,77.56521,theft,2016-03-22T12:00:00,Girinagar
74d7d26319b2,12.916672,77.5892,theft,2016-03-24T17:40:00,Girinagar
80a2bc999a9d,12.923911,77.599978,theft,2016-03-25T11:45:00,Girinagar
0e5c443829d5,12.905004,77.587478,theft,2016-03-28T11:20:00,Girinagar
9122d830ffe2,12.904945,77.578138,theft,2016-02-04T13:10:00,Girinagar
e0abe93f22b7,12.8966,77.558537,theft,2016-03-04T12:00:00,Girinagar
82fe0a6fa71d,12.922112,77.5837,theft,2016-04-04T20:25:00,Girinagar
c6a098cce558,12.911988,77.581272,theft,2016-06-04T21:10:00,Girinagar
f7aecec6a92a,12.898903,77.586448,theft,2016-11-04T19:35:00,Girinagar
e0288e368038,12.934045,77.556589,theft,2016-04-18T23:15:00,Girinagar
3eaa52583696,12.91241,77.587063,theft,2016-04-20T17:15:00,Girinagar
da43bcdcea00,12.905004,77.587478,theft,2016-04-21T12:45:00,Girinagar
031d4d8a182e,12.911703,77.591605,theft,2016-04-24T10:40:00,Girinagar
78e17cddd492,12.906213,77.595942,theft,2016-04-26T21:30:00,Girinagar
9417419a70c1,12.880765,77.549971,theft,2016-04-29T17:10:00,Girinagar
676accdf8541,12.880848,77.549971,theft,2016-04-30T20:15:00,Girinagar
f0f801b7ed14,12.910892,77.576662,theft,2016-06-05T13:30:00,Girinagar
d94e2818ee6d,12.908022,77.576414,theft,2016-06-05T17:30:00,Girinagar
3ddfd6a6c048,12.900138,77.58333,theft,2016-09-05T21:05:00,Girinagar
231d7433529f,12.912484,77.591035,theft,2016-05-13T15:30:00,Girinagar
97aa58b87d9c,12.909148,77.574865,theft,2016-05-13T21:30:00,Girinagar
e1078dd38842,12.912987,77.5805,theft,2016-05-19T11:35:00,Girinagar
9d574c2e45cb,12.910465,77.589074,theft,2016-05-24T13:45:00,Girinagar
700d125e4702,12.916497,77.593928,theft,2016-05-25T20:15:00,Girinagar
8ca6e34d02c8,12.910415,77.583716,theft,2016-05-30T20:10:00,Girinagar
927179fe4067,12.910415,77.583716,theft,2016-05-30T20:25:00,Girinagar
0737ae9ffe6d,12.892287,77.577314,theft,2016-05-31T21:00:00,Girinagar
51b4c1543ed2,12.887985,77.592773,theft,2016-01-06T08:15:00,Girinagar
9a1f93f7d19a,12.908491,77.572839,theft,2016-02-06T15:30:00,Girinagar
b00b6c29f78e,12.897694,77.580906,theft,2016-03-06T19:30:00,Girinagar
d678b6b2f6e4,12.912093,77.577653,theft,2016-06-06T18:30:00,Girinagar
c2da81497c99,12.91135,77.575226,theft,2016-08-06T20:15:00,Girinagar
7ce5f53459e4,12.928191,77.55099,theft,2016-09-06T10:30:00,Girinagar
b509d0a9ec56,12.897315,77.567224,theft,2016-06-14T11:45:00,Girinagar
36b11b016d7b,12.914141,77.583407,theft,2016-06-16T10:15:00,Girinagar
ff3f82bd91ff,12.898684,77.570347,theft,2016-06-17T20:00:00,Girinagar
82a851f00f8d,12.892188,77.596385,theft,2016-06-21T16:00:00,Girinagar
56753f7fddcb,12.915815,77.593041,theft,2016-06-22T12:15:00,Girinagar
616597510114,12.905667,77.589289,theft,2016-06-23T14:30:00,Girinagar
240d33b7aecd,12.910647,77.573104,theft,2016-06-28T20:05:00,Girinagar
7bbd613a3465,12.908867,77.595087,theft,2016-06-29T15:35:00,Girinagar
48b7dc360e89,12.907775,77.57515,theft,2016-01-07T20:05:00,Girinagar
342f5498e9d0,12.907786,77.57515,theft,2016-08-07T17:00:00,Girinagar
ff5f5204b65a,12.925108,77.598819,theft,2016-09-07T16:35:00,Girinagar
29624a2a4a65,12.913452,77.588393,theft,2016-09-07T17:45:00,Girinagar
28119e4a3d19,12.913475,77.580733,theft,2016-11-07T11:20:00,Girinagar
58a784cfdb6f,12.910993,77.577546,theft,2016-11-07T16:00:00,Girinagar
a149820f52f5,12.910592,77.578855,theft,2016-07-13T11:00:00,Girinagar
eadf4f31a9d1,12.899596,77.569961,theft,2016-07-14T16:45:00,Girinagar
1d53a293f85f,12.908051,77.575875,theft,2016-07-15T20:00:00,Girinagar
72dbb8184039,12.907695,77.571793,theft,2016-07-16T11:15:00,Girinagar
05d304900d5f,12.906999,77.572037,theft,2016-07-16T20:10:00,Girinagar
4a56cbf33bba,12.911661,77.586052,theft,2016-07-19T16:00:00,Girinagar
2177b154b4a2,12.905921,77.595293,theft,2016-07-26T18:10:00,Girinagar
171d88dd9b84,12.906785,77.577072,theft,2016-07-28T17:50:00,Girinagar
265c7c758b3c,12.912104,77.573355,theft,2016-07-28T19:15:00,Girinagar
a39cfc2d8c3f,12.905118,77.589565,theft,2016-03-08T07:00:00,Girinagar
c95cb1952cb0,12.91038,77.572585,theft,2016-04-08T08:15:00,Girinagar
ce424672f2bf,12.905732,77.587437,theft,2016-04-08T17:00:00,Girinagar
cb447e40b3b4,12.91161,77.590903,theft,2016-05-08T10:30:00,Girinagar
3ce741a59ccb,12.909921,77.58626,theft,2016-07-08T11:00:00,Girinagar
d4638fb22b67,12.909947,77.579694,theft,2016-08-08T11:45:00,Girinagar
7254dc8bb6a1,12.908504,77.592797,theft,2016-08-13T19:00:00,Girinagar
d14448340748,12.912936,77.576553,theft,2016-08-13T19:30:00,Girinagar
fde1c7681b8c,12.92033,77.581445,theft,2016-08-13T20:45:00,Girinagar
118e393805ba,12.920376,77.566124,theft,2016-08-13T21:00:00,Girinagar
c1f0b8d3b97f,12.939672,77.505063,theft,2016-08-13T21:30:00,Girinagar
a1ceff2a97d4,12.898341,77.586778,theft,2016-08-16T16:00:00,Girinagar
7e15822abb01,12.9054,77.583681,theft,2016-08-18T11:30:00,Girinagar
9c7d548ff5ed,12.915194,77.592736,theft,2016-08-20T18:50:00,Girinagar
84fc7c304bb9,12.915281,77.559905,theft,2016-08-21T17:15:00,Girinagar
c781067bacb1,12.90845,77.574202,theft,2016-08-22T23:10:00,Girinagar
3ac1a1209b6d,12.91135,77.575226,theft,2016-08-25T17:30:00,Girinagar
f9ddd363b66b,12.897778,77.57052,theft,2016-08-25T20:15:00,Girinagar
c6d53e1175ad,12.912634,77.580318,theft,2016-08-30T17:30:00,Girinagar
5f1044117cfe,12.898684,77.570147,theft,2016-01-09T18:30:00,Girinagar
131c1f6f8790,12.898728,77.553731,theft,2016-01-09T19:20:00,Girinagar
2b04a9bc17fa,12.921753,77.58257,theft,2016-01-09T19:30:00,Girinagar
9b050f1ff317,12.913698,77.575593,theft,2016-02-09T22:45:00,Girinagar
5f83c1d9fd21,12.912934,77.585272,theft,2016-03-09T19:00:00,Girinagar
e8bed6158c58,12.910934,77.576891,theft,2016-06-09T21:30:00,Girinagar
e84947359466,12.905966,77.579436,theft,2016-07-09T18:20:00,Girinagar
87c5a74b6e8b,12.894621,77.572659,theft,2016-08-09T14:30:00,Girinagar
5e09db3dfa36,12.90693,77.583946,theft,2016-10-09T13:35:00,Girinagar
51e23bdc972f,12.904983,77.596497,theft,2016-10-09T18:20:00,Girinagar
594933eff5f1,12.908819,77.591179,theft,2016-10-09T19:30:00,Girinagar
23f0fd9c7a89,12.882301,77.64213,theft,2016-11-09T13:30:00,Girinagar
4742d0d8d5a5,12.905573,77.57374,theft,2016-09-16T15:40:00,Girinagar
6cec3b9751ef,12.909149,77.574918,theft,2016-09-22T16:30:00,Girinagar
694296ad4607,12.906181,77.576152,theft,2016-09-22T20:15:00,Girinagar
09ad2e2d9307,12.899463,77.587908,theft,2016-09-27T13:20:00,Girinagar
e09cdcae00c0,12.894927,77.579792,theft,2016-09-27T19:45:00,Girinagar
ded78c4cdf8c,12.920456,77.59274,theft,2016-09-29T08:15:00,Girinagar
4571ab94067d,12.907227,77.585028,theft,2016-05-10T17:15:00,Girinagar
8e8acab36b7c,12.91647,77.589263,theft,2016-07-10T16:00:00,Girinagar
39c352edf5ef,12.904831,77.591155,theft,2016-08-10T09:00:00,Girinagar
2b74a60eea45,12.911368,77.596024,theft,2016-08-10T14:30:00,Girinagar
3d6c680cdaeb,12.901991,77.570278,theft,2016-10-13T21:00:00,Girinagar
5df6688205e4,12.936772,77.554734,theft,2016-10-15T11:00:00,Girinagar
56adf5c15fc7,12.903268,77.581384,theft,2016-10-15T15:00:00,Girinagar
1711be1a9b05,12.910837,77.573586,theft,2016-10-15T20:15:00,Girinagar
329213664940,12.905516,77.57742,theft,2016-10-16T08:40:00,Girinagar
e351780ee994,12.865686,77.519099,theft,2016-10-16T09:15:00,Girinagar
1643dd870276,12.884386,77.561257,theft,2016-10-16T10:15:00,Girinagar
49a012640808,12.906408,77.583681,theft,2016-10-17T08:00:00,Girinagar
30ad68aac8cb,12.906495,77.55085,theft,2016-10-17T14:05:00,Girinagar
55f054278775,12.912501,77.572692,theft,2016-10-18T17:10:00,Girinagar
42d23d9561b2,12.898684,77.570855,theft,2016-10-19T14:45:00,Girinagar
e32e10285dce,12.958393,77.613315,theft,2016-10-19T16:15:00,Girinagar
128b8b7bfabe,12.911997,77.580521,theft,2016-10-24T11:15:00,Girinagar
17bfd0cc2cd9,12.892958,77.564101,theft,2016-01-11T10:30:00,Girinagar
4c4e0d0916c3,12.905697,77.576171,theft,2016-02-11T12:45:00,Girinagar
2bf20dad712e,12.915444,77.584315,theft,2016-04-11T13:15:00,Girinagar
70f1b47f73c8,12.915583,77.589226,theft,2016-05-11T16:45:00,Girinagar
8f217e87fc94,12.910612,77.59118,theft,2016-05-11T22:45:00,Girinagar
6d9c759a057f,12.91089,77.576682,theft,2016-09-11T12:30:00,Girinagar
9e5dc081ad1b,12.910937,77.561361,theft,2016-09-11T15:10:00,Girinagar
b8633735b06b,12.907169,77.573989,theft,2016-12-11T10:40:00,Girinagar
1ffba17dacf6,12.906723,77.57351,theft,2016-12-11T12:30:00,Girinagar
6e9cd179fa71,12.911499,77.581973,theft,2016-12-11T15:10:00,Girinagar
f612f724918a,12.90878,77.571805,theft,2016-11-14T11:45:00,Girinagar
03b519a4ab19,12.894186,77.581278,theft,2016-11-14T21:30:00,Girinagar
76d2a31a5b26,12.904567,77.583552,theft,2016-11-15T13:30:00,Girinagar
067a75475456,12.905353,77.590319,theft,2016-11-19T13:50:00,Girinagar
c64287fa5644,12.932988,77.560262,theft,2016-11-19T15:20:00,Girinagar
4abe87585f45,12.910629,77.573946,theft,2016-11-22T10:30:00,Girinagar
75f14b45bbdc,12.906024,77.597062,theft,2016-11-23T13:30:00,Girinagar
1d6d5ec8e019,12.892462,77.595507,theft,2016-11-23T20:00:00,Girinagar
8273c00a7ebb,12.911715,77.591301,theft,2016-11-26T22:05:00,Girinagar
4747bf293c34,12.905579,77.575269,theft,2016-11-28T14:45:00,Girinagar
1cc044d6e687,12.909285,77.58872,theft,2016-11-28T15:30:00,Girinagar
3d5b17ff4b17,12.901754,77.570835,theft,2016-02-12T11:15:00,Girinagar
1180bd02f8c4,12.892907,77.581611,theft,2016-02-12T12:54:00,Girinagar
ab1699127ad2,12.905702,77.58836,theft,2016-05-12T12:35:00,Girinagar
a72ba423b3c5,12.902728,77.574958,theft,2016-05-12T13:05:00,Girinagar
543c5550e02d,12.898694,77.576426,theft,2016-05-12T15:00:00,Girinagar
c44762a8b96d,12.913523,77.588886,theft,2016-06-12T13:20:00,Girinagar
88f7370c2f23,12.932064,77.573354,theft,2016-06-12T13:45:00,Girinagar
f0094193b80e,12.91038,77.572585,theft,2016-06-12T16:30:00,Girinagar
4b9fadf814d1,12.890259,77.581399,theft,2016-07-12T11:31:00,Girinagar
ea09110d0e6a,12.890259,77.581399,theft,2016-07-12T19:45:00,Girinagar
efbd2180c76d,12.916667,77.591389,theft,2016-07-12T20:05:00,Girinagar
718615a285ff,12.912997,77.576446,theft,2016-08-12T11:30:00,Girinagar
7cee72a690e7,12.898684,77.570147,theft,2016-09-12T16:10:00,Girinagar
1d1192258746,12.893986,77.569647,theft,2016-09-12T19:15:00,Girinagar
680cea435360,12.909427,77.572843,theft,2016-10-12T12:20:00,Girinagar
a89b442ae68f,12.93949,77.549839,theft,2016-10-12T12:45:00,Girinagar
fb1c294825e6,12.888962,77.587497,theft,2016-10-12T19:10:00,Girinagar
9fd8156b3cdc,12.912956,77.576446,theft,2016-12-12T16:45:00,Girinagar
a304a75682c2,12.90878,77.571805,theft,2016-12-12T17:15:00,Girinagar
5a4176294bc0,12.903037,77.580521,theft,2016-12-12T17:35:00,Girinagar
1a3334ca4615,12.893242,77.576539,theft,2016-12-12T18:00:00,Girinagar
381fae64ae5a,12.89882,77.578486,theft,2016-12-14T20:45:00,Girinagar
a9e42d2436cf,12.9051,77.589688,theft,2016-12-17T09:30:00,Girinagar
565612a16f60,12.970348,77.641931,theft,2016-12-19T09:00:00,Girinagar
6570e8770fd5,12.898864,77.557713,theft,2016-12-20T15:45:00,Girinagar
22be99f9f63c,12.912386,77.590999,theft,2016-12-20T16:30:00,Girinagar
901c54a6c99e,12.911458,77.57605,theft,2016-12-24T18:10:00,Girinagar
cfc9f3c38a92,12.905013,77.581034,theft,2016-12-26T10:00:00,Girinagar
5b20b19e2c3b,12.912815,77.595057,theft,2016-12-26T12:15:00,Girinagar
2c77d89a1f6c,12.904987,77.5876,theft,2016-12-26T16:05:00,Girinagar
1ae500c554a3,12.921753,77.58257,theft,2016-12-27T17:10:00,Girinagar
aada1f7dc3c8,12.904969,77.58735,theft,2016-12-28T20:15:00,Girinagar
adc552451f7f,12.920318,77.579691,theft,2017-05-01T20:15:00,Girinagar
383dcfd0ce21,12.91017,77.587019,theft,2017-10-01T16:30:00,Girinagar
cea3f9153898,12.910216,77.571698,theft,2017-01-13T13:05:00,Girinagar
961d6fcd368f,12.910415,77.519167,theft,2017-01-16T13:30:00,Girinagar
c3c2579f0557,12.942822,77.555915,theft,2017-01-18T20:25:00,Girinagar
40ccc7bf3836,12.916478,77.590186,theft,2017-01-23T16:00:00,Girinagar
9b8715a17c5a,12.914314,77.597372,theft,2017-02-02T13:40:00,Girinagar
082dddb7fc12,12.908332,77.588317,theft,2017-08-02T12:10:00,Girinagar
5d52a1f1aea2,12.912815,77.575663,theft,2017-08-02T12:30:00,Girinagar
f1be602217b6,12.916473,77.592375,theft,2017-12-02T08:50:00,Girinagar
daf7a3f96797,12.908627,77.591067,theft,2017-02-20T12:00:00,Girinagar
0a70a7e627f3,12.921753,77.58257,theft,2017-02-23T16:00:00,Girinagar
cd880cf20c87,12.921799,77.567249,theft,2017-02-23T18:15:00,Girinagar
c4c2d3d93da8,12.908759,77.591315,theft,2017-02-25T17:00:00,Girinagar
81d2ce2cd997,12.915285,77.588976,theft,2017-02-26T20:45:00,Girinagar
6e7ace4beb5e,12.912543,77.590045,theft,2017-01-03T13:50:00,Girinagar
3297ee2f6f59,12.910396,77.588194,theft,2017-03-15T21:15:00,Girinagar
5828b183e0f3,12.91636,77.584122,theft,2017-03-21T09:15:00,Girinagar
691a1d5e121e,12.904882,77.587728,theft,2017-03-21T13:30:00,Girinagar
64497934c402,12.908525,77.579662,theft,2017-03-24T13:30:00,Girinagar
660d4a96a20a,12.912729,77.595501,theft,2017-02-04T13:45:00,Girinagar
a6ed1786ef97,12.915938,77.585594,theft,2017-04-13T11:30:00,Girinagar
c88ea1e17e46,12.911228,77.577758,theft,2017-04-17T10:00:00,Girinagar
d98b6b2519e8,12.897885,77.644838,theft,2017-04-21T18:30:00,Girinagar
e6bc3443cf05,12.95656,77.565161,theft,2017-04-21T20:25:00,Girinagar
55dc5f45af29,12.908332,77.588317,theft,2017-04-25T14:10:00,Girinagar
399b78977e81,12.908378,77.572996,theft,2017-04-28T09:45:00,Girinagar
380177df301f,12.908578,77.520465,theft,2017-04-28T13:30:00,Girinagar
2d30fe9c6301,12.907884,77.576115,theft,2017-04-05T12:00:00,Girinagar
44d891297992,12.912832,77.582066,theft,2017-05-13T15:30:00,Girinagar
9521eed23f3c,12.940351,77.557352,theft,2017-05-16T16:15:00,Girinagar
52c5fbc963a5,12.916525,77.590506,theft,2017-05-17T17:00:00,Girinagar
cc09d0864325,12.916363,77.590251,theft,2017-05-18T18:30:00,Girinagar
7d2015c5ae15,12.90656,77.595504,theft,2017-05-19T13:30:00,Girinagar
49a3cadbeb6e,12.9155,77.592909,theft,2017-05-20T17:45:00,Girinagar
102ce12215a4,12.910304,77.57966,theft,2017-05-23T00:10:00,Girinagar
a450900fd2e5,12.91161,77.576132,theft,2017-05-23T13:30:00,Girinagar
f07da883210b,12.91162,77.576132,theft,2017-05-24T12:15:00,Girinagar
fe98efe99711,12.908332,77.588317,theft,2017-05-25T17:30:00,Girinagar
bb1552fbdf74,12.912781,77.588133,theft,2017-05-27T17:00:00,Girinagar
8e4ca7fb422d,12.921753,77.58257,theft,2017-05-30T16:30:00,Girinagar
11c0bb3d80d9,12.908595,77.574756,theft,2017-05-31T09:00:00,Girinagar
62faa2087ee6,12.912325,77.592595,theft,2017-01-06T18:20:00,Girinagar
3bd902550c1f,12.907269,77.578509,theft,2017-02-06T13:00:00,Girinagar
69668d0216bb,12.907295,77.571943,theft,2017-03-06T15:30:00,Girinagar
2c123cc7a1aa,12.912918,77.588587,theft,2017-06-16T09:15:00,Girinagar
afffce60e434,12.911788,77.592962,theft,2017-06-16T15:15:00,Girinagar
cad289d62476,12.911835,77.577641,theft,2017-06-17T17:30:00,Girinagar
900488ff28fa,12.911917,77.577641,theft,2017-06-19T16:45:00,Girinagar
ab1f2eaf50a0,12.911117,77.577048,theft,2017-06-21T17:00:00,Girinagar
426caafa55f9,12.910478,77.583494,theft,2017-06-22T11:00:00,Girinagar
c5fef83fd6ec,12.889779,77.543055,theft,2017-06-22T23:35:00,Girinagar
99a690321f28,12.916672,77.5892,theft,2017-06-27T12:00:00,Girinagar
e0d54caa3ede,12.908332,77.588317,theft,2017-06-27T12:30:00,Girinagar
052781a038a6,12.903136,77.5749,theft,2017-06-28T19:15:00,Girinagar
e9ce2911a821,12.921753,77.58257,theft,2017-06-29T13:30:00,Girinagar
0d1518927f49,12.921779,77.576004,theft,2017-06-30T16:25:00,Girinagar
00102e7ae1e4,12.912382,77.574645,theft,2017-02-07T15:30:00,Girinagar
8ae8dc6ccbf6,12.906859,77.583669,theft,2017-12-07T20:00:00,Girinagar
368bf9196a86,12.921753,77.58257,theft,2017-07-13T13:30:00,Girinagar
ae5548eee256,12.907653,77.581845,theft,2017-07-17T22:30:00,Girinagar
024a096370b5,12.909538,77.578948,theft,2017-07-17T22:45:00,Girinagar
b226b068da4f,12.916834,77.581024,theft,2017-07-18T17:35:00,Girinagar
649772b409b9,12.91688,77.565703,theft,2017-07-18T17:50:00,Girinagar
dd15b350929d,12.919212,77.585885,theft,2017-07-24T12:20:00,Girinagar
cf62ffff96b2,12.911703,77.590375,theft,2017-07-24T13:40:00,Girinagar
03ba4f7641d6,12.911677,77.596941,theft,2017-07-27T11:45:00,Girinagar
01126db8af2b,12.916412,77.522462,theft,2017-07-08T12:10:00,Girinagar
4e0061b3d2ac,12.916249,77.590315,theft,2017-08-08T15:30:00,Girinagar
4e3cdbc8c391,12.908461,77.580869,theft,2017-08-14T16:30:00,Girinagar
d5bdeeef5df3,12.914973,77.587899,theft,2017-08-19T10:45:00,Girinagar
d319e500da6d,12.916478,77.590186,theft,2017-08-22T11:50:00,Girinagar
f9d62f950484,12.920851,77.566687,theft,2017-08-25T09:00:00,Girinagar
cec8ceed69e2,12.907091,77.571191,theft,2017-08-26T16:00:00,Girinagar
968483ac13cc,12.909687,77.579161,theft,2017-10-09T09:00:00,Girinagar
24964b5e10af,12.909885,77.580338,theft,2017-12-09T11:00:00,Girinagar
d907cb5b4b15,12.869793,77.594858,theft,2017-09-13T20:45:00,Girinagar
8351ae111268,12.91563,77.558055,theft,2017-09-14T12:00:00,Girinagar
6beedf34f83f,12.915543,77.590886,theft,2017-09-16T09:30:00,Girinagar
a865b8a3f168,12.912881,77.598714,theft,2017-09-18T15:00:00,Girinagar
2732f4d774cf,12.907817,77.577968,theft,2017-09-26T09:30:00,Girinagar
2014d015be83,12.915683,77.5741,theft,2017-09-26T05:56:00,Girinagar
11c02f307aaa,12.915636,77.589421,theft,2017-09-26T13:30:00,Girinagar
be7b3e67107f,12.914719,77.590234,theft,2017-09-27T10:00:00,Girinagar
55c66cb147e1,12.912426,77.600834,theft,2017-01-10T09:00:00,Girinagar
b091045ec448,12.908272,77.55656,theft,2017-04-10T10:20:00,Girinagar
2ed822fb41a2,12.908226,77.571881,theft,2017-04-10T12:20:00,Girinagar
8c192ada800a,12.910913,77.586546,theft,2017-12-10T09:30:00,Girinagar
4d0b3ecba991,12.914292,77.590983,theft,2017-10-16T17:30:00,Girinagar
f02d7419a9a4,12.913027,77.584764,theft,2017-10-17T11:40:00,Girinagar
490c2e9796bb,12.919128,77.591454,theft,2017-10-20T15:30:00,Girinagar
ea0ea03a3e02,12.910934,77.576891,theft,2017-10-24T16:15:00,Girinagar
be6dd6cf2d09,12.91178,77.59249,theft,2017-10-28T13:00:00,Girinagar
c463ccea596a,12.912104,77.573355,theft,2017-10-30T20:00:00,Girinagar
bacd3cef1941,12.908303,77.589975,theft,2017-01-11T16:30:00,Girinagar
6e7ea24a5b7c,12.90792,77.575156,theft,2017-05-11T16:15:00,Girinagar
645aca301bf0,12.908729,77.57345,theft,2017-08-11T09:30:00,Girinagar
f7b6e5f3cdbb,12.911238,77.575194,theft,2017-08-11T12:30:00,Girinagar
4c7b30423655,12.908525,77.579662,theft,2017-11-15T12:00:00,Girinagar
c0a7bb554cc6,12.908473,77.587459,theft,2017-11-15T13:00:00,Girinagar
b484adc079eb,12.911025,77.591014,theft,2017-11-20T12:15:00,Girinagar
2930ae562f84,12.910375,77.588527,theft,2017-11-20T14:30:00,Girinagar
d42ab89ed50a,12.910375,77.588527,theft,2017-11-26T12:00:00,Hanumantha Nagar
1ba51ae3df14,12.907965,77.576641,theft,2017-11-26T12:15:00,Hanumantha Nagar
17d4082ac65f,12.910345,77.591387,theft,2017-11-28T09:00:00,Hanumantha Nagar
9614323ff438,12.914292,77.590983,theft,2017-11-29T11:45:00,Hanumantha Nagar
a66a37be983d,12.911661,77.586052,theft,2017-11-29T12:15:00,Hanumantha Nagar
31a59b89f186,12.911731,77.581191,theft,2017-04-12T11:00:00,Hanumantha Nagar
67cdbb097c92,12.908525,77.579662,theft,2017-04-12T11:20:00,Hanumantha Nagar
80049e2e5bf4,12.910582,77.587864,theft,2017-08-12T12:00:00,Hanumantha Nagar
1d4a6e2094f7,12.911541,77.577941,theft,2017-12-13T11:15:00,Hanumantha Nagar
2af69adb7118,12.916835,77.591836,theft,2017-12-16T11:00:00,Hanumantha Nagar
6106c5169ff5,12.921753,77.58257,theft,2017-12-20T17:45:00,Hanumantha Nagar
c374235e9574,12.906666,77.588181,theft,2017-12-23T11:45:00,Hanumantha Nagar
39308c0b13bd,12.911618,77.571715,theft,2017-12-29T13:00:00,Hanumantha Nagar
acd55cd726b2,12.912741,77.573709,theft,2018-04-01T00:36:00,Hanumantha Nagar
e3f858cf05e8,12.912788,77.558388,theft,2018-05-01T16:00:00,Hanumantha Nagar
2ff77f320c7d,12.908817,77.595089,theft,2018-06-01T14:07:00,Hanumantha Nagar
9f8ecab7002b,12.910752,77.591029,theft,2018-01-18T14:00:00,Hanumantha Nagar
0b3e167de8ba,12.910799,77.575708,theft,2018-01-28T19:00:00,Hanumantha Nagar
136e3264b511,12.911796,77.582691,theft,2018-01-30T12:00:00,Hanumantha Nagar
007e864b493a,12.912069,77.59379,theft,2018-05-02T14:00:00,Hanumantha Nagar
8edf18e32e4c,12.917501,77.578056,theft,2018-12-02T17:00:00,Hanumantha Nagar
8afb30139fd0,12.911575,77.574322,theft,2018-02-14T14:30:00,Hanumantha Nagar
73c65db96f4e,12.920083,77.579688,theft,2018-10-03T15:00:00,Hanumantha Nagar
e88d739cbc0c,12.908529,77.582219,theft,2018-10-03T17:00:00,Hanumantha Nagar
08872a45ca77,12.897687,77.580944,theft,2018-03-20T15:00:00,Hanumantha Nagar
c80a650a1201,12.913528,77.576726,theft,2018-03-22T09:30:00,Hanumantha Nagar
3480035379c2,12.911068,77.577083,theft,2018-03-23T16:00:00,Hanumantha Nagar
4f5963ef1c90,12.909432,77.570654,theft,2018-03-29T11:30:00,Hanumantha Nagar
1595a3b278ac,12.909519,77.537823,theft,2018-09-04T15:10:00,Hanumantha Nagar
d1f5fe131354,12.912415,77.589254,theft,2018-09-04T17:00:00,Hanumantha Nagar
ba62c9e27e10,12.913164,77.591585,theft,2018-09-04T17:20:00,Hanumantha Nagar
84243db94e65,12.906594,77.589611,theft,2018-11-04T10:30:00,Hanumantha Nagar
ef1422687121,12.910852,77.578621,theft,2018-12-04T09:20:00,Hanumantha Nagar
938a0c6828d0,12.910895,77.568491,theft,2018-04-13T16:15:00,Hanumantha Nagar
ddb8057f389a,12.910849,77.583812,theft,2018-04-14T23:15:00,Hanumantha Nagar
39d76ab65715,12.966228,77.63926,theft,2018-04-17T10:00:00,Hanumantha Nagar
fbb8bad1f425,12.90781,77.576096,theft,2018-04-23T11:00:00,Hanumantha Nagar
372263175766,12.908504,77.592797,theft,2018-04-26T10:00:00,Hanumantha Nagar
1fca70f5389d,12.911015,77.573251,theft,2018-04-26T13:30:00,Hanumantha Nagar
87ef16f0c99d,12.909015,77.583452,theft,2018-07-05T15:15:00,Hanumantha Nagar
1c9c5b5e0743,12.899262,77.565022,theft,2018-05-16T15:15:00,Hanumantha Nagar
aa56b7fcdf27,12.907091,77.571191,theft,2018-05-17T11:30:00,Hanumantha Nagar
9a7274a1a5b5,12.91551,77.592279,theft,2018-11-23T00:03:00,Hanumantha Nagar
f2c1ebfbf84c,12.907561,77.570872,theft,2018-12-06T10:00:00,Hanumantha Nagar
19cc27a36e07,12.906298,77.594345,theft,2018-06-15T17:00:00,Hanumantha Nagar
e6da8780166f,12.914292,77.590983,theft,2018-06-19T18:00:00,Hanumantha Nagar
1bc61f466a46,12.909876,77.580622,theft,2018-06-20T10:45:00,Hanumantha Nagar
decfa5849a69,12.909485,77.574801,theft,2018-06-21T11:30:00,Hanumantha Nagar
7a91a686d662,12.908079,77.593882,theft,2018-06-29T15:30:00,Hanumantha Nagar
be74e29218a3,12.90656,77.595504,theft,2018-02-07T11:00:00,Hanumantha Nagar
3c68454eb478,12.916499,77.596629,theft,2018-04-07T16:00:00,Hanumantha Nagar
0eac8e0bed14,12.908842,77.592968,theft,2018-05-07T17:00:00,Hanumantha Nagar
e63bf6320624,12.903242,77.573253,theft,2018-07-21T12:30:00,Hanumantha Nagar
844bdba755a6,12.907152,77.573049,theft,2018-10-08T06:15:00,Hanumantha Nagar
f004f2e194e4,12.92496,77.573325,theft,2018-08-20T19:00:00,Hanumantha Nagar
62f5397d2068,12.906689,77.586705,theft,2018-05-09T14:30:00,Hanumantha Nagar
740a9429bdae,12.907094,77.578195,theft,2018-09-09T09:10:00,Hanumantha Nagar
de66397af12b,12.908481,77.588197,theft,2018-09-14T11:30:00,Hanumantha Nagar
1cb1bf60a936,12.911717,77.572441,theft,2018-09-29T11:00:00,Hanumantha Nagar
0e31ab528292,12.913573,77.643792,theft,2018-09-30T10:15:00,Hanumantha Nagar
cf7b8ca49c8e,12.911269,77.574213,theft,2018-02-10T13:30:00,Hanumantha Nagar
e0e2a337fff5,12.906689,77.586705,theft,2018-05-10T11:30:00,Hanumantha Nagar
351c1efff897,12.910043,77.5903,theft,2018-10-15T15:00:00,Hanumantha Nagar
6f1503b07175,12.910005,77.589928,theft,2018-11-14T11:00:00,Hanumantha Nagar
fc3fb4e25004,12.908501,77.580118,theft,2018-11-16T11:00:00,Hanumantha Nagar
ca634f31ae8d,12.962112,77.603327,theft,2018-11-16T16:30:00,Hanumantha Nagar
fbdd185bee65,12.906723,77.57351,theft,2018-11-16T19:30:00,Hanumantha Nagar
177756341c52,12.908354,77.598974,theft,2018-11-20T12:00:00,Hanumantha Nagar
cae1b0f67e3d,12.879148,77.552235,theft,2018-11-22T18:00:00,Hanumantha Nagar
01a7ff5c26c6,12.913505,77.574403,theft,2018-11-23T13:00:00,Hanumantha Nagar
4f59d034430e,12.919361,77.595614,theft,2018-11-24T12:00:00,Hanumantha Nagar
68f7a1e3033d,12.910913,77.570159,theft,2018-02-12T11:00:00,Hanumantha Nagar
98520575eb7a,12.910887,77.576725,theft,2018-12-26T11:30:00,Hanumantha Nagar
821958320eee,12.907606,77.575925,theft,2019-12-01T10:00:00,Hanumantha Nagar
419a921e0122,12.907652,77.560604,theft,2019-01-14T12:00:00,Hanumantha Nagar
329d1481f370,12.914682,77.58261,theft,2019-01-17T12:00:00,Hanumantha Nagar
74e64b9e040c,12.915017,77.584518,theft,2019-01-18T10:45:00,Hanumantha Nagar
c3d12ce4e619,12.90735,77.576055,theft,2019-01-30T11:00:00,Hanumantha Nagar
f219679bada1,12.91117,77.591306,theft,2019-02-14T11:50:00,Hanumantha Nagar
39eb3c1f935a,12.911575,77.574322,theft,2019-02-03T11:30:00,Hanumantha Nagar
6c14cbfba49e,12.946259,77.569852,theft,2019-12-03T15:45:00,Hanumantha Nagar
5a14c5b5cad4,12.91355,77.588539,theft,2019-03-15T12:00:00,Hanumantha Nagar
b6fa3ca23764,12.911943,77.574959,theft,2019-03-18T13:30:00,Hanumantha Nagar
c2904fec2786,12.908332,77.588317,theft,2019-01-04T10:00:00,Hanumantha Nagar
84dfc72c3d9b,12.911675,77.604174,theft,2019-03-04T16:00:00,Hanumantha Nagar
209c26b38486,12.909267,77.589316,theft,2019-05-04T14:30:00,Hanumantha Nagar
5056be40cc14,12.977493,77.57189,theft,2019-08-04T13:30:00,Hanumantha Nagar
d2e43909f3eb,12.907452,77.591308,theft,2019-04-13T12:00:00,Hanumantha Nagar
5d1a0c212544,12.908292,77.589701,theft,2019-04-15T10:30:00,Hanumantha Nagar
3c27a1986459,12.908354,77.598974,theft,2019-04-20T10:00:00,Hanumantha Nagar
4fde09e009fb,12.908354,77.598974,theft,2019-04-20T10:00:00,Hanumantha Nagar
16608ff6518b,12.908393,77.595242,theft,2019-04-24T15:10:00,Hanumantha Nagar
aeea4788f6ed,12.908874,77.592911,theft,2019-06-05T11:00:00,Hanumantha Nagar
d1d274ba870b,12.912742,77.586128,theft,2019-09-05T11:00:00,Hanumantha Nagar
8020d941f3b1,12.915188,77.594134,theft,2019-05-15T17:00:00,Hanumantha Nagar
d201348feaa8,12.907725,77.597832,theft,2019-05-18T17:00:00,Hanumantha Nagar
cc71af3bc83e,12.916562,77.587097,theft,2019-05-22T15:00:00,Hanumantha Nagar
577bf199a51c,12.908504,77.573587,theft,2019-05-27T08:00:00,Hanumantha Nagar
c70e36354b80,12.911382,77.595714,theft,2019-05-29T13:00:00,Hanumantha Nagar
0f3545bcbad5,12.916151,77.584684,theft,2019-05-29T15:00:00,Hanumantha Nagar
c27a86fb350c,12.914741,77.587438,theft,2019-05-30T15:00:00,Hanumantha Nagar
1abd3eff0c24,12.915263,77.599406,theft,2019-05-31T11:00:00,Hanumantha Nagar
ec9ff8b9f47e,12.912426,77.600834,theft,2019-01-06T10:30:00,Hanumantha Nagar
1e16c2f8b65a,12.908433,77.572075,theft,2019-03-06T11:30:00,Hanumantha Nagar
552fc5e4cfe9,12.910339,77.580406,theft,2019-06-14T12:00:00,Hanumantha Nagar
e5a263847990,12.919018,77.5151,theft,2019-06-17T15:00:00,Hanumantha Nagar
ba2c07592982,12.914784,77.577872,theft,2019-06-23T15:00:00,Hanumantha Nagar
a4f2a6b1f71b,12.914758,77.584438,theft,2019-03-07T14:00:00,Hanumantha Nagar
81c6a5550441,12.910319,77.587277,theft,2019-07-13T13:00:00,Hanumantha Nagar
40ed17cd12ce,12.908354,77.598974,theft,2019-07-25T14:00:00,Hanumantha Nagar
4a1484bdbe2e,12.914894,77.588727,theft,2019-07-25T15:00:00,Hanumantha Nagar
4dfe94ab9cae,12.913394,77.585991,theft,2019-01-08T12:00:00,Hanumantha Nagar
09fb278e1fe5,12.91477,77.584399,theft,2019-06-08T13:00:00,Hanumantha Nagar
c64e10ec9825,12.907467,77.577749,theft,2019-02-09T11:00:00,Hanumantha Nagar
7e7dbd745247,12.906193,77.576865,theft,2019-03-09T10:30:00,Hanumantha Nagar
e5ce195d2db7,12.906723,77.57351,theft,2019-08-09T11:00:00,Hanumantha Nagar
c0bcfebe545d,12.906644,77.546189,theft,2019-09-09T10:30:00,Hanumantha Nagar
dddf56486b82,12.906557,77.57902,theft,2019-09-27T11:30:00,Hanumantha Nagar
557dd84dfbd7,12.911384,77.596798,theft,2019-02-10T12:10:00,Hanumantha Nagar
2dc0adb96809,12.910419,77.5929,theft,2019-11-10T15:00:00,Hanumantha Nagar
ba6c62b4ce80,12.89963,77.56877,theft,2019-10-17T16:15:00,Hanumantha Nagar
055c4a30e873,12.90896,77.58473,theft,2019-10-21T13:00:00,Hanumantha Nagar
da6b386d0e57,12.96557,77.60625,theft,2019-10-24T16:00:00,Hanumantha Nagar
10b67b4907b4,12.914668,77.593316,theft,2019-10-26T12:40:00,Hanumantha Nagar
048661dfbc98,12.909156,77.597556,theft,2019-10-11T16:00:00,Hanumantha Nagar
82017b187987,12.90891,77.59889,theft,2019-11-27T09:00:00,Hanumantha Nagar
c8932ade038d,12.914376,77.595004,theft,2019-11-28T15:00:00,Hanumantha Nagar
ac793bcad0c0,12.951789,77.56208,theft,2019-11-30T10:30:00,Hanumantha Nagar
e0e56a399e32,12.950788,77.557801,theft,2019-07-12T12:30:00,Hanumantha Nagar
c91015575a52,12.951242,77.558113,theft,2019-12-12T15:45:00,Hanumantha Nagar
e0811d6c8a80,12.943149,77.570496,theft,2019-12-23T09:00:00,Hanumantha Nagar
300ac7c91f97,12.906946,77.57568,theft,2019-12-25T10:00:00,Hanumantha Nagar
ae58c04ee884,12.909614,77.590259,theft,2019-12-25T20:00:00,Hanumantha Nagar
7cfef4cd5172,12.908262,77.570932,theft,2019-12-28T10:00:00,Hanumantha Nagar
99dc2a9c8180,12.915531,77.568531,theft,2015-01-13T12:00:00,Hanumantha Nagar
a396c3bbcaa9,12.918333,77.567894,theft,2015-01-19T21:00:00,Hanumantha Nagar
1f60ef98a9a7,12.922483,77.570494,theft,2015-01-25T12:00:00,Hanumantha Nagar
5ea8490e0551,12.932042,77.571469,theft,2015-01-02T09:30:00,Hanumantha Nagar
0f362d9368ae,12.921736,77.561417,theft,2015-05-02T11:00:00,Hanumantha Nagar
45b6819239e5,12.919553,77.572019,theft,2015-02-24T09:30:00,Hanumantha Nagar
c2ea07e74af3,12.914328,77.567806,theft,2015-02-26T16:30:00,Hanumantha Nagar
5994569d2825,12.927953,77.565506,theft,2015-02-27T15:00:00,Hanumantha Nagar
1cc08adf00e5,12.927622,77.576808,theft,2015-01-03T10:30:00,Hanumantha Nagar
fb08089e446f,12.922167,77.572044,theft,2015-06-03T18:30:00,Hanumantha Nagar
c8535051079c,12.925178,77.56345,theft,2015-10-03T12:30:00,Hanumantha Nagar
a3fcaff01041,12.923881,77.573594,theft,2015-11-03T10:30:00,Hanumantha Nagar
a3a645ae6b6d,12.915056,77.554019,theft,2015-12-03T20:00:00,Hanumantha Nagar
c4a5d4d39c60,12.916628,77.566169,theft,2015-03-28T13:15:00,Hanumantha Nagar
866181632375,12.920836,77.574158,theft,2015-03-28T09:00:00,Hanumantha Nagar
e6dea5f843f3,12.915514,77.5661,theft,2015-03-31T09:30:00,Hanumantha Nagar
1c2110dc9b8f,12.925061,77.564661,theft,2015-04-29T17:30:00,Hanumantha Nagar
8a4cf19ffd51,12.938692,77.559994,theft,2015-01-05T10:50:00,Hanumantha Nagar
96d6f8e779dd,12.916825,77.567825,theft,2015-04-05T10:30:00,Hanumantha Nagar
8a8ec699a825,12.916825,77.567825,theft,2015-04-05T10:30:00,Hanumantha Nagar
da21a8228300,12.915294,77.567806,theft,2015-09-05T17:00:00,Hanumantha Nagar
37b3f5681183,12.926797,77.564406,theft,2015-05-29T12:00:00,Hanumantha Nagar
895184aaf8da,12.925061,77.564661,theft,2015-06-24T11:00:00,Hanumantha Nagar
e98402667083,12.924989,77.566264,theft,2015-07-17T13:00:00,Hanumantha Nagar
4fd58049c224,12.925061,77.564661,theft,2015-07-18T09:30:00,Hanumantha Nagar
ccd98620bc3f,12.921722,77.57355,theft,2015-07-18T11:00:00,Hanumantha Nagar
8915edde4213,12.925322,77.567992,theft,2015-07-27T12:00:00,Hanumantha Nagar
bb21d3ef4f86,12.922369,77.574167,theft,2015-07-30T11:00:00,Hanumantha Nagar
016a4ec532ac,12.930644,77.575781,theft,2015-07-31T17:15:00,Hanumantha Nagar
3b9408e5f4c6,12.916914,77.567717,theft,2015-05-08T19:30:00,Hanumantha Nagar
ee51d14e22b0,12.918542,77.571508,theft,2015-08-13T15:45:00,Hanumantha Nagar
f1f186675f2b,12.917153,77.563944,theft,2015-01-09T12:00:00,Hanumantha Nagar
bc8e506c89aa,12.917322,77.555914,theft,2015-01-09T12:15:00,Hanumantha Nagar
39c088e38077,12.925156,77.564775,theft,2015-08-09T09:30:00,Hanumantha Nagar
298f2e18bd78,12.936331,77.574244,theft,2015-09-24T13:30:00,Hanumantha Nagar
16aafbecc970,12.926847,77.574908,theft,2015-04-10T13:00:00,Hanumantha Nagar
a49b829e19d8,12.924936,77.564853,theft,2015-04-10T13:45:00,Hanumantha Nagar
1709c038d811,12.922161,77.567986,theft,2015-10-10T10:00:00,Hanumantha Nagar
3af2b0022c46,12.923231,77.565703,theft,2015-10-10T11:45:00,Hanumantha Nagar
87776133160a,12.929939,77.568797,theft,2015-10-13T11:00:00,Hanumantha Nagar
89a722e0f03d,12.917269,77.565756,theft,2015-10-24T10:15:00,Hanumantha Nagar
4173fa7d63af,12.916817,77.572067,theft,2015-10-26T10:10:00,Hanumantha Nagar
dfc8a51d8c5b,12.919444,77.573494,theft,2015-10-26T18:30:00,Hanumantha Nagar
f2c79fb126dd,12.924181,77.570425,theft,2015-10-27T10:30:00,Hanumantha Nagar
e428761a06d9,12.919733,77.563828,theft,2015-07-11T11:45:00,Hanumantha Nagar
1e671b76734c,12.921211,77.568228,theft,2015-11-25T12:00:00,Hanumantha Nagar
146f0a3c04a9,12.919753,77.574158,theft,2015-12-22T20:00:00,Hanumantha Nagar
192b7600bde7,12.925028,77.57335,theft,2016-07-01T19:45:00,Hanumantha Nagar
5e661a242743,12.919714,77.5599,theft,2016-01-25T20:30:00,Hanumantha Nagar
306931242f7e,12.925633,77.576158,theft,2016-06-02T10:00:00,Hanumantha Nagar
8e4fd2ef40db,12.916319,77.555278,theft,2016-09-02T11:00:00,Hanumantha Nagar
374219010603,12.916167,77.556992,theft,2016-02-20T09:00:00,Hanumantha Nagar
cff4685892fb,12.924569,77.565606,theft,2016-02-26T10:00:00,Hanumantha Nagar
afbf39b125cc,12.918542,77.571508,theft,2016-02-29T11:00:00,Hanumantha Nagar
2cde0da45eda,12.927628,77.570539,theft,2016-03-25T09:30:00,Hanumantha Nagar
f1b98dc66edc,12.922031,77.567561,theft,2016-04-15T09:30:00,Hanumantha Nagar
3269254f3205,12.919553,77.572019,theft,2016-04-17T09:30:00,Hanumantha Nagar
056d018db65e,12.926531,77.567339,theft,2016-04-27T15:30:00,Hanumantha Nagar
bc1b35c55e9c,12.921722,77.57355,theft,2016-05-14T09:30:00,Hanumantha Nagar
e9421313bea5,12.924872,77.566242,theft,2016-06-06T17:45:00,Hanumantha Nagar
ee4cb40f5325,12.924872,77.566242,theft,2016-06-06T17:50:00,Hanumantha Nagar
c5e0420058fe,12.923633,77.572508,theft,2016-09-06T14:00:00,Hanumantha Nagar
6b3943c6990e,12.931203,77.575803,theft,2016-06-21T15:30:00,Hanumantha Nagar
29164bbe265a,12.922686,77.574117,theft,2016-06-26T15:20:00,Hanumantha Nagar
b1d8d36328f0,12.915439,77.567839,theft,2016-02-07T17:30:00,Hanumantha Nagar
c8ffbac0bf91,12.918508,77.566219,theft,2016-07-13T17:00:00,Hanumantha Nagar
c2323965c0ea,12.916067,77.554914,theft,2016-07-28T15:00:00,Hanumantha Nagar
e03886d36b05,12.919889,77.567958,theft,2016-04-08T04:30:00,Hanumantha Nagar
09e69242fba2,12.928339,77.565428,theft,2016-09-08T11:00:00,Hanumantha Nagar
e1f2c246440a,12.934369,77.575258,theft,2016-08-15T10:00:00,Hanumantha Nagar
c3275e326298,12.92265,77.560719,theft,2016-08-20T10:00:00,Hanumantha Nagar
2f902e9fc10e,12.915686,77.562653,theft,2016-08-20T11:30:00,Hanumantha Nagar
981ae357d89b,12.923686,77.566917,theft,2016-08-28T19:40:00,Hanumantha Nagar
01d8896ad389,12.925164,77.564875,theft,2016-10-26T12:00:00,Hanumantha Nagar
ebeb6c360d09,12.922314,77.561711,theft,2016-06-09T15:00:00,Hanumantha Nagar
34d943aefaec,12.915408,77.566928,theft,2016-07-06T12:00:00,Hanumantha Nagar
d544c2c00c32,12.918592,77.573556,theft,2016-10-09T12:00:00,Hanumantha Nagar
54c286507c67,12.918192,77.556008,theft,2016-04-10T10:30:00,Hanumantha Nagar
c5fc6ec07e74,12.913844,77.567356,theft,2016-04-10T15:30:00,Hanumantha Nagar
7274377d7861,12.924383,77.565575,theft,2016-07-10T15:30:00,Hanumantha Nagar
49cbffcebbc5,12.913197,77.570489,theft,2016-08-10T13:00:00,Hanumantha Nagar
263c6f89f519,12.921828,77.573544,theft,2016-10-19T15:00:00,Hanumantha Nagar
d606ef0d74e3,12.923858,77.568564,theft,2016-03-11T13:30:00,Hanumantha Nagar
becbf133b6e8,12.923858,77.568564,theft,2016-11-14T17:30:00,Hanumantha Nagar
db4a6902fae3,12.923858,77.568564,theft,2016-11-16T16:00:00,Hanumantha Nagar
0c9e4a4790aa,12.928014,77.562119,theft,2016-11-18T17:15:00,Hanumantha Nagar
7347198b678c,12.923228,77.569172,theft,2016-11-24T16:10:00,Hanumantha Nagar
01f6905b243c,12.925169,77.575347,theft,2016-11-26T13:00:00,Hanumantha Nagar
54a238ac2824,12.916506,77.554203,theft,2016-05-12T13:30:00,Hanumantha Nagar
4a0afc97fcf5,12.920203,77.560669,theft,2016-12-13T14:00:00,Hanumantha Nagar
c8dc4c47b196,12.92355,77.576136,theft,2016-12-16T13:30:00,Hanumantha Nagar
e8d43773bd2a,12.919811,77.571556,theft,2016-12-17T12:45:00,Hanumantha Nagar
cf96f784b1ad,12.92355,77.576136,theft,2016-12-18T12:45:00,Hanumantha Nagar
371651669469,12.922094,77.572322,theft,2016-12-17T18:30:00,Hanumantha Nagar
3ef4e38e102b,12.917189,77.568761,theft,2016-12-21T11:00:00,Hanumantha Nagar
42333952a053,12.916958,77.554003,theft,2016-12-28T15:00:00,Hanumantha Nagar
c55265fd33c5,12.922028,77.574822,theft,2016-07-01T10:15:00,Hanumantha Nagar
572fccd48888,12.923644,77.573606,theft,2016-12-02T11:00:00,Hanumantha Nagar
e34e14cf197e,12.913542,77.566244,theft,2016-03-23T20:00:00,Hanumantha Nagar
de2ae1c73c5e,12.917419,77.573122,theft,2016-04-18T16:30:00,Hanumantha Nagar
bbcd563945b0,12.918642,77.573697,theft,2016-07-30T09:30:00,Hanumantha Nagar
86b5d6b36cc3,12.921214,77.555706,theft,2016-08-31T10:30:00,Hanumantha Nagar
684c78910059,12.92,77.571808,theft,2016-09-25T12:00:00,Hanumantha Nagar
282117d9211f,12.918564,77.573694,theft,2016-12-28T19:30:00,Hanumantha Nagar
7531063d340b,12.913839,77.564878,theft,2017-10-01T14:30:00,Hanumantha Nagar
47c578a70e11,12.923539,77.566869,theft,2017-01-17T15:15:00,Hanumantha Nagar
bf9f0e911927,12.922256,77.567511,theft,2017-01-18T16:40:00,Hanumantha Nagar
b3166ce4211d,12.918878,77.567492,theft,2017-01-21T11:00:00,Hanumantha Nagar
7e152776f627,12.920203,77.560669,theft,2017-01-31T12:45:00,Hanumantha Nagar
024473ef4a0b,12.919553,77.572019,theft,2017-02-02T12:30:00,Hanumantha Nagar
c31fefd79fd7,12.926356,77.576931,theft,2017-07-02T11:15:00,Hanumantha Nagar
52baab4cbdf2,12.923633,77.572508,theft,2017-10-02T16:45:00,Hanumantha Nagar
97b0ddd12baa,12.922644,77.567431,theft,2017-11-02T10:00:00,Hanumantha Nagar
457a26baf90a,12.922333,77.556325,theft,2017-02-13T15:30:00,Hanumantha Nagar
780574454467,12.925169,77.575347,theft,2017-02-27T10:00:00,Hanumantha Nagar
5c279501ebd9,12.921247,77.573214,theft,2017-03-14T15:00:00,Hanumantha Nagar
52f10c8ac5f9,12.949005,77.569068,theft,2017-03-21T09:45:00,Hanumantha Nagar
74d19dfdc11d,12.923939,77.560639,theft,2017-04-16T16:15:00,Hanumantha Nagar
7eca13933165,12.922031,77.567561,theft,2017-04-19T09:45:00,Hanumantha Nagar
3621996dada6,12.917408,77.573061,theft,2017-04-20T09:30:00,Hanumantha Nagar
962193fcd4dc,12.918592,77.573556,theft,2017-04-25T10:30:00,Hanumantha Nagar
6cbfcd8adf72,12.921828,77.573544,theft,2017-01-05T13:30:00,Hanumantha Nagar
3a993c760051,12.926356,77.576931,theft,2017-09-05T11:20:00,Hanumantha Nagar
6bb4cf71b02b,12.92675,77.563606,theft,2017-10-05T16:30:00,Hanumantha Nagar
8ec607a2c1a9,12.926356,77.576931,theft,2017-05-23T13:40:00,Hanumantha Nagar
8e723b392495,12.947543,77.568586,theft,2017-05-29T15:30:00,Hanumantha Nagar
3ba2e1bd1aa7,12.919036,77.553911,theft,2017-05-31T14:00:00,Hanumantha Nagar
d90ca132a258,13.019965,77.596145,theft,2017-05-31T21:00:00,Hanumantha Nagar
e87cddb23f7e,12.915058,77.565992,theft,2017-04-06T12:30:00,Hanumantha Nagar
0b3dec5820c6,12.927628,77.570539,theft,2017-06-06T18:00:00,Hanumantha Nagar
d4cd5a196388,12.927628,77.570539,theft,2017-06-16T11:00:00,Hanumantha Nagar
41b0ad10c0ef,12.925169,77.575347,theft,2017-06-22T14:00:00,Hanumantha Nagar
2e32038d3506,12.915325,77.563661,theft,2017-06-25T15:10:00,Hanumantha Nagar
358f9d5676f9,12.94577,77.560411,theft,2017-06-30T18:00:00,Hanumantha Nagar
be1270fd24ec,12.923633,77.572508,theft,2017-01-07T18:00:00,Hanumantha Nagar
11dfd3915e89,12.917539,77.568658,theft,2017-12-07T13:20:00,Hanumantha Nagar
f90afcec08c9,12.922031,77.567561,theft,2017-07-13T13:00:00,Hanumantha Nagar
bf4b65b3134a,12.916958,77.554003,theft,2017-07-21T14:00:00,Hanumantha Nagar
d43085b928ee,12.917408,77.573061,theft,2017-07-27T10:00:00,Hanumantha Nagar
3166376204a1,12.913542,77.566244,theft,2017-07-28T13:20:00,Hanumantha Nagar
e5daba477e9b,12.917067,77.560322,theft,2017-07-29T12:00:00,Hanumantha Nagar
4d43bba73ab8,12.922031,77.567561,theft,2017-08-08T13:00:00,Hanumantha Nagar
d1ce824b0565,12.919036,77.553911,theft,2017-10-08T11:00:00,Hanumantha Nagar
b52e6944a00c,12.919036,77.553911,theft,2017-11-08T10:30:00,Hanumantha Nagar
b48c5386cefa,12.926356,77.576931,theft,2017-12-08T16:00:00,Hanumantha Nagar
2709323775e6,12.924872,77.566242,theft,2017-08-23T13:00:00,Hanumantha Nagar
2c6b3e524f93,12.919036,77.553911,theft,2017-08-24T10:30:00,Hanumantha Nagar
3a30d54ccd57,12.94222,77.559113,theft,2017-08-25T13:00:00,Hanumantha Nagar
1fd198df1cee,12.915553,77.556861,theft,2017-08-27T11:30:00,Hanumantha Nagar
0db1edab3c62,12.91595,77.554811,theft,2017-08-28T14:00:00,Hanumantha Nagar
bd79137bef40,12.91595,77.554811,theft,2017-09-19T13:30:00,Hanumantha Nagar
6cdbe7be276b,12.91595,77.554811,theft,2017-09-21T19:00:00,Hanumantha Nagar
44d5ab7a0faf,12.91595,77.554811,theft,2017-09-28T17:00:00,Hanumantha Nagar
3b3dfeed63f0,12.91595,77.554811,theft,2017-11-10T09:30:00,Hanumantha Nagar
9072810d3f1b,13.019965,77.596145,theft,2017-10-16T19:30:00,Hanumantha Nagar
6a9c5e654fdf,12.91595,77.554811,theft,2017-10-24T10:00:00,Hanumantha Nagar
2954509438e1,12.926356,77.576931,theft,2017-10-25T14:00:00,Hanumantha Nagar
d38142452e59,12.927689,77.576758,theft,2017-02-11T14:00:00,Hanumantha Nagar
0a5ddffbed63,12.91595,77.554811,theft,2017-10-08T10:00:00,Hanumantha Nagar
3763012f587c,12.924989,77.566264,theft,2017-04-11T10:30:00,Hanumantha Nagar
304af907a277,12.917539,77.568658,theft,2017-11-13T11:00:00,Hanumantha Nagar
1aaad38b291c,12.915325,77.563661,theft,2017-11-13T11:30:00,Hanumantha Nagar
9be879dcfd8f,12.922031,77.567561,theft,2017-11-21T14:15:00,Hanumantha Nagar
b224c39139d5,12.923753,77.566931,theft,2017-11-21T15:00:00,Hanumantha Nagar
ad7ad1118e84,12.924989,77.566264,theft,2017-01-13T10:45:00,Hanumantha Nagar
2823e0efffbf,12.917408,77.573061,theft,2017-07-25T09:30:00,Hanumantha Nagar
c3a976443227,12.926356,77.576931,theft,2017-07-31T09:30:00,Hanumantha Nagar
3f2d9001b308,13.00557,77.535655,theft,2018-01-16T10:30:00,Hanumantha Nagar
3f3fa6d9a7c3,12.926356,77.576931,theft,2018-01-20T15:30:00,Hanumantha Nagar
c019dc5f9174,12.930033,77.569549,theft,2018-01-28T15:00:00,Hanumantha Nagar
dda396b8c4e0,12.946503,77.563167,theft,2018-01-30T17:30:00,Hanumantha Nagar
73253248a6c1,12.930033,77.569549,theft,2018-02-20T13:30:00,Hanumantha Nagar
612dc7c39448,12.930033,77.569549,theft,2018-02-27T18:00:00,Hanumantha Nagar
e5e1739d0c5f,12.930033,77.569549,theft,2018-04-03T11:00:00,Hanumantha Nagar
02d45df3f931,12.91842,77.619725,theft,2018-07-03T11:00:00,Hanumantha Nagar
192873ec33c0,12.929072,77.574329,theft,2018-09-03T19:00:00,Hanumantha Nagar
85921d3cd107,12.930033,77.569549,theft,2018-12-03T15:30:00,Hanumantha Nagar
1a7f8424a171,12.929333,77.567733,theft,2018-03-15T15:00:00,Hanumantha Nagar
6d05d122dea4,12.961351,77.526137,theft,2018-03-17T10:00:00,Hanumantha Nagar
1462a0e312cc,12.944315,77.573269,theft,2018-03-25T13:40:00,Hanumantha Nagar
11a37ce42e4e,12.930033,77.569549,theft,2018-03-26T14:15:00,Hanumantha Nagar
6a8b962df995,12.938754,77.566594,theft,2018-04-04T11:15:00,Hanumantha Nagar
7187d520e553,12.945106,77.567061,theft,2018-11-04T13:15:00,Hanumantha Nagar
847bc8a94c28,12.917983,77.567342,theft,2018-04-18T12:10:00,Hanumantha Nagar
3cf552e19f92,12.9138,77.5673,theft,2018-04-23T18:10:00,Hanumantha Nagar
5eaf7ee08c82,12.9138,77.5673,theft,2018-04-28T10:30:00,Hanumantha Nagar
3c294e7ceee4,12.924493,77.565365,theft,2018-07-05T11:45:00,Hanumantha Nagar
a730f730cafd,12.924493,77.565365,theft,2018-07-05T13:30:00,Hanumantha Nagar
84dbb7470275,13.019965,77.596145,theft,2018-05-14T11:00:00,Hanumantha Nagar
7844f3befe68,12.931223,77.567147,theft,2018-05-16T13:00:00,Hanumantha Nagar
73eda9d0e46b,12.933331,77.57014,theft,2018-05-19T11:15:00,Hanumantha Nagar
380cb883a273,12.936317,77.57188,theft,2018-05-21T11:00:00,Hanumantha Nagar
ed03ebf95011,12.908772,77.576222,theft,2018-05-21T14:15:00,Hanumantha Nagar
1d675267aaa6,12.921297,77.573257,theft,2018-05-22T14:30:00,Hanumantha Nagar
5d1245bc84e4,12.922906,77.555794,theft,2018-05-24T14:40:00,Hanumantha Nagar
ba30e4a6bac6,12.929909,77.571062,theft,2018-05-30T13:30:00,Hanumantha Nagar
95f4c9d222c1,12.908772,77.576222,theft,2018-05-31T11:15:00,Hanumantha Nagar
246dad0021e4,12.908772,77.576222,theft,2018-05-31T14:45:00,Hanumantha Nagar
b0160b7cead6,12.952786,77.566204,theft,2018-01-06T13:30:00,Hanumantha Nagar
dd6a41e3a0d4,12.926717,77.571633,theft,2018-05-06T12:30:00,Hanumantha Nagar
c5a20649d626,12.948543,77.572811,theft,2018-06-06T11:30:00,Hanumantha Nagar
980db10db451,12.948734,77.558576,theft,2018-08-06T12:00:00,Hanumantha Nagar
9755c69082f6,12.946375,77.566973,theft,2018-06-13T13:00:00,Hanumantha Nagar
daec420fe2d9,12.943633,77.569371,theft,2018-06-19T11:00:00,Hanumantha Nagar
7d1d740fa348,12.952826,77.572868,theft,2018-06-22T11:40:00,Hanumantha Nagar
7fe7d224ffbc,12.917888,77.555785,theft,2018-06-25T10:45:00,Hanumantha Nagar
57302e568d5c,13.000578,77.544693,theft,2018-06-26T10:30:00,Hanumantha Nagar
e5cf85a41881,13.000578,77.544693,theft,2018-06-30T09:45:00,Hanumantha Nagar
e6fc3835f176,13.019965,77.596145,theft,2018-06-07T13:30:00,Hanumantha Nagar
98107af4cc15,12.924048,77.575334,theft,2018-07-07T14:00:00,Hanumantha Nagar
6fa29df658d7,12.924048,77.575334,theft,2018-12-07T11:40:00,Hanumantha Nagar
9167b6bc5dad,12.944114,77.55785,theft,2018-07-15T14:30:00,Hanumantha Nagar
af9e29ba0c2d,12.953736,77.571266,theft,2018-07-24T17:15:00,Hanumantha Nagar
a859b609f373,12.918333,77.567894,theft,2018-07-27T09:30:00,Hanumantha Nagar
89a52861c7ed,12.938237,77.57278,theft,2018-02-08T17:00:00,Hanumantha Nagar
f5449b84f98e,12.951665,77.565348,theft,2018-07-08T12:30:00,Hanumantha Nagar
6c1446a8bbae,12.923099,77.563107,theft,2018-08-08T16:45:00,Hanumantha Nagar
49300d7123d4,12.925182,77.564736,theft,2018-08-19T11:45:00,Hanumantha Nagar
ad8962ba337e,12.93307,77.56703,theft,2018-06-09T14:00:00,Hanumantha Nagar
900966578c4e,12.91986,77.56931,theft,2018-02-10T10:00:00,Hanumantha Nagar
6eceec755cf0,12.91616,77.55915,theft,2018-10-15T12:20:00,Hanumantha Nagar
748f55b0e407,13.02049,77.615822,theft,2018-10-24T10:30:00,Hanumantha Nagar
41ed0d4bf6a1,12.91616,77.55915,theft,2018-10-24T17:00:00,Hanumantha Nagar
5f70a93e79ca,12.91616,77.55915,theft,2018-10-29T16:30:00,Hanumantha Nagar
e3567d895014,12.98779,77.56357,theft,2018-11-16T13:05:00,Hanumantha Nagar
13c09ffc4b4b,12.98779,77.56357,theft,2018-11-27T19:00:00,Hanumantha Nagar
fe0918506710,12.91796,77.558434,theft,2018-01-12T15:30:00,Hanumantha Nagar
cd3ca242719e,12.91796,77.558434,theft,2018-12-31T17:00:00,Hanumantha Nagar
1bdcbba08a71,12.92996,77.559454,theft,2018-12-31T18:30:00,Hanumantha Nagar
bd64589dc989,12.946645,77.563133,theft,2018-05-30T07:00:00,Hanumantha Nagar
35f7852da6ac,12.92996,77.559454,theft,2019-05-01T12:15:00,Hanumantha Nagar
13caeb495457,12.92209,77.57321,theft,2019-10-01T18:15:00,Hanumantha Nagar
7536f8234f17,12.92423,77.57196,theft,2019-12-01T19:00:00,Hanumantha Nagar
9f6337e89005,12.936978,77.561953,theft,2019-01-29T18:00:00,Hanumantha Nagar
a12bc204b45e,12.92087,77.57401,theft,2019-01-30T12:30:00,Hanumantha Nagar
913713fd0b9a,12.921247,77.573214,theft,2019-01-02T13:45:00,Hanumantha Nagar
e8267009b315,12.91429,77.56558,theft,2019-08-02T16:40:00,Hanumantha Nagar
74dfd108880c,12.91827,77.55868,theft,2019-09-02T11:00:00,Hanumantha Nagar
c3758d90ed31,12.92574,77.56963,theft,2019-02-14T19:30:00,Hanumantha Nagar
e7a7c0879ea0,12.950457,77.555842,theft,2019-02-21T18:15:00,Hanumantha Nagar
4e1657f1c92b,12.92889,77.57237,theft,2019-02-25T10:30:00,Hanumantha Nagar
eb47a51d2f4e,12.91768,77.56777,theft,2019-02-28T13:00:00,Hanumantha Nagar
cf8ef90b8f44,12.96557,77.60625,theft,2019-09-03T12:00:00,Hanumantha Nagar
a3d0c61f4032,12.96557,77.60625,theft,2019-12-03T13:00:00,Hanumantha Nagar
054b443721c1,12.96557,77.60625,theft,2019-03-14T13:45:00,Hanumantha Nagar
8fe1f618450a,12.96557,77.60625,theft,2019-03-20T15:45:00,Hanumantha Nagar
da5af417628f,12.96557,77.60625,theft,2019-03-20T18:30:00,Hanumantha Nagar
58de4b45d4a2,12.92281,77.57143,theft,2019-03-22T13:00:00,Hanumantha Nagar
7c02a5ae5e88,12.94302,77.547234,theft,2019-03-23T10:45:00,Hanumantha Nagar
37cf414f8ed7,13.01015,77.54377,theft,2019-03-24T14:55:00,Hanumantha Nagar
b7d6401ec572,12.91613,77.56717,theft,2019-03-26T13:00:00,Hanumantha Nagar
f90e03f6b9d1,12.91374,77.55816,theft,2019-02-04T12:20:00,Hanumantha Nagar
34add5ad0fa9,12.95588,77.53172,theft,2019-04-15T11:45:00,Hanumantha Nagar
e1d4f484f384,12.97194,77.59369,theft,2019-09-05T19:30:00,Hanumantha Nagar
bf5f0a2d14a9,12.90525,77.56858,theft,2019-10-05T11:45:00,Hanumantha Nagar
31e2099aec69,12.91676,77.56088,theft,2019-05-13T10:00:00,Hanumantha Nagar
1610fc3acca5,12.90054,77.5548,theft,2019-02-06T11:00:00,Hanumantha Nagar
5940c3ee24d5,12.942,77.563117,theft,2019-05-29T10:00:00,Hanumantha Nagar
bf0d4cdd8d01,12.92444,77.57102,theft,2019-05-31T12:00:00,Hanumantha Nagar
ff31cde7c8b3,12.91418,77.558197,theft,2019-08-06T12:30:00,Hanumantha Nagar
c4104d11c841,12.91961,77.56911,theft,2019-12-06T11:40:00,Hanumantha Nagar
60a8b69c7ae7,12.92062,77.5693,theft,2019-06-27T11:55:00,Hanumantha Nagar
885b265f1ec5,12.91389,77.55691,theft,2019-03-07T11:00:00,Hanumantha Nagar
cd24ba345c84,12.92285,77.5698,theft,2019-06-07T17:30:00,Hanumantha Nagar
f1ec4548a1dc,12.945674,77.572762,theft,2019-07-20T13:30:00,Hanumantha Nagar
5b2adaee206f,13.000184,77.708389,theft,2019-07-08T10:40:00,Hanumantha Nagar
bcdf65a24194,12.92432,77.5656,theft,2019-10-08T12:30:00,Hanumantha Nagar
e7b782cd26be,12.93467,77.57411,theft,2019-08-13T17:15:00,Hanumantha Nagar
a6d8e3834363,12.942231,77.56217,theft,2019-08-14T13:30:00,Hanumantha Nagar
8883942bba20,12.92534,77.56083,theft,2019-08-17T11:30:00,Hanumantha Nagar
c76d786acf5b,12.949279,77.564117,theft,2019-08-20T11:00:00,Hanumantha Nagar
a4c86a4d576a,12.940038,77.564121,theft,2019-08-22T10:15:00,Hanumantha Nagar
4af21a2bdc1c,12.99796,77.62866,theft,2019-08-23T13:45:00,Hanumantha Nagar
ed69fd03a825,12.938529,77.559017,theft,2019-08-24T11:30:00,Hanumantha Nagar
9e81b3e3b602,12.944971,77.563501,theft,2019-08-27T10:00:00,Hanumantha Nagar
ed43c0097e5a,12.99796,77.62866,theft,2019-08-27T14:00:00,Hanumantha Nagar
21d85d0b69de,12.93482,77.569601,theft,2019-08-28T10:45:00,Hanumantha Nagar
a0d4365b3af0,12.952475,77.562456,theft,2019-09-10T17:00:00,Hanumantha Nagar
048c34a7c1c8,12.946452,77.567445,theft,2019-04-11T17:30:00,Hanumantha Nagar
c238e5580917,13.014,77.65938,theft,2019-11-11T11:00:00,Hanumantha Nagar
cbdca1111255,12.936227,77.568023,theft,2019-11-13T10:30:00,Hanumantha Nagar
87b94ecdae98,12.91639,77.56013,theft,2019-11-14T17:00:00,Hanumantha Nagar
a0d5d48bbccc,12.939199,77.573524,theft,2019-11-18T16:30:00,Hanumantha Nagar
1c29b022af22,12.92579,77.54982,theft,2019-11-23T11:00:00,Hanumantha Nagar
8c12a94f3aba,12.92285,77.5698,theft,2019-11-20T18:00:00,Hanumantha Nagar
2cf0d2b83470,12.92046,77.554802,theft,2019-11-24T15:10:00,Hanumantha Nagar
86b1155e21a6,12.92142,77.56657,theft,2019-11-25T13:30:00,Hanumantha Nagar
e5aad132739e,12.93867,77.563422,theft,2019-09-12T13:30:00,Hanumantha Nagar
da239d4549e1,12.937529,77.574186,theft,2019-12-16T12:15:00,Hanumantha Nagar
1d3d2233f884,12.94504,77.566763,theft,2019-12-18T12:00:00,Hanumantha Nagar
d6a06454afd9,12.93377,77.57457,theft,2019-12-19T13:00:00,Hanumantha Nagar
601ae6f6f836,12.946042,77.593699,theft,2015-08-01T16:00:00,Hanumantha Nagar
0b961fbfbe12,12.946392,77.594947,theft,2015-09-01T10:30:00,Hanumantha Nagar
e909e5058594,12.944668,77.592128,theft,2015-10-01T16:30:00,Hanumantha Nagar
8759fc56825b,12.944736,77.593505,theft,2015-01-26T11:30:00,Hanumantha Nagar
948f64cc5bc6,12.934233,77.591216,theft,2015-01-31T11:15:00,Hanumantha Nagar
759be894f8ad,12.931844,77.591428,theft,2015-09-02T12:30:00,Hanumantha Nagar
ce81f658a255,12.939428,77.58285,theft,2015-04-03T16:30:00,Hanumantha Nagar
5ce0ba018780,12.944668,77.592128,theft,2015-03-13T09:45:00,Hanumantha Nagar
5049fe51d3b1,12.944668,77.592128,theft,2015-03-23T13:15:00,Hanumantha Nagar
c543ad9ba843,12.940355,77.594182,theft,2015-02-04T12:00:00,Hanumantha Nagar
76e7ab3cab28,12.939417,77.583817,theft,2015-05-21T13:30:00,Hanumantha Nagar
54bee27cc75d,12.935505,77.587229,theft,2015-05-29T15:30:00,Hanumantha Nagar
ddd5e222138c,12.942883,77.592583,theft,2015-06-06T15:45:00,Hanumantha Nagar
0a3d77210ce0,12.941547,77.593379,theft,2015-08-06T10:00:00,Hanumantha Nagar
e5bf33e3037c,12.944668,77.592128,theft,2015-09-06T17:00:00,Hanumantha Nagar
5e009c7d0e49,12.943581,77.585101,theft,2015-06-13T11:30:00,Hanumantha Nagar
4a5034f3d9bb,12.943587,77.591066,theft,2015-06-16T14:30:00,Hanumantha Nagar
2bbb92489859,12.943166,77.583418,theft,2015-06-19T11:30:00,Hanumantha Nagar
8e673fe6f8df,12.93666,77.58527,theft,2015-11-07T10:30:00,Hanumantha Nagar
e07674c03e38,12.942789,77.596405,theft,2015-07-13T21:00:00,Hanumantha Nagar
609424cec700,12.951355,77.590874,theft,2015-01-08T14:30:00,Hanumantha Nagar
9171d929e174,12.94519,77.592536,theft,2015-04-09T14:00:00,Hanumantha Nagar
9a8cfffbbec5,12.942789,77.596405,theft,2015-08-09T10:30:00,Hanumantha Nagar
6a27f74b5b7a,12.9372,77.569621,theft,2015-09-18T11:00:00,Hanumantha Nagar
3a745855ef5b,12.942789,77.596405,theft,2015-09-22T19:00:00,Hanumantha Nagar
10acb37db50c,12.938289,77.582813,theft,2015-09-24T17:30:00,Hanumantha Nagar
c4e83eb1ea0e,12.946609,77.594675,theft,2015-09-25T10:00:00,Hanumantha Nagar
f526bd6751ab,12.942789,77.596405,theft,2015-09-27T16:00:00,Hanumantha Nagar
fa47d0feaf58,12.939677,77.596403,theft,2015-01-10T10:00:00,Hanumantha Nagar
2753b8b2cafb,12.939677,77.596403,theft,2015-01-10T14:00:00,Hanumantha Nagar
b4bcc3fdc76c,12.937704,77.59229,theft,2015-08-10T16:30:00,Hanumantha Nagar
97926250175e,12.937818,77.590828,theft,2015-08-10T17:10:00,Hanumantha Nagar
bf6937ba94f0,12.936506,77.585075,theft,2015-10-10T19:30:00,Hanumantha Nagar
669d72f2436e,12.934587,77.588617,theft,2015-12-10T16:30:00,Hanumantha Nagar
094167f7f1f7,12.931692,77.591865,theft,2015-10-14T13:00:00,Hanumantha Nagar
d9cb45df6e21,12.937704,77.59229,theft,2015-10-15T14:00:00,Hanumantha Nagar
511cfe60a031,12.943041,77.593933,theft,2015-10-20T16:00:00,Hanumantha Nagar
0da660160286,12.941172,77.586042,theft,2015-10-28T11:30:00,Hanumantha Nagar
4245aac7ab86,12.941847,77.585118,theft,2015-02-11T14:30:00,Hanumantha Nagar
8c7dd9c022bb,12.941183,77.5931,theft,2015-11-29T13:00:00,Hanumantha Nagar
18092921274f,12.934322,77.591197,theft,2015-11-30T11:00:00,Hanumantha Nagar
ee9be215f0d8,12.938046,77.590946,theft,2015-01-12T12:10:00,Hanumantha Nagar
24af7e2ab81b,12.94045,77.585075,theft,2015-02-12T11:30:00,Hanumantha Nagar
6326da96a722,12.940397,77.594227,theft,2015-12-16T11:00:00,Hanumantha Nagar
dd7d75e53668,12.945655,77.586611,theft,2015-12-19T19:45:00,Hanumantha Nagar
ff292a8c88f3,12.937446,77.585543,theft,2015-12-29T19:00:00,Hanumantha Nagar
429c019229ee,12.934444,77.59214,theft,2016-01-22T10:30:00,Hanumantha Nagar
e66a56fb5b27,12.94425,77.592277,theft,2016-08-02T19:20:00,Hanumantha Nagar
a5f608d511a0,12.933558,77.590996,theft,2016-12-02T16:10:00,Hanumantha Nagar
e26726f3c7fc,12.944301,77.594469,theft,2016-01-03T10:00:00,Hanumantha Nagar
196d2975e47a,12.93274,77.589576,theft,2016-09-03T10:30:00,Hanumantha Nagar
0b2cfa898894,12.942789,77.596405,theft,2016-03-15T15:15:00,Hanumantha Nagar
2a657802b682,12.940952,77.580429,theft,2016-03-19T10:10:00,Hanumantha Nagar
39252f3a3c63,12.938806,77.581839,theft,2016-03-28T10:40:00,Hanumantha Nagar
9892561c0857,12.942999,77.583279,theft,2016-06-04T14:30:00,Hanumantha Nagar
c17bd67a2957,12.941627,77.582777,theft,2016-09-04T06:00:00,Hanumantha Nagar
de94becc8955,12.935218,77.591921,theft,2016-11-04T10:10:00,Hanumantha Nagar
4a14b4ccf1f5,12.951436,77.590351,theft,2016-04-14T15:30:00,Hanumantha Nagar
5a4e9663969e,12.941871,77.593349,theft,2016-04-19T09:00:00,Hanumantha Nagar
f8e091a306e5,12.941716,77.584774,theft,2016-08-05T13:00:00,Hanumantha Nagar
bd32415f89c2,12.935428,77.587328,theft,2016-05-13T09:00:00,Hanumantha Nagar
545a36a485d5,12.936783,77.581883,theft,2016-04-25T12:10:00,Hanumantha Nagar
fea12d97bf25,12.938588,77.580968,theft,2016-05-26T18:20:00,Hanumantha Nagar
bc41288a6e70,12.943031,77.592284,theft,2016-09-06T18:20:00,Hanumantha Nagar
c76b2d28222a,12.939385,77.583999,theft,2016-11-06T12:10:00,Hanumantha Nagar
2ba785d23c2e,12.942031,77.591851,theft,2016-06-17T09:30:00,Hanumantha Nagar
6032289520b1,12.942031,77.591851,theft,2016-04-07T08:00:00,Hanumantha Nagar
55347f5849fe,12.936069,77.585351,theft,2016-09-07T18:00:00,Hanumantha Nagar
5f61d196442c,12.943203,77.597168,theft,2016-07-27T11:00:00,Hanumantha Nagar
097429b888b4,12.943031,77.592284,theft,2016-07-27T12:00:00,Hanumantha Nagar
68f1f7f4a845,12.943031,77.592284,theft,2016-05-08T10:00:00,Hanumantha Nagar
bbc5c56f3d6c,12.934337,77.592554,theft,2016-08-20T12:00:00,Hanumantha Nagar
75675152d1b5,12.940965,77.592936,theft,2016-08-25T10:30:00,Hanumantha Nagar
361010ad8d08,12.939433,77.581352,theft,2016-08-30T15:00:00,Hanumantha Nagar
debe6b4f61a7,12.943031,77.592284,theft,2016-01-09T11:00:00,Hanumantha Nagar
35e04f6c2677,12.942997,77.594541,theft,2016-08-09T13:00:00,Hanumantha Nagar
0cf5c2c3cee6,12.939433,77.581352,theft,2016-09-22T13:00:00,Hanumantha Nagar
ea6007786c3a,12.942978,77.589249,theft,2016-09-23T14:00:00,Hanumantha Nagar
0cfee704165d,12.942775,77.587071,theft,2016-09-26T15:00:00,Hanumantha Nagar
4427506aee24,12.945075,77.588157,theft,2016-10-21T16:00:00,Hanumantha Nagar
81cea34001b1,12.93891,77.581963,theft,2016-10-23T12:00:00,Hanumantha Nagar
21071a351195,12.946909,77.590614,theft,2016-04-20T14:00:00,Hanumantha Nagar
42b76f07668c,12.943936,77.594538,theft,2016-05-11T06:00:00,Hanumantha Nagar
3b17a99064ad,12.935388,77.592732,theft,2016-07-11T14:00:00,Hanumantha Nagar
7223b0703721,12.934063,77.59113,theft,2016-08-11T15:00:00,Hanumantha Nagar
6ff4fdd9384f,12.932318,77.590208,theft,2016-11-11T17:00:00,Hanumantha Nagar
0630c58aacc3,12.934548,77.58876,theft,2016-11-21T09:35:00,Hanumantha Nagar
53b6b5182998,12.938982,77.585226,theft,2016-11-22T12:00:00,Hanumantha Nagar
b6d8796f127e,12.949543,77.589799,theft,2016-06-12T10:00:00,Hanumantha Nagar
8a1c83f46f92,12.932684,77.590517,theft,2016-12-12T11:00:00,Hanumantha Nagar
4bb10dda78d9,12.941951,77.593935,theft,2017-01-14T20:00:00,Hanumantha Nagar
3e413c67168f,12.93476,77.586843,theft,2017-06-02T11:30:00,Hanumantha Nagar
4c85697f6e8b,12.939773,77.572359,theft,2017-07-02T16:00:00,Hanumantha Nagar
4a5ccfc51612,12.933745,77.592268,theft,2017-02-14T16:00:00,Hanumantha Nagar
e7e4bcc09b7a,12.942789,77.596405,theft,2017-02-22T19:00:00,Hanumantha Nagar
eef80c909400,12.935426,77.592216,theft,2017-04-03T18:00:00,Hanumantha Nagar
4732f21ec7a9,12.959314,77.590934,theft,2017-03-15T17:00:00,Hanumantha Nagar
0b674f434b81,12.937818,77.590828,theft,2017-03-28T16:50:00,Hanumantha Nagar
f05611842d70,12.936741,77.58398,theft,2017-03-28T20:15:00,Hanumantha Nagar
f33e2b91790b,12.94269,77.590911,theft,2017-04-13T13:55:00,Hanumantha Nagar
8e0309c82d49,12.939812,77.596725,theft,2017-03-05T16:00:00,Hanumantha Nagar
9ed0726dc1a0,12.938179,77.598667,theft,2017-09-05T11:30:00,Hanumantha Nagar
1c91fe4bed93,12.936872,77.581466,theft,2017-11-05T21:40:00,Hanumantha Nagar
a9b8418c9f27,12.945439,77.590488,theft,2017-06-22T16:00:00,Hanumantha Nagar
963b5671fc4c,12.933192,77.591085,theft,2017-07-13T17:00:00,Hanumantha Nagar
fcb856abd3e1,12.936528,77.6003,theft,2017-07-14T11:10:00,Hanumantha Nagar
722aaa8a923c,12.941159,77.584094,theft,2017-07-21T17:45:00,Hanumantha Nagar
d62ff46fb83e,12.942618,77.582821,theft,2017-01-13T09:45:00,Hanumantha Nagar
2521c0745fe9,12.938179,77.598667,theft,2017-07-31T11:15:00,Hanumantha Nagar
ab0d4292ee4a,12.939622,77.593827,theft,2017-09-08T12:10:00,Hanumantha Nagar
ec81356e0eac,12.94283,77.593797,theft,2017-08-26T16:30:00,Hanumantha Nagar
6a18d9876bd3,12.933156,77.590644,theft,2017-08-29T12:45:00,Hanumantha Nagar
da659ec41306,12.938179,77.598667,theft,2017-06-09T15:00:00,Hanumantha Nagar
bb36afb843fa,12.939844,77.582127,theft,2017-12-09T11:00:00,Hanumantha Nagar
16bc7fa0f82c,12.94295,77.585319,theft,2017-09-18T11:30:00,Hanumantha Nagar
83fe1d81dded,12.941159,77.584094,theft,2017-09-20T18:00:00,Hanumantha Nagar
3d8af9ef9c33,12.931896,77.591442,theft,2017-09-24T13:30:00,Hanumantha Nagar
d6dc703e79dc,12.945957,77.592082,theft,2017-10-10T19:00:00,Hanumantha Nagar
099d65bf778f,12.984376,77.657449,theft,2017-10-18T14:00:00,Hanumantha Nagar
2947885290e5,12.950511,77.59221,theft,2017-05-11T17:30:00,Hanumantha Nagar
9cfd9e6b640d,12.946187,77.589202,theft,2017-11-18T16:30:00,Hanumantha Nagar
da74e6d2b587,12.946187,77.589202,theft,2017-02-12T11:30:00,Hanumantha Nagar
47cb0d383cb8,12.936267,77.600882,theft,2017-12-29T17:45:00,Hanumantha Nagar
19fd50b008b8,12.936267,77.600882,theft,2017-12-30T17:30:00,Hanumantha Nagar
ec647d9fb13d,12.944668,77.592128,theft,2018-11-01T09:00:00,Hanumantha Nagar
da2f3b26cc3f,12.950511,77.59221,theft,2018-02-16T10:00:00,Hanumantha Nagar
e6801b2cb22e,12.939733,77.585277,theft,2018-02-17T12:00:00,Hanumantha Nagar
a8d470595456,12.94649,77.58808,theft,2018-02-20T15:00:00,Hanumantha Nagar
92a167e0b0e7,12.936267,77.600882,theft,2018-02-26T12:30:00,Hanumantha Nagar
d0b113c30554,12.945644,77.595568,theft,2018-02-28T12:00:00,Hanumantha Nagar
05f1cf5df058,12.953988,77.585241,theft,2018-10-03T14:00:00,Hanumantha Nagar
04d349934de4,12.935391,77.591902,theft,2018-12-03T15:00:00,Hanumantha Nagar
be00312d542e,12.942647,77.585393,theft,2018-03-27T14:00:00,Hanumantha Nagar
a926aeefd03d,12.932534,77.591803,theft,2018-05-04T10:00:00,Hanumantha Nagar
6320b1db5f12,12.945952,77.594245,theft,2018-04-22T09:15:00,Hanumantha Nagar
26cc7018f5f6,12.937386,77.597458,theft,2018-07-14T11:00:00,Hanumantha Nagar
915a8caeefa2,12.937666,77.584041,theft,2018-08-15T09:30:00,Hanumantha Nagar
d258d08ef26f,12.943292,77.583545,theft,2018-08-16T09:30:00,Hanumantha Nagar
337371e8d335,12.942868,77.59469,theft,2018-08-27T19:20:00,Hanumantha Nagar
697b5c25e403,12.941651,77.581975,theft,2018-09-24T15:10:00,Hanumantha Nagar
137dfa7f9bfb,12.946453,77.594771,theft,2018-09-10T13:15:00,Hanumantha Nagar
fdd81b651dd2,12.944252,77.592705,theft,2018-10-16T15:30:00,Hanumantha Nagar
3dbac64899a5,12.94389,77.594355,theft,2018-10-17T13:00:00,Hanumantha Nagar
7d9841aa007f,12.935448,77.592742,theft,2018-10-23T17:30:00,Hanumantha Nagar
e5a0255f9492,12.934751,77.586682,theft,2018-11-13T14:00:00,Hanumantha Nagar
822a71c7aadd,12.946225,77.587883,theft,2018-11-17T13:00:00,Hanumantha Nagar
a9cb55ff78c0,12.940164,77.594947,theft,2018-12-26T17:00:00,Hanumantha Nagar
05bf2df41b9b,12.941828,77.592295,theft,2019-02-23T12:00:00,Hanumantha Nagar
e42710743832,12.941761,77.585061,theft,2019-02-25T12:25:00,Hanumantha Nagar
7ec65a96ad90,12.936267,77.600882,theft,2019-03-28T17:00:00,Hanumantha Nagar
dec3926823e6,12.938418,77.580222,theft,2019-03-30T14:00:00,Hanumantha Nagar
a40218c2c677,12.936838,77.580382,theft,2019-01-05T10:00:00,Hanumantha Nagar
e0478635c915,12.935159,77.58578,theft,2019-03-05T12:00:00,Hanumantha Nagar
7a096f3fb5e0,12.940428,77.594052,theft,2019-04-05T16:00:00,Hanumantha Nagar
ebe4d0c200e7,12.942527,77.581104,theft,2019-05-05T14:30:00,Hanumantha Nagar
34b2e1019032,12.942797,77.571222,theft,2019-11-06T20:45:00,Hanumantha Nagar
b3e5b28a7a01,12.933146,77.591085,theft,2019-06-14T12:00:00,Hanumantha Nagar
487a72895e52,12.938273,77.581836,theft,2019-06-30T13:00:00,Hanumantha Nagar
969c6ee060b7,12.931795,77.591758,theft,2019-06-08T14:00:00,Hanumantha Nagar
52b921427c18,12.940428,77.594052,theft,2019-06-08T20:00:00,Hanumantha Nagar
394312f507bc,12.938621,77.580436,theft,2019-10-08T18:00:00,Hanumantha Nagar
337c9080c6c6,12.938621,77.580436,theft,2019-10-23T14:00:00,Hanumantha Nagar
da2fea2d9c1c,12.938252,77.581851,theft,2019-10-25T20:00:00,Hanumantha Nagar
f57094da431f,12.938621,77.580436,theft,2019-11-13T14:30:00,Hanumantha Nagar
5205416c85a3,12.939733,77.585277,theft,2019-11-24T13:30:00,Hanumantha Nagar
0f6ad0576a2a,12.889623,77.572132,theft,2015-02-01T22:00:00,Hanumantha Nagar
2f3e5dcacfb3,12.872846,77.582667,theft,2014-12-30T20:00:00,Hanumantha Nagar
3fd84a31ff41,12.915901,77.547469,theft,2015-02-01T12:00:00,Hanumantha Nagar
3f99a234ede2,12.890471,77.57081,theft,2015-03-01T20:00:00,Hanumantha Nagar
3d71e6c9f87e,12.899641,77.544,theft,2015-05-01T10:30:00,Hanumantha Nagar
e5a41201a15c,12.907036,77.535715,theft,2014-11-30T20:30:00,Hanumantha Nagar
04f218c7b4b9,12.899641,77.544,theft,2015-10-01T21:45:00,Hanumantha Nagar
ea6c05f0bde4,12.912002,77.540952,theft,2015-02-01T22:00:00,Hanumantha Nagar
1a3e801021b7,12.889484,77.562321,theft,2015-01-13T07:00:00,Hanumantha Nagar
bd712131edf7,12.913025,77.553571,theft,2015-01-18T23:00:00,Hanumantha Nagar
bfd18bea7189,12.88399,77.565522,theft,2015-01-22T22:00:00,Hanumantha Nagar
4cc2dde6a096,12.883288,77.581306,theft,2015-01-25T21:30:00,Hanumantha Nagar
07d4ed7bb699,12.908096,77.548538,theft,2015-01-28T22:30:00,Hanumantha Nagar
eec940ba587f,12.906472,77.547653,theft,2015-01-02T10:30:00,Hanumantha Nagar
85c21314fbfa,12.883166,77.565201,theft,2015-07-02T20:30:00,Hanumantha Nagar
8e4648a30c4b,12.891579,77.581429,theft,2015-10-02T07:00:00,Hanumantha Nagar
bb6773ed3899,12.906028,77.545556,theft,2015-02-16T14:00:00,Hanumantha Nagar
b9fb5eaf3163,12.905007,77.542457,theft,2015-02-17T21:30:00,Hanumantha Nagar
80f68bf9ae7d,12.891082,77.578155,theft,2015-02-21T22:00:00,Hanumantha Nagar
5fb32d5af5d3,12.916337,77.540778,theft,2015-01-03T08:50:00,Hanumantha Nagar
f0e87a569547,12.891579,77.581429,theft,2014-12-21T19:00:00,Hanumantha Nagar
dbdbdded08bf,12.909889,77.554021,theft,2015-02-25T22:15:00,Hanumantha Nagar
20e9a9862fb9,12.914523,77.547779,theft,2015-02-03T20:30:00,Hanumantha Nagar
543dba232802,12.916337,77.540778,theft,2015-03-03T21:00:00,Hanumantha Nagar
eaf4022da5aa,12.879524,77.561634,theft,2015-03-13T23:59:00,Hanumantha Nagar
1ee692193643,12.882117,77.557294,theft,2015-03-14T20:00:00,Hanumantha Nagar
940921f48aaf,12.905722,77.535581,theft,2015-03-22T11:30:00,Hanumantha Nagar
20afd4999b83,12.910797,77.537442,theft,2015-03-03T20:45:00,Hanumantha Nagar
4b3deae8a832,12.910797,77.537442,theft,2015-03-31T15:30:00,Hanumantha Nagar
ae53c5eeda55,12.865685,77.582416,theft,2015-03-28T22:00:00,Hanumantha Nagar
48de550ddaae,12.910643,77.550887,theft,2015-04-17T15:30:00,Hanumantha Nagar
d0ce27253753,12.89025,77.582188,theft,2015-04-17T22:30:00,Hanumantha Nagar
b72cbd0e3267,12.882555,77.556355,theft,2015-04-19T22:30:00,Hanumantha Nagar
d83ee938246d,12.882965,77.557359,theft,2015-04-18T20:30:00,Hanumantha Nagar
01ce05a0a4f6,12.869384,77.583911,theft,2015-01-05T21:45:00,Hanumantha Nagar
7711b52cea23,12.877687,77.580717,theft,2015-05-23T11:00:00,Hanumantha Nagar
95afd9c68a6f,12.919372,77.53967,theft,2015-05-16T23:30:00,Hanumantha Nagar
100ebfc001ad,12.889036,77.572082,theft,2015-05-26T23:00:00,Hanumantha Nagar
c1c5708bfa13,12.893444,77.569935,theft,2015-05-29T06:30:00,Hanumantha Nagar
22470d4304b9,12.887443,77.568557,theft,2015-04-06T22:40:00,J P Nagar
0a8f2be52ecb,12.911738,77.556877,theft,2015-05-25T05:30:00,J P Nagar
1fc105317102,12.890332,77.563348,theft,2015-05-24T23:00:00,J P Nagar
b5def7a6daf5,12.917072,77.548919,theft,2015-05-25T11:50:00,J P Nagar
a57c880c6a75,12.905185,77.544698,theft,2015-06-14T20:30:00,J P Nagar
910c5b1339da,12.905579,77.55646,theft,2015-06-29T23:02:00,J P Nagar
e7662e43342c,12.905942,77.550119,theft,2015-05-07T22:00:00,J P Nagar
a39485c58597,12.913815,77.548619,theft,2015-07-18T14:40:00,J P Nagar
037f486fbc58,12.911738,77.556877,theft,2015-07-19T18:30:00,J P Nagar
7d4f6ee747d1,12.916337,77.540778,theft,2015-07-25T18:30:00,J P Nagar
6d54c9f21569,12.917072,77.548919,theft,2015-07-26T20:45:00,J P Nagar
f489ea439f75,12.891089,77.554977,theft,2015-07-25T21:00:00,J P Nagar
c7b50f29613f,12.885611,77.568341,theft,2015-06-25T21:00:00,J P Nagar
a1a08362e956,12.909583,77.556962,theft,2015-07-28T21:00:00,J P Nagar
702c3625e14c,12.899373,77.550967,theft,2015-06-20T22:00:00,J P Nagar
49f3bb22265c,12.895281,77.550675,theft,2015-08-08T21:45:00,J P Nagar
1575de2c3fcd,12.869384,77.583911,theft,2015-11-08T10:45:00,J P Nagar
fff9bd06eebc,12.880459,77.564035,theft,2015-08-23T22:30:00,J P Nagar
a99bf5336ca8,12.909765,77.554003,theft,2015-08-19T21:30:00,J P Nagar
b2525c2cca2c,12.907598,77.534811,theft,2015-09-19T22:30:00,J P Nagar
dabef6488d37,12.890332,77.563348,theft,2015-09-22T15:30:00,J P Nagar
e9df08a48e42,12.891089,77.554977,theft,2015-09-23T20:00:00,J P Nagar
922c5a7580bf,12.907598,77.534811,theft,2015-09-24T21:00:00,J P Nagar
492b2540ac49,12.88198,77.57303,theft,2015-09-30T22:01:00,J P Nagar
739764cf3e88,12.878069,77.569995,theft,2015-09-14T15:30:00,J P Nagar
7cf2a9a2e69f,12.877687,77.580717,theft,2015-10-10T20:00:00,J P Nagar
8f0ea215ad33,12.909121,77.551549,theft,2015-10-21T21:30:00,J P Nagar
536c00610fe7,12.916074,77.549151,theft,2015-10-28T21:30:00,J P Nagar
6b24c512c23b,12.888128,77.581147,theft,2015-04-11T23:00:00,J P Nagar
ef072b402a68,12.908363,77.553685,theft,2015-11-13T19:10:00,J P Nagar
e73ae7ac2643,12.883905,77.557212,theft,2015-11-19T11:00:00,J P Nagar
66590e8b864d,12.875443,77.582926,theft,2015-11-29T18:30:00,J P Nagar
4fa2a1b7c46c,12.909121,77.551549,theft,2015-11-24T21:00:00,J P Nagar
6c077f5f39fe,12.889778,77.580437,theft,2015-04-12T22:30:00,J P Nagar
71a145f97034,12.890332,77.563348,theft,2015-12-14T23:30:00,J P Nagar
8f62805116c0,12.910229,77.548159,theft,2015-12-12T20:30:00,J P Nagar
be41af7686f1,12.895281,77.550675,theft,2015-12-20T06:00:00,J P Nagar
d0ef4c76ce78,12.882555,77.556355,theft,2015-12-17T18:00:00,J P Nagar
30397027bdb0,12.918283,77.552329,theft,2015-12-23T17:30:00,J P Nagar
72713f702560,12.885666,77.553498,theft,2015-12-22T12:00:00,J P Nagar
3a3bf467cba3,12.890332,77.563348,theft,2016-06-20T21:00:00,J P Nagar
964152bbfc5e,12.890332,77.563348,theft,2016-04-01T00:00:00,J P Nagar
cee186fb8f47,12.880182,77.565639,theft,2016-09-01T22:50:00,J P Nagar
dcef63cbcdaf,12.88198,77.57303,theft,2016-01-13T18:17:00,J P Nagar
d354e60bc95c,12.888712,77.573773,theft,2016-01-16T00:13:00,J P Nagar
eec5ed92774d,12.893332,77.570007,theft,2016-01-25T18:46:00,J P Nagar
981f66f9382c,12.907498,77.585637,theft,2016-01-27T16:49:00,J P Nagar
b4c984815090,12.894122,77.550707,theft,2016-01-28T05:50:00,J P Nagar
bf611ed5a1aa,12.906745,77.543739,theft,2016-01-30T03:00:00,J P Nagar
9e9ff68fed21,12.868814,77.580834,theft,2016-01-30T07:28:00,J P Nagar
610780dfde4f,12.872846,77.582667,theft,2016-08-02T00:00:00,J P Nagar
8d507e404322,12.906456,77.542538,theft,2016-10-02T00:00:00,J P Nagar
5bfc1bcdd37b,12.885611,77.568341,theft,2016-02-15T22:38:00,J P Nagar
063553e7ede7,12.908096,77.548538,theft,2016-02-18T00:00:00,J P Nagar
2211af558acd,12.912739,77.548789,theft,2016-02-21T00:00:00,J P Nagar
82172ed5bd99,12.89025,77.582188,theft,2016-02-22T00:00:00,J P Nagar
792dc571422d,12.883166,77.565201,theft,2016-02-23T00:00:00,J P Nagar
b7276109df23,12.868548,77.580113,theft,2016-02-24T00:00:00,J P Nagar
2c6180a2f0b6,12.919006,77.545398,theft,2016-02-29T00:00:00,J P Nagar
00cd29acdf9b,12.888712,77.573773,theft,2016-01-03T02:31:00,J P Nagar
dcaa3d649ad5,12.898906,77.549937,theft,2016-06-03T00:00:00,J P Nagar
23c0e3af5400,12.913867,77.542839,theft,2016-08-03T00:00:00,J P Nagar
15da2d38e5dd,12.889623,77.572132,theft,2016-03-14T00:00:00,J P Nagar
90b349fce29d,12.89025,77.582188,theft,2016-03-15T00:00:00,J P Nagar
d13c967760fa,12.883766,77.568425,theft,2016-03-29T18:00:00,J P Nagar
287c6a4733fb,12.909584,77.551597,theft,2016-03-31T18:45:00,J P Nagar
743184153789,12.902897,77.592347,theft,2016-04-04T20:45:00,J P Nagar
4042287a9eb9,12.885848,77.567732,theft,2015-05-04T21:40:00,J P Nagar
a906405ee010,12.915647,77.539104,theft,2016-11-04T14:40:00,J P Nagar
785eaf8bd27b,12.890471,77.57081,theft,2016-04-15T22:30:00,J P Nagar
443a1b7de3f4,12.877687,77.580717,theft,2016-04-20T22:00:00,J P Nagar
d2b6f46455d9,12.909762,77.548452,theft,2016-04-20T00:00:00,J P Nagar
71b59fa2cd63,12.90496,77.541922,theft,2016-04-21T00:00:00,J P Nagar
9114b87fb606,12.919006,77.545398,theft,2016-04-25T12:20:00,J P Nagar
4d68074707a3,12.870249,77.575793,theft,2016-04-20T00:00:00,J P Nagar
86a75dd11114,12.888128,77.581147,theft,2016-04-28T00:00:00,J P Nagar
9e8422903bdf,12.915921,77.539574,theft,2016-04-28T00:00:00,J P Nagar
e7178bb81791,12.875476,77.570418,theft,2016-01-05T00:00:00,J P Nagar
5adbe04a12e9,12.918254,77.54331,theft,2016-11-05T22:50:00,J P Nagar
57ed22ed8a38,12.90708,77.550142,theft,2016-12-05T00:00:00,J P Nagar
3ac98ee6527b,12.891089,77.554977,theft,2016-05-14T00:00:00,J P Nagar
32c422510417,12.883501,77.569023,theft,2016-05-20T00:00:00,J P Nagar
6aac9fe03ff8,12.892014,77.569447,theft,2016-05-21T00:00:00,J P Nagar
762b0354c9ac,12.890471,77.57081,theft,2016-05-22T00:00:00,J P Nagar
0d602fc4b735,12.918345,77.55185,theft,2016-05-24T23:00:00,J P Nagar
eb304e8e18fb,12.873695,77.583179,theft,2016-05-24T23:30:00,J P Nagar
d4978f26ed47,12.91081,77.537718,theft,2016-05-25T00:00:00,J P Nagar
7e7a90fa0c52,12.87795,77.583002,theft,2016-05-25T01:59:00,J P Nagar
bf8561ed7a6b,13.007485,77.56788,theft,2016-05-29T00:00:00,J P Nagar
1ac0642ab43f,12.891898,77.552369,theft,2016-03-09T00:00:00,J P Nagar
df1b2504ead8,12.894035,77.555254,theft,2016-03-06T20:10:00,J P Nagar
8aea0c8287f9,12.877687,77.580717,theft,2016-04-06T00:00:00,J P Nagar
9a0e64c4820e,12.905722,77.535581,theft,2016-11-06T00:00:00,J P Nagar
cac0e0a3c705,12.884964,77.557676,theft,2016-06-14T12:15:00,J P Nagar
994d4ea15c55,12.911738,77.556877,theft,2016-06-14T00:00:00,J P Nagar
e1d5da67e400,12.894866,77.551295,theft,2016-06-15T00:00:00,J P Nagar
5897a6e4ad0e,12.907598,77.534811,theft,2016-06-16T22:15:00,J P Nagar
7825db9b0d99,12.890357,77.563787,theft,2016-06-16T12:00:00,J P Nagar
03ec51959124,12.905409,77.542245,theft,2016-06-17T00:00:00,J P Nagar
3beed93aec27,12.909889,77.550963,theft,2016-06-18T00:00:00,J P Nagar
61ba9ddb5c41,12.873695,77.583179,theft,2016-06-21T23:30:00,J P Nagar
03dd632ef7f3,12.906572,77.546447,theft,2016-06-21T00:00:00,J P Nagar
bfec90635133,12.89689,77.571363,theft,2016-06-28T00:00:00,J P Nagar
fb4c057e1b27,12.888712,77.573773,theft,2016-06-28T00:00:00,J P Nagar
cffa9780be07,12.88357,77.580609,theft,2016-06-29T12:30:00,J P Nagar
f68d608a5410,12.90533,77.5449,theft,2016-08-07T00:22:00,J P Nagar
ff18597e18ed,12.915403,77.548967,theft,2016-08-07T00:00:00,J P Nagar
9ad3e9436a70,12.909892,77.556735,theft,2016-09-07T00:00:00,J P Nagar
4e852b9c4724,12.915647,77.539104,theft,2016-09-07T00:00:00,J P Nagar
04307b08940d,12.891389,77.570092,theft,2016-12-07T22:27:00,J P Nagar
65f5addd9c23,12.908096,77.548538,theft,2016-07-14T00:00:00,J P Nagar
61397d992966,12.875443,77.582926,theft,2016-07-14T00:00:00,J P Nagar
3327c39ca51a,12.911638,77.538127,theft,2016-07-28T00:00:00,J P Nagar
da294ee06f2b,12.88865,77.5613,theft,2016-02-08T12:00:00,J P Nagar
64d498ca3133,12.906745,77.543739,theft,2016-08-18T12:30:00,J P Nagar
53c99d62ebd5,12.912981,77.558154,theft,2016-08-23T00:00:00,J P Nagar
3a1b1920aa57,12.917527,77.545376,theft,2016-08-30T00:00:00,J P Nagar
41f8103636ad,12.908746,77.555466,theft,2016-08-31T22:30:00,J P Nagar
df2a3c571338,12.915866,77.539798,theft,2016-05-09T00:00:00,J P Nagar
660a8e196a8e,12.918345,77.55185,theft,2016-08-09T22:30:00,J P Nagar
44abaf7384b3,12.895372,77.550324,theft,2016-10-09T00:00:00,J P Nagar
4f831f0dfddd,12.894866,77.551295,theft,1900-01-12T12:00:30,J P Nagar
d7ce1a79880c,12.875443,77.582926,theft,2016-09-13T22:00:00,J P Nagar
42099aa0fa7a,12.88259,77.555562,theft,2016-09-17T00:00:00,J P Nagar
d842dc8905fc,12.906745,77.543739,theft,2016-09-21T00:00:00,J P Nagar
c88816a4b9b5,12.891389,77.570092,theft,2016-09-26T00:00:00,J P Nagar
515ec16a7792,12.890626,77.564056,theft,2016-09-26T00:00:00,J P Nagar
15e27d73d84d,12.906745,77.543739,theft,2016-09-27T22:05:00,J P Nagar
4d84e16de244,12.891805,77.55394,theft,2016-09-27T00:00:00,J P Nagar
9d703abafd3f,12.906745,77.543739,theft,2016-09-30T10:30:00,J P Nagar
963cf85801b5,12.909888,77.557636,theft,2016-09-30T11:00:00,J P Nagar
8e3326c488f3,12.884128,77.582068,theft,2016-09-30T11:30:00,J P Nagar
5a990d726e79,12.916973,77.561392,theft,2016-02-10T00:00:00,J P Nagar
f0d716794738,12.915647,77.539104,theft,2016-03-10T10:00:00,J P Nagar
928cec116f37,12.878101,77.582336,theft,2016-05-10T11:00:00,J P Nagar
ee08ab7d8bf9,12.914223,77.539294,theft,2016-05-10T11:30:00,J P Nagar
fe6625878cf9,12.906745,77.543739,theft,2016-05-10T00:00:00,J P Nagar
25a43fdbe3f5,12.90471,77.544888,theft,2016-08-10T09:30:00,J P Nagar
ad7654a2a694,12.888128,77.581147,theft,2016-08-10T00:00:00,J P Nagar
75075bf30163,12.90533,77.5449,theft,2016-11-10T00:00:00,J P Nagar
619403368a15,12.883044,77.568522,theft,2016-10-14T10:15:00,J P Nagar
07cf393b18c3,12.869849,77.587647,theft,2016-10-15T00:00:00,J P Nagar
ea9a68f327e5,12.87795,77.583002,theft,2016-10-18T00:00:00,J P Nagar
8356ef88556f,12.870236,77.57874,theft,2016-10-19T00:00:00,J P Nagar
4e82b634a011,12.9085,77.549653,theft,2016-10-21T12:30:00,J P Nagar
ed8c71e47020,12.875443,77.582926,theft,2016-10-23T00:00:00,J P Nagar
226734512f2c,12.876057,77.569068,theft,2016-10-24T12:30:00,J P Nagar
5ec18eb6a0a2,12.886884,77.581079,theft,2016-10-25T00:30:00,J P Nagar
53eb1cfa169c,12.906745,77.543739,theft,2016-10-26T00:00:00,J P Nagar
ffbef08254ba,12.911738,77.556877,theft,2016-10-27T10:00:00,J P Nagar
d0c88ee00f9e,12.879991,77.567395,theft,2016-10-27T00:00:00,J P Nagar
171756883deb,12.882737,77.556523,theft,2016-10-27T00:00:00,J P Nagar
abe32e8c4fde,12.882555,77.556355,theft,2016-10-28T00:00:00,J P Nagar
9bfccbc09876,12.879151,77.576837,theft,2016-03-11T00:00:00,J P Nagar
84679314055c,12.899373,77.550967,theft,2016-03-11T20:30:00,J P Nagar
356c6c7f9404,12.909888,77.557636,theft,2016-05-11T00:00:00,J P Nagar
aa620700662e,12.911738,77.556877,theft,2016-06-11T23:00:00,J P Nagar
fad7de94b589,12.9074,77.551215,theft,2016-09-11T00:00:00,J P Nagar
28004861c8d3,12.894035,77.555254,theft,2016-07-11T00:00:00,J P Nagar
45ea0047db95,12.906745,77.543739,theft,2016-11-15T00:00:00,J P Nagar
0b9450c455b7,12.913122,77.591784,theft,2016-11-17T00:00:00,J P Nagar
1194e953b51e,12.88357,77.580609,theft,2016-11-17T00:00:00,J P Nagar
5f1bac65ed24,12.90471,77.544888,theft,2016-11-18T00:00:00,J P Nagar
7da62da787ae,12.9074,77.551215,theft,2016-11-19T00:00:00,J P Nagar
2e5fe945a6ec,12.869849,77.587647,theft,2016-11-20T00:00:00,J P Nagar
341f36a1b552,12.90471,77.544888,theft,2016-11-29T00:00:00,J P Nagar
d2b3a4cfbb31,12.90796,77.532092,theft,2016-01-12T21:45:00,J P Nagar
de2a0cc14159,12.886884,77.581079,theft,2016-07-12T10:30:00,J P Nagar
d2c01551d504,12.906745,77.543739,theft,2016-09-12T12:45:00,J P Nagar
b0fd95e03550,12.882985,77.557357,theft,2016-10-12T12:35:00,J P Nagar
551bfbdab9e5,12.909314,77.555266,theft,2016-12-13T00:00:00,J P Nagar
fa567028d5f0,12.891171,77.569903,theft,2016-12-13T00:00:00,J P Nagar
61a3d15ff44a,12.885633,77.548259,theft,2016-12-15T00:00:00,J P Nagar
b91e9878fdc1,12.909777,77.556462,theft,2016-12-15T00:00:00,J P Nagar
0a5a170aef1a,12.881832,77.566935,theft,2016-12-17T00:00:00,J P Nagar
150c95c4f3aa,12.909441,77.557215,theft,2016-12-17T00:00:00,J P Nagar
1fc4a66de184,12.88259,77.555562,theft,2016-12-18T00:00:00,J P Nagar
4e9aac7273a9,12.909888,77.557636,theft,2016-12-19T00:00:00,J P Nagar
32a2726d3293,12.879151,77.576837,theft,2016-12-22T00:00:00,J P Nagar
00fe9edb00b2,12.883223,77.565792,theft,2016-12-26T12:10:00,J P Nagar
c5c66a34029b,12.883223,77.565792,theft,2016-12-28T00:00:00,J P Nagar
ffb0c8df87ed,12.882555,77.556355,theft,2017-04-01T00:00:00,J P Nagar
95898b2e4363,12.909583,77.556962,theft,2017-09-01T00:00:00,J P Nagar
c47983b6919c,12.891089,77.554977,theft,2017-10-01T00:00:00,J P Nagar
0816eeba491f,12.905342,77.585956,theft,2017-01-16T10:00:00,J P Nagar
edd0b8c90613,12.91354,77.556039,theft,2017-01-16T11:00:00,J P Nagar
e95363946434,12.899001,77.544042,theft,2017-01-16T00:00:00,J P Nagar
f223d08464ce,12.867172,77.5831,theft,2017-01-18T10:00:00,J P Nagar
65eb932a5e75,12.888722,77.570219,theft,2017-01-21T10:10:00,J P Nagar
a03604799bbf,12.906237,77.541983,theft,2017-01-20T00:00:00,J P Nagar
7f628237f07b,12.888722,77.570219,theft,2017-01-21T11:30:00,J P Nagar
3b518952fb66,12.914657,77.550908,theft,2017-01-21T11:40:00,J P Nagar
3e8a41c78946,12.915647,77.539104,theft,2017-01-28T00:00:00,J P Nagar
bb524dc5b793,12.909911,77.557032,theft,2017-01-29T00:00:00,J P Nagar
fd86e6bd7e1a,13.007485,77.56788,theft,2017-01-31T11:00:00,J P Nagar
a8468549ede2,12.916884,77.542011,theft,2017-01-02T00:00:00,J P Nagar
3bf4f5b6076d,12.892,77.574282,theft,2017-03-02T00:00:00,J P Nagar
912993792b02,12.882931,77.56709,theft,2017-11-02T02:23:00,J P Nagar
12f596de4b42,12.915632,77.555254,theft,2017-11-02T00:00:00,J P Nagar
f1e09dc1ac16,12.916884,77.542011,theft,2017-02-20T00:00:00,J P Nagar
7b6ac09271bf,12.867172,77.5831,theft,2017-02-21T10:45:00,J P Nagar
da539c69f65c,12.891727,77.572315,theft,2017-02-21T00:00:00,J P Nagar
9ab3fa75adcd,12.901525,77.585102,theft,2017-02-25T00:00:00,J P Nagar
cdecb041e131,12.910942,77.556233,theft,2017-02-25T00:00:00,J P Nagar
a3c5297de827,12.903154,77.543861,theft,2017-02-28T11:30:00,J P Nagar
1c028422a5d6,12.899001,77.544042,theft,2017-03-03T00:00:00,J P Nagar
16542b3b82c8,12.880103,77.574261,theft,2017-09-03T00:00:00,J P Nagar
64653f40b879,12.892469,77.575408,theft,2017-03-13T00:00:00,J P Nagar
bc25a8483a8d,12.910319,77.556393,theft,2017-03-25T11:00:00,J P Nagar
c469230cda96,12.89025,77.582188,theft,2017-01-04T00:00:00,J P Nagar
edae4975c298,12.889471,77.574208,theft,2017-04-04T00:00:00,J P Nagar
a89b7bc50eea,12.908713,77.582029,theft,2017-05-04T00:00:00,J P Nagar
3f7e56ed17fa,12.89877,77.549872,theft,2017-04-15T00:00:00,J P Nagar
0e7215d9fb68,12.910412,77.536663,theft,2017-04-24T11:00:00,J P Nagar
c66839a285a0,12.911738,77.556877,theft,2017-03-05T00:00:00,J P Nagar
e75a186d79d1,12.889821,77.579747,theft,2017-04-05T00:00:00,J P Nagar
8036d6d0a6de,12.872565,77.581321,theft,2017-05-05T12:40:00,J P Nagar
2f3229e2bbde,12.906994,77.535826,theft,2017-06-05T00:00:00,J P Nagar
c03a603dbeff,12.905759,77.542703,theft,2017-07-05T00:00:00,J P Nagar
7cbf43db6dd7,12.908251,77.592162,theft,2017-08-05T00:00:00,J P Nagar
8ac91e5576bc,12.880459,77.564035,theft,2016-05-15T11:00:00,J P Nagar
f7c38a1b501a,12.909777,77.556462,theft,2017-05-17T00:00:00,J P Nagar
bb2c3001f707,12.889623,77.572132,theft,2017-05-19T12:20:00,J P Nagar
276e15f4e8c5,12.867172,77.5831,theft,2016-05-20T00:00:00,J P Nagar
50b7e70ca515,12.909314,77.555266,theft,2017-08-06T22:30:00,J P Nagar
c09c1f25a8c1,12.905722,77.535581,theft,2017-10-06T00:00:00,J P Nagar
0372893a1a84,12.883141,77.557939,theft,2017-06-19T00:00:00,J P Nagar
f0585ebe6f6a,12.908022,77.589082,theft,2017-06-23T10:00:00,J P Nagar
55a47d7281f5,12.909809,77.553588,theft,2017-06-25T00:00:00,J P Nagar
19e03dcd0ff3,12.909809,77.553588,theft,2017-06-25T00:00:00,J P Nagar
dcb785fca566,12.909583,77.556962,theft,2017-06-29T10:00:00,J P Nagar
bfadb59e4146,12.883141,77.564983,theft,2017-03-07T00:00:00,J P Nagar
e6ef6db6b222,12.89022,77.563058,theft,2017-05-07T00:00:00,J P Nagar
28908ebf31a3,12.88858,77.561203,theft,2017-09-07T12:30:00,J P Nagar
a2fdb1b29fdc,12.909121,77.551549,theft,2017-11-07T00:00:00,J P Nagar
12a1ed1e69ce,12.908622,77.555316,theft,2017-07-13T12:30:00,J P Nagar
8428e72e101f,12.882931,77.56709,theft,2017-07-15T00:00:00,J P Nagar
9402dcf86d67,12.867172,77.5831,theft,2017-07-24T22:30:00,J P Nagar
a559aae76a46,12.885666,77.553498,theft,2017-02-08T00:00:00,J P Nagar
fcd69a3aa02a,12.915058,77.554827,theft,2017-03-08T00:00:00,J P Nagar
20bb6c795f23,12.913867,77.542839,theft,2017-08-08T11:30:00,J P Nagar
fecc69af03a5,12.911738,77.556877,theft,2017-09-08T00:00:00,J P Nagar
08edac81a2a3,12.908602,77.53621,theft,2017-11-08T00:00:00,J P Nagar
35ac9a325169,12.905722,77.535581,theft,2017-08-16T00:00:00,J P Nagar
ef60ee4b81f5,12.909135,77.553253,theft,2017-08-28T00:00:00,J P Nagar
c8eb40a3868d,12.913867,77.542839,theft,2019-08-24T00:00:00,J P Nagar
33e2fdd4f95c,12.911738,77.556877,theft,2017-08-28T00:00:00,J P Nagar
f16b94f2fee7,12.915058,77.554827,theft,2017-08-29T00:00:00,J P Nagar
96db542d8d00,12.91384,77.564018,theft,2017-03-09T11:45:00,J P Nagar
5dd4cf48fc07,12.867172,77.5831,theft,2017-07-09T16:40:00,J P Nagar
07ddd4e18e66,12.910229,77.548159,theft,2017-07-09T00:00:00,J P Nagar
ed25ba20fc51,12.915647,77.539104,theft,2017-09-09T00:00:00,J P Nagar
c50079ab5383,12.867172,77.5831,theft,2017-09-13T00:00:00,J P Nagar
6154f5569475,12.905759,77.542703,theft,2017-09-19T00:00:00,J P Nagar
0e3c1677212d,12.913867,77.542839,theft,2017-09-23T00:00:00,J P Nagar
fb88663645b8,12.880103,77.574261,theft,2017-07-10T12:30:00,J P Nagar
46fd86d60e50,12.900568,77.543023,theft,2017-07-10T00:00:00,J P Nagar
422832680f70,12.912739,77.548789,theft,2017-10-10T00:00:00,J P Nagar
70c445830e37,12.911738,77.556877,theft,2017-11-10T12:30:00,J P Nagar
dad9ac1d8f2c,12.910643,77.550887,theft,2017-11-10T00:00:00,J P Nagar
6489de8561b4,12.916884,77.542011,theft,2017-10-17T21:15:00,J P Nagar
f5f5e53c478a,12.882896,77.566478,theft,2017-10-23T00:00:00,J P Nagar
6716730d2ce3,12.912739,77.548789,theft,2017-10-26T00:00:00,J P Nagar
76e968c7fa8b,12.90471,77.544888,theft,2017-10-27T11:50:00,J P Nagar
7ee6946a69c6,12.911099,77.546512,theft,2017-10-31T00:00:00,J P Nagar
8a8e50b7fdb9,12.91789,77.559799,theft,2017-07-11T20:30:00,J P Nagar
20f1deece1aa,12.891089,77.554977,theft,2017-11-11T09:00:00,J P Nagar
8b783ce02c0d,12.908363,77.553685,theft,2017-11-13T11:10:00,J P Nagar
ae284b488a25,12.89025,77.582188,theft,2017-11-16T22:15:00,J P Nagar
93262999cc5a,12.880567,77.566924,theft,2019-11-16T00:00:00,J P Nagar
a92e64e2c81a,12.910229,77.548159,theft,2017-11-18T00:00:00,J P Nagar
dc17917d495b,12.917527,77.545376,theft,2017-11-28T12:30:00,J P Nagar
09e11efde76b,12.912501,77.594034,theft,2017-11-28T12:40:00,J P Nagar
087a69586ded,12.915901,77.547469,theft,2017-11-29T13:30:00,J P Nagar
8bd510e1dd61,12.890302,77.557487,theft,2017-11-29T00:00:00,J P Nagar
d40dc391c8e1,12.890553,77.573093,theft,2017-11-30T10:15:00,J P Nagar
1937a2d294d4,12.906909,77.551456,theft,2017-06-12T00:00:00,J P Nagar
af6d13a06b4d,12.907451,77.545568,theft,2017-11-12T12:30:00,J P Nagar
f8ff177638d8,12.904502,77.529986,theft,2017-12-17T00:00:00,J P Nagar
3dd2783012cc,12.905722,77.535581,theft,2017-12-19T00:00:00,J P Nagar
166c1024ac2c,12.905722,77.535581,theft,2017-12-21T10:00:00,J P Nagar
3b71a948ca2e,12.89022,77.563058,theft,2017-12-24T00:00:00,J P Nagar
5f454af2b012,12.915058,77.554827,theft,2017-12-27T00:00:00,J P Nagar
8305e74bdcea,12.901082,77.547538,theft,2017-12-29T11:35:00,J P Nagar
bff3dcdd5afa,12.903573,77.543788,theft,2017-12-30T00:00:00,J P Nagar
d20cbc2cea17,12.909809,77.553588,theft,2017-12-31T00:00:00,J P Nagar
f54d9a43c4f4,12.888722,77.570219,theft,2017-12-31T00:00:00,J P Nagar
1466adea2f31,12.897608,77.550628,theft,2017-12-31T00:00:00,J P Nagar
2c3350482be1,12.892,77.574282,theft,2018-01-20T00:00:00,J P Nagar
8cd2d7932186,12.905539,77.551436,theft,2018-02-03T00:00:00,J P Nagar
40c8ceabcd4f,12.905905,77.542732,theft,2018-11-03T00:00:00,J P Nagar
b8994f8be1fc,12.897602,77.545754,theft,2018-03-13T11:00:00,J P Nagar
d8eaa4afcdcd,12.909777,77.556462,theft,2018-09-03T00:00:00,J P Nagar
30d1b2f2d87a,12.900568,77.543023,theft,2018-03-22T10:00:00,J P Nagar
146881658b52,12.907451,77.545568,theft,2018-03-30T00:00:00,J P Nagar
f17fe171bc0a,12.905722,77.535581,theft,2018-05-04T00:00:00,J P Nagar
6c5c4ec60fca,12.913867,77.542839,theft,2018-07-05T00:00:00,J P Nagar
c4d3ca4562de,12.889924,77.5808,theft,2018-05-25T00:00:00,J P Nagar
f4f3bc4e8ca7,12.881347,77.574735,theft,2018-05-28T00:00:00,J P Nagar
ae739602a155,12.914544,77.540162,theft,2018-10-05T18:00:00,J P Nagar
4c8368235179,12.911738,77.556877,theft,2018-08-06T00:00:00,J P Nagar
5c703f739b6b,12.917392,77.560815,theft,2018-06-13T22:00:00,J P Nagar
06d628594c58,12.911345,77.538124,theft,2018-06-19T00:00:00,J P Nagar
2c055c24cb19,12.89025,77.582188,theft,2018-06-26T00:00:00,J P Nagar
2d2fd3423666,12.915681,77.550163,theft,2018-06-30T10:10:00,J P Nagar
b208ae0d4406,12.911404,77.536855,theft,2018-07-15T00:00:00,J P Nagar
5e26685a76c1,12.909314,77.555266,theft,2018-07-21T00:00:00,J P Nagar
224e68e8b8b6,12.905722,77.535581,theft,2018-07-21T00:00:00,J P Nagar
9ba3cb581511,12.917661,77.542187,theft,2018-04-08T00:00:00,J P Nagar
23b46c79e4ab,12.893444,77.569935,theft,2018-08-21T09:30:00,J P Nagar
be1d5e9d1183,12.908859,77.590672,theft,2018-08-21T12:00:00,J P Nagar
752f85d6775c,12.903573,77.543788,theft,2018-08-23T16:00:00,J P Nagar
660f87860fe6,12.917397,77.545338,theft,2018-04-09T10:30:00,J P Nagar
68900a2b8e1c,12.893332,77.570007,theft,2018-04-09T12:00:00,J P Nagar
973a00c85e5d,12.917986,77.553778,theft,2018-08-09T12:00:00,J P Nagar
fa81855be3df,12.909121,77.551549,theft,2018-11-09T14:00:00,J P Nagar
32c4ad121fc8,12.888722,77.570219,theft,2018-11-09T18:30:00,J P Nagar
89ecc43a771d,12.888887,77.5718,theft,2018-09-18T11:45:00,J P Nagar
a33b17c131b6,12.889484,77.562321,theft,2018-09-18T12:30:00,J P Nagar
efe6324688d3,12.917986,77.553778,theft,2018-09-21T17:00:00,J P Nagar
c1d4f289b345,12.914298,77.550758,theft,2018-09-29T14:00:00,J P Nagar
7d8b2cd43581,12.889924,77.5808,theft,2018-01-10T13:10:00,J P Nagar
98df67d2b395,12.917196,77.542086,theft,2018-04-10T10:30:00,J P Nagar
5e6a31589814,12.910085,77.556566,theft,2018-11-10T12:00:00,J P Nagar
4d71a85bf5d5,12.913963,77.539326,theft,2018-10-15T12:00:00,J P Nagar
28a2fa5c1274,12.902455,77.541814,theft,2018-10-17T18:00:00,J P Nagar
6a028bdac71a,12.895372,77.550324,theft,2018-10-18T12:00:00,J P Nagar
294eadc6ca58,12.883766,77.568425,theft,2018-10-27T13:00:00,J P Nagar
9201b58398d1,12.880103,77.574261,theft,2018-10-30T12:00:00,J P Nagar
a300b2f0e8a9,12.915058,77.554827,theft,2018-10-31T13:00:00,J P Nagar
b0f736ec0419,12.915336,77.593215,theft,2018-08-11T17:00:00,J P Nagar
75e73cb40593,12.907036,77.535715,theft,2018-11-14T12:00:00,J P Nagar
dbbbe2529885,12.905409,77.542245,theft,2018-11-15T21:30:00,J P Nagar
32721adab00f,12.910849,77.537456,theft,2018-11-20T16:00:00,J P Nagar
37f0b8387cb7,12.905722,77.535581,theft,2018-11-27T10:30:00,J P Nagar
8fcd56cd62da,12.907528,77.552916,theft,2018-11-27T21:30:00,J P Nagar
24f17059ed27,12.910824,77.543982,theft,2018-05-12T14:42:00,J P Nagar
c4630499d4d0,12.909888,77.557636,theft,2018-09-12T13:30:00,J P Nagar
a0129fd4e4b6,12.889924,77.5808,theft,2018-12-25T17:00:00,J P Nagar
40cbf7f96aa9,12.878065,77.571171,theft,2018-12-31T14:00:00,J P Nagar
09972f27e1b7,12.915632,77.555254,theft,2019-08-01T19:45:00,J P Nagar
a06ef045d477,12.909583,77.556962,theft,2019-01-28T12:00:00,J P Nagar
10ea9aaa11c4,12.901082,77.547538,theft,2019-04-02T14:55:00,J P Nagar
ed5c6443507d,12.904502,77.529986,theft,2019-09-03T14:30:00,J P Nagar
098047a1528a,12.901082,77.547538,theft,2019-03-21T13:30:00,J P Nagar
cdc86f659509,12.906982,77.552059,theft,2019-03-29T09:00:00,J P Nagar
1181fc2cd5b3,12.915271,77.537711,theft,2019-03-30T15:30:00,J P Nagar
f29acb0f9824,12.905483,77.54276,theft,2019-05-04T15:00:00,J P Nagar
1ced33b61ab6,12.889471,77.574208,theft,2019-05-04T15:30:00,J P Nagar
107928019d2d,12.891579,77.581429,theft,2019-05-04T16:30:00,J P Nagar
1092a5dc087d,12.882805,77.565042,theft,2019-04-13T18:00:00,J P Nagar
c68ef973789c,12.89877,77.549872,theft,2019-10-05T15:00:00,J P Nagar
c266e2a816cd,12.903139,77.55107,theft,2019-05-16T17:30:00,J P Nagar
e6c7c7589cd8,12.912126,77.55578,theft,2019-05-19T19:30:00,J P Nagar
3e3d52469bc2,12.898251,77.548007,theft,2019-05-25T10:00:00,J P Nagar
7a51d88b31ee,12.900157,77.550466,theft,2019-04-06T11:00:00,J P Nagar
0f0945a250a8,12.909121,77.551549,theft,2019-06-26T17:00:00,J P Nagar
19376a81018e,12.917397,77.545338,theft,2019-01-07T17:30:00,J P Nagar
291f3868c459,12.889821,77.579747,theft,2019-03-07T11:00:00,J P Nagar
ac75ca1d03ec,12.906027,77.545556,theft,2019-07-21T12:00:00,J P Nagar
59080048fdae,12.911323,77.556972,theft,2019-07-28T10:00:00,J P Nagar
269e52e141ec,12.905759,77.542703,theft,2019-11-08T22:00:00,J P Nagar
fff7ef112302,12.895372,77.550324,theft,2019-12-08T18:00:00,J P Nagar
035dd89fe354,12.89877,77.549872,theft,2019-08-24T08:45:00,J P Nagar
f46257d09f45,12.880103,77.574261,theft,2019-08-28T18:15:00,J P Nagar
3e1b2ed0aa56,12.882555,77.556355,theft,2019-08-28T18:30:00,J P Nagar
bc0760ef7efb,13.007485,77.551076,theft,2019-02-10T14:00:00,J P Nagar
dbd63e90f77d,12.879085,77.56781,theft,2019-10-13T16:00:00,J P Nagar
666112e0fa1b,12.880103,77.574261,theft,2019-10-14T21:00:00,J P Nagar
6787e261a4c6,12.89025,77.582188,theft,2019-10-23T10:00:00,J P Nagar
b0619078dd31,12.915647,77.539104,theft,2019-09-11T15:30:00,J P Nagar
d17556ca3b1c,12.911738,77.556877,theft,2019-11-30T22:00:00,J P Nagar
b25b5fed3b9d,12.910319,77.556393,theft,2019-02-12T20:00:00,J P Nagar
5eabb5545455,12.909121,77.551549,theft,2019-12-28T13:30:00,J P Nagar
3e7f41458177,12.877624,77.503474,theft,2015-01-16T18:00:00,J P Nagar
041a8ae70f20,12.868557,77.574874,theft,2015-01-02T18:00:00,J P Nagar
6712e8e2f02b,12.890277,77.539519,theft,2015-06-02T20:15:00,J P Nagar
55560a19557b,12.879408,77.545308,theft,2015-02-24T20:15:00,J P Nagar
bd57fa4aaab4,12.873752,77.531731,theft,2015-04-03T11:00:00,J P Nagar
80d7ad895a6e,12.874702,77.568832,theft,2015-03-25T14:15:00,J P Nagar
3bc8f1466b97,12.87941,77.54512,theft,2015-03-25T19:00:00,J P Nagar
fd1b97064b82,12.882304,77.546402,theft,2015-03-28T11:00:00,J P Nagar
56be4d3f65a1,12.890309,77.519725,theft,2015-03-31T16:30:00,J P Nagar
5281da1567bd,12.882146,77.546251,theft,2015-02-04T13:00:00,J P Nagar
1f85a605e22a,12.874461,77.544645,theft,2015-06-28T11:30:00,J P Nagar
bd97fb53e692,12.876479,77.542305,theft,2015-02-07T13:30:00,J P Nagar
e00cfef93b27,12.879408,77.545308,theft,2015-01-08T17:30:00,J P Nagar
0bcdc930793a,12.879408,77.545308,theft,2015-05-08T11:30:00,J P Nagar
01d65b09b6b1,12.869127,77.56841,theft,2015-06-08T12:30:00,J P Nagar
b6f48bbd661d,12.879408,77.545308,theft,2015-06-21T11:30:00,J P Nagar
d169131d2879,12.876178,77.546951,theft,2015-09-30T10:30:00,J P Nagar
6e4cc943ee8b,12.879408,77.545308,theft,2015-10-17T17:00:00,J P Nagar
55fc6d93ff15,12.875236,77.539963,theft,2015-10-31T15:30:00,J P Nagar
5729161940fa,12.871118,77.562216,theft,2015-03-11T14:30:00,J P Nagar
677b047776e6,12.8794,77.546049,theft,2015-04-11T11:10:00,J P Nagar
244a2fc31606,12.871221,77.56242,theft,2015-08-11T18:30:00,J P Nagar
c2f243ba0ad1,12.87213,77.564301,theft,2015-07-12T15:00:00,J P Nagar
a08cfab56188,12.875062,77.542607,theft,2015-11-12T21:00:00,J P Nagar
e7698cda217a,12.874978,77.542085,theft,2015-12-18T10:45:00,J P Nagar
693493aa10d1,12.879408,77.545308,theft,2015-12-21T10:00:00,J P Nagar
829961f2b034,12.874266,77.542421,theft,2015-12-25T16:00:00,J P Nagar
402e27489c0a,12.87736,77.517883,theft,2016-08-02T10:30:00,J P Nagar
cae9ddee68e7,12.879633,77.544387,theft,2016-02-03T21:55:00,J P Nagar
6ea0ba47f178,12.873042,77.532601,theft,2016-09-18T13:45:00,J P Nagar
bb733855dfd5,12.905313,77.581746,theft,2016-04-21T13:30:00,J P Nagar
b9272d9597aa,12.86895,77.536559,theft,2016-04-22T16:30:00,J P Nagar
752e40fdd622,12.877766,77.526946,theft,2016-04-22T21:00:00,J P Nagar
ee690677e91d,12.887066,77.543303,theft,2016-12-05T18:10:00,J P Nagar
613fc8d4855e,12.866777,77.534346,theft,2016-10-07T15:00:00,J P Nagar
b78f08a08544,12.872061,77.559914,theft,2016-07-23T21:00:00,J P Nagar
62418ba937b3,12.876818,77.531179,theft,2016-05-08T17:00:00,J P Nagar
323063df2253,12.879448,77.513354,theft,2016-08-16T11:00:00,J P Nagar
047e41eeb665,12.874194,77.51219,theft,2016-12-10T00:00:00,J P Nagar
ac0d27fc2ccb,12.855212,77.553361,theft,2016-04-11T12:00:00,J P Nagar
56e36aa8a10d,12.880968,77.545877,theft,2016-09-11T12:00:00,J P Nagar
9383adfbe16c,12.867642,77.535364,theft,2016-08-12T18:00:00,J P Nagar
fc002cc6e023,12.867642,77.535364,theft,2016-12-30T12:45:00,J P Nagar
fdc7a53c3c24,12.86869,77.569688,theft,2016-12-30T17:00:00,J P Nagar
3f24e57515b9,12.892566,77.524068,theft,2017-10-01T12:30:00,J P Nagar
732bfacf6249,12.874883,77.539537,theft,2017-12-01T11:00:00,J P Nagar
8cf586b45e2d,12.870417,77.53452,theft,2017-02-07T11:00:00,J P Nagar
5a849645703b,12.909401,77.589361,theft,2017-02-25T17:00:00,J P Nagar
e31197660c08,12.87605,77.53775,theft,2017-08-03T15:45:00,J P Nagar
3a16350c41db,12.875168,77.552815,theft,2017-03-21T10:15:00,J P Nagar
1efe4d0a3e80,12.881655,77.538172,theft,2017-03-27T09:30:00,J P Nagar
0d124e77ede4,12.859956,77.566246,theft,2017-04-04T11:30:00,J P Nagar
cca8c3ed51bb,12.870031,77.565897,theft,2017-05-16T12:00:00,J P Nagar
2d669a68751c,12.892459,77.524063,theft,2017-05-24T10:45:00,J P Nagar
58018c39c431,12.882391,77.545366,theft,2017-08-06T14:45:00,J P Nagar
036af4563cba,12.888931,77.542637,theft,2017-06-14T13:30:00,J P Nagar
3f7ac70eaa0a,12.886651,77.538595,theft,2017-06-23T13:20:00,J P Nagar
482d590224e2,12.873365,77.53268,theft,2017-08-08T12:30:00,J P Nagar
5ab25361be5e,12.886792,77.545222,theft,2017-08-24T16:30:00,J P Nagar
55be4e0489a4,12.87186,77.572322,theft,2017-09-18T14:30:00,J P Nagar
6492c8dd8656,12.900051,77.53957,theft,2017-06-10T20:00:00,J P Nagar
432654ed0686,12.863357,77.556833,theft,2017-10-10T11:10:00,J P Nagar
3bd3c47c009d,12.876068,77.551614,theft,2017-10-13T11:30:00,J P Nagar
032c5f86d199,12.884743,77.54812,theft,2017-10-23T17:15:00,J P Nagar
fe0576544074,12.872441,77.542736,theft,2017-10-28T10:00:00,J P Nagar
9dcd824666d6,12.861725,77.57725,theft,2017-10-31T14:15:00,J P Nagar
66d075dae532,12.86991,77.535721,theft,2017-07-11T19:40:00,J P Nagar
f34f4ae497f8,12.886329,77.545892,theft,2017-11-16T12:30:00,J P Nagar
8a79b0f8c7f3,12.866836,77.535127,theft,2017-05-19T10:30:00,J P Nagar
80152bee8774,12.886622,77.54059,theft,2017-01-12T13:30:00,J P Nagar
041d679890c0,12.887024,77.540498,theft,2017-12-24T17:00:00,J P Nagar
31cfbb118279,12.89274,77.536626,theft,2018-10-04T13:00:00,J P Nagar
42d8c3324999,12.895814,77.57851,theft,2018-07-06T10:30:00,J P Nagar
75d247d09e5d,12.884507,77.540898,theft,2018-12-06T11:30:00,J P Nagar
5919c95dbff9,12.881091,77.545719,theft,2018-06-29T14:30:00,J P Nagar
e22c0852140f,12.878823,77.529835,theft,2018-04-07T18:45:00,J P Nagar
80ed24b5724f,12.854741,77.558752,theft,2018-07-24T12:30:00,J P Nagar
236cef094503,12.886938,77.545271,theft,2018-08-08T21:30:00,J P Nagar
cb7beb35f4f4,12.871903,77.559703,theft,2018-11-09T11:30:00,J P Nagar
3d26215cf377,12.888105,77.547943,theft,2018-09-20T11:00:00,J P Nagar
980451c0b0d7,12.88495,77.539897,theft,2018-09-23T09:45:00,J P Nagar
9853dc74e4ea,12.879433,77.5434,theft,2018-09-25T10:00:00,J P Nagar
614ba7c314d2,12.868462,77.535762,theft,2018-03-04T15:30:00,J P Nagar
8839ab008e1a,12.868393,77.536126,theft,2018-02-10T12:00:00,J P Nagar
ff2113033f5b,12.861823,77.560918,theft,2018-04-10T13:00:00,J P Nagar
d597c6b617ed,12.871903,77.559703,theft,2018-10-14T07:00:00,J P Nagar
361a998530d8,12.880535,77.544034,theft,2018-12-10T17:00:00,J P Nagar
852b18c5ef29,12.871939,77.546442,theft,2018-03-11T13:30:00,J P Nagar
e7de5e89ee2e,12.8731,77.543828,theft,2018-11-19T09:30:00,J P Nagar
2ee5ed38da68,12.874842,77.553166,theft,2018-11-23T11:30:00,J P Nagar
4c7f0d051622,12.883216,77.543523,theft,2018-04-12T13:00:00,J P Nagar
d267f0e4dc3f,12.855333,77.570747,theft,2018-04-12T21:00:00,J P Nagar
48dfb6b1d3c9,12.862301,77.565498,theft,2019-01-19T11:00:00,J P Nagar
c2bb08802f46,12.864271,77.568791,theft,2019-02-14T11:30:00,J P Nagar
56aa075c443d,12.852458,77.659874,theft,2019-03-15T23:00:00,J P Nagar
72bd3359f4af,12.874921,77.553128,theft,2019-03-23T17:00:00,J P Nagar
078388bfad17,12.879218,77.542339,theft,2019-04-25T12:45:00,J P Nagar
f8e39d50b519,12.860019,77.549131,theft,2019-07-05T15:00:00,J P Nagar
2255e3936df6,12.876257,77.546363,theft,2019-07-13T17:00:00,J P Nagar
34c4272df0b8,12.867504,77.571207,theft,2019-07-19T12:20:00,J P Nagar
bd5531be4b99,12.856238,77.567545,theft,2019-07-27T13:00:00,J P Nagar
5160c90355f4,12.876225,77.541865,theft,2019-07-31T10:30:00,J P Nagar
e0a31319b01a,12.863245,77.578415,theft,2019-08-08T17:00:00,J P Nagar
0f004cecfbd4,12.860318,77.535118,theft,2019-08-09T11:30:00,J P Nagar
087d1286c95c,12.870725,77.548058,theft,2019-09-16T19:00:00,J P Nagar
cb6a380d202e,12.884141,77.546082,theft,2019-06-11T16:00:00,J P Nagar
70c9024a031d,12.87706,77.498009,theft,2019-12-25T11:00:00,J P Nagar
fd2368f61292,12.876248,77.542688,theft,2019-12-25T18:30:00,J P Nagar
42cabc6ab4d7,12.853413,77.572877,theft,2019-12-28T12:30:00,J P Nagar
812761471d43,12.890799,77.520248,theft,2019-12-28T21:00:00,J P Nagar
f8bfde0ce8d4,12.888051,77.5805,theft,2017-06-01T00:00:00,J P Nagar
10632403dd09,12.881587,77.5762,theft,2017-11-01T00:00:00,J P Nagar
3a5baa4aaf75,12.88631,77.570697,theft,2017-01-18T17:01:00,J P Nagar
3bddb21ecc9a,12.862054,77.585957,theft,2017-01-19T00:46:00,J P Nagar
58c7dbd8ffa6,12.909248,77.581966,theft,2017-01-20T01:02:00,J P Nagar
938f51c3158a,12.887851,77.573581,theft,2017-01-21T22:54:00,J P Nagar
07e910cd1167,12.88207,77.57099,theft,2017-02-07T11:19:00,J P Nagar
d2f5fab35e64,12.896403,77.570289,theft,2017-02-10T04:36:00,J P Nagar
01c4c200584e,12.882116,77.574506,theft,2017-02-27T05:29:00,J P Nagar
3e3cc411b6fb,12.883242,77.575999,theft,2017-03-14T08:33:00,J P Nagar
ba5935082824,12.862054,77.585957,theft,2017-03-20T20:43:00,J P Nagar
9bb02bc4a353,12.866559,77.571249,theft,2017-03-26T02:51:00,J P Nagar
ddc60a09aebe,12.869404,77.582054,theft,2017-03-04T00:00:00,J P Nagar
a61aad5405ce,12.889349,77.578031,theft,2017-04-04T21:43:00,J P Nagar
0d86741ae0a5,12.895925,77.585328,theft,2017-03-21T23:16:00,J P Nagar
4f93bf3947be,12.892301,77.570581,theft,2017-04-19T09:29:00,J P Nagar
0c54a4c30673,12.896403,77.570289,theft,2017-04-24T23:58:00,J P Nagar
a90c8e59d125,12.885887,77.566884,theft,2017-04-29T13:22:00,J P Nagar
3bb9a980b37a,12.885887,77.566884,theft,2017-05-04T16:49:00,J P Nagar
61937d2a3ff0,12.882084,77.5744,theft,2017-05-07T18:16:00,J P Nagar
3d415b469aae,12.86031,77.581034,theft,2017-05-08T13:08:00,J P Nagar
e2a92488994f,12.883568,77.56841,theft,2017-05-22T07:01:00,J P Nagar
4f3ff2ffdb19,12.877363,77.582778,theft,2017-05-28T12:24:00,J P Nagar
63118a8b0279,12.902638,77.578333,theft,2017-06-10T10:45:00,J P Nagar
2ba9b9a8fee7,12.886002,77.55758,theft,2017-06-14T03:25:00,J P Nagar
1cf04b944526,12.882219,77.565968,theft,2017-06-14T12:33:00,J P Nagar
ceb11454f336,12.881629,77.584344,theft,2017-06-20T22:36:00,J P Nagar
ded60f82584c,12.885572,77.574967,theft,2017-06-21T10:05:00,J P Nagar
c64d4d03bd08,12.885887,77.566884,theft,2017-06-29T17:20:00,J P Nagar
0dc6af038a68,12.869404,77.582054,theft,2017-07-04T09:35:00,J P Nagar
99afda031797,12.859404,77.582054,theft,2017-07-06T08:37:00,J P Nagar
13db67dda14b,12.896403,77.570289,theft,2017-07-14T01:16:00,J P Nagar
8cf3737f9079,12.856921,77.576987,theft,2017-07-17T04:24:00,J P Nagar
7beda10df94a,12.888013,77.560886,theft,2017-07-18T05:57:00,J P Nagar
44ceee2ff0de,12.910968,77.577728,theft,2017-07-25T21:20:00,J P Nagar
12a53ac45dc4,12.885887,77.566884,theft,2017-08-02T05:26:00,J P Nagar
6f042ad26322,12.856443,77.568844,theft,2017-08-08T07:33:00,J P Nagar
c21b4cc9e56b,12.876955,77.582718,theft,2017-08-24T11:44:00,J P Nagar
e3ab573c72e3,12.889522,77.579852,theft,2017-09-03T20:06:00,J P Nagar
0161331e857c,12.876955,77.582718,theft,2017-09-26T09:44:00,J P Nagar
ae8e45421723,12.882219,77.565968,theft,2017-10-20T16:25:00,J P Nagar
5d820b7fe6fc,12.876955,77.582718,theft,2017-10-24T20:27:00,J P Nagar
72473a6af59d,12.888013,77.570886,theft,2017-11-06T13:01:00,J P Nagar
4574ba500bef,12.876955,77.582718,theft,2017-11-09T21:42:00,J P Nagar
44f72f2aceb9,12.894637,77.563974,theft,2017-11-09T00:50:00,J P Nagar
8bd057cd634e,12.874346,77.580568,theft,2017-11-21T20:35:00,J P Nagar
d982fdf69756,12.888222,77.565968,theft,2017-12-10T18:25:00,J P Nagar
ca9203fe0cf9,12.888134,77.576881,theft,2017-12-19T20:10:00,J P Nagar
efb315559f3c,12.876547,77.582718,theft,2017-12-29T07:10:00,J P Nagar
c06ecc180312,12.856442,77.588845,theft,2017-12-30T03:48:00,J P Nagar
9eab9d9c1c45,12.888952,77.579852,theft,2017-12-30T06:39:00,J P Nagar
b3e955fdc377,12.856443,77.588845,theft,2018-01-04T02:53:00,J P Nagar
ce98d7317b46,12.874735,77.580568,theft,2018-01-09T01:54:00,J P Nagar
94de03076937,12.909949,77.593075,theft,2018-01-18T04:55:00,J P Nagar
5055ec6c90ef,12.871268,77.583191,theft,2018-01-21T00:57:00,J P Nagar
0e11d928c621,12.879442,77.566932,theft,2018-01-22T03:46:00,J P Nagar
d5f41c49990f,12.88913,77.565968,theft,2018-01-22T19:18:00,J P Nagar
87eff247ce92,12.881898,77.57622,theft,2018-01-23T02:51:00,J P Nagar
73afe250d442,12.888013,77.570886,theft,2018-01-30T10:16:00,J P Nagar
56058226253a,12.879442,77.566932,theft,2018-02-03T12:42:00,J P Nagar
73654c675144,12.876955,77.582718,theft,2018-02-03T01:08:00,J P Nagar
7668f4be856c,12.876955,77.582718,theft,2018-03-07T01:52:00,J P Nagar
5646798eaa2d,12.881898,77.57622,theft,2018-03-13T08:08:00,J P Nagar
3bfdc0f6bb2f,12.876955,77.582718,theft,2018-03-27T07:16:00,J P Nagar
0d28a4cb48d6,12.874735,77.580569,theft,2018-04-01T00:24:00,J P Nagar
f8ddac1ecf6b,12.888655,77.571018,theft,2018-04-05T10:39:00,J P Nagar
c348893c821d,12.865989,77.580985,theft,2018-04-06T09:24:00,J P Nagar
4d5d32958506,12.882952,77.579852,theft,2018-04-10T06:34:00,J P Nagar
2bad89b426df,12.888201,77.570886,theft,2018-04-27T02:49:00,J P Nagar
2c3972f00e37,12.856443,77.588845,theft,2018-05-16T04:43:00,J P Nagar
9240dc00b4f5,12.865989,77.580985,theft,2018-05-17T11:50:00,J P Nagar
0b04b01452ea,12.882822,77.565968,theft,2018-05-24T05:33:00,J P Nagar
3632ce942f22,12.882822,77.565968,theft,2018-05-24T11:18:00,J P Nagar
36dcffcf3cbc,12.903659,77.590683,theft,2018-05-25T16:16:00,J P Nagar
0658fc93ab01,12.888013,77.570886,theft,2018-05-30T09:56:00,J P Nagar
d19aa97bd00d,12.881898,77.57622,theft,2018-06-02T22:48:00,J P Nagar
1159399b43ae,12.856443,77.588845,theft,2018-06-03T14:11:00,J P Nagar
e507d9633eb3,12.856443,77.588845,theft,2018-06-05T15:23:00,J P Nagar
eb09ffa9f89d,12.865989,77.580985,theft,2018-06-06T18:07:00,J P Nagar
4e6d14d25a38,12.856443,77.588845,theft,2018-06-23T20:16:00,J P Nagar
e4bfee3b1892,12.865989,77.580985,theft,2018-06-24T22:36:00,J P Nagar
916df3527679,12.881898,77.57622,theft,2018-06-28T21:15:00,J P Nagar
dca51563451b,12.913292,77.580373,theft,2018-07-04T11:14:00,J P Nagar
d0caa30d6256,12.910481,77.576711,theft,2018-07-05T14:31:00,J P Nagar
78be6042fc86,12.876955,77.582718,theft,2018-07-05T09:15:00,J P Nagar
4a54524447d8,12.914662,77.579095,theft,2018-07-10T20:21:00,J P Nagar
6129a27075e3,12.876547,77.582718,theft,2018-07-11T06:13:00,J P Nagar
a7d5115aadae,12.888013,77.570886,theft,2018-07-18T14:52:00,J P Nagar
d11cc7b150aa,12.911163,77.579318,theft,2018-07-26T07:49:00,J P Nagar
7e8a129f31d4,12.888013,77.570886,theft,2018-08-05T22:28:00,J P Nagar
e769aadc53ba,12.865989,77.580985,theft,2018-08-05T17:30:00,J P Nagar
fa17fafa6599,12.888013,77.570886,theft,2018-08-07T19:38:00,J P Nagar
290388f3bf05,12.865989,77.580985,theft,2018-08-09T02:17:00,J P Nagar
8e665f2aaa92,12.876547,77.582718,theft,2018-08-13T09:38:00,J P Nagar
a6c2c82e9a94,12.865989,77.580985,theft,2018-08-20T16:13:00,J P Nagar
2b8f6d226b72,12.888013,77.570886,theft,2018-08-21T23:34:00,J P Nagar
815ef054e260,12.888013,77.570886,theft,2018-08-22T11:59:00,J P Nagar
b93c1069fbf2,12.855696,77.574186,theft,2019-08-27T12:33:00,J P Nagar
5c2daf48d282,12.865696,77.568419,theft,2018-09-02T02:36:00,J P Nagar
81e0e354f611,12.87232,77.566016,theft,2018-09-04T10:39:00,J P Nagar
f9faf135835f,12.868232,77.576016,theft,2018-09-05T22:22:00,J P Nagar
5fd25c8e75f7,12.888013,77.570886,theft,2018-09-05T11:38:00,J P Nagar
2214fc894d00,12.875801,77.560886,theft,2018-09-08T14:55:00,J P Nagar
41b29fa2a86f,12.888188,77.570812,theft,2018-09-14T16:03:00,J P Nagar
c8d5bcc3706d,12.888051,77.5805,theft,2018-09-18T21:24:00,J P Nagar
5bfb78a619a2,12.892977,77.57807,theft,2018-10-04T12:17:00,J P Nagar
eb588e08f5d1,12.892977,77.57807,theft,2018-10-12T00:15:00,J P Nagar
32b03315f199,12.888013,77.570886,theft,2018-10-22T12:41:00,J P Nagar
86bb5e6d3d55,12.856443,77.588845,theft,2018-10-29T11:01:00,J P Nagar
d625d3022af7,12.892977,77.57807,theft,2018-11-04T22:34:00,J P Nagar
c478a53ca9f3,12.896403,77.570289,theft,2018-11-11T09:33:00,J P Nagar
2da4ccfa8772,12.895925,77.585328,theft,2018-11-27T22:12:00,J P Nagar
f63aaae0f907,12.888188,77.570812,theft,2018-12-03T12:17:00,J P Nagar
e5f951c48160,12.914911,77.590523,theft,2018-12-08T06:45:00,J P Nagar
388800aa7d82,12.888013,77.570886,theft,2018-12-18T19:28:00,J P Nagar
f2111b835d04,12.888013,77.570886,theft,2018-12-19T16:28:00,J P Nagar
3aed5e9e69af,12.884587,77.569498,theft,2018-12-28T20:43:00,J P Nagar
417088f3e472,12.909297,77.591907,theft,2019-01-09T14:56:00,J P Nagar
d45f2cb057ca,12.895925,77.585328,theft,2019-01-17T09:29:00,J P Nagar
faefb1ef5abe,12.888188,77.570812,theft,2019-01-22T06:19:00,J P Nagar
41b9cdcbbf33,12.866559,77.571249,theft,2019-01-24T04:00:00,J P Nagar
e30ae327e4c1,12.881898,77.57622,theft,2019-01-30T16:02:00,J P Nagar
ede4facb1dec,12.869404,77.582054,theft,2019-02-09T12:13:00,J P Nagar
79f61dbd7003,12.876526,77.562358,theft,2019-02-13T23:29:00,J P Nagar
81fb6347e3d1,12.896403,77.570289,theft,2019-02-21T17:03:00,J P Nagar
95c0f173fc11,12.856443,77.588845,theft,2019-02-23T17:36:00,J P Nagar
ebd321ca0a00,12.85514,77.588799,theft,2019-02-23T15:00:00,J P Nagar
5a06a49d4af9,12.896403,77.570289,theft,2019-03-02T20:45:00,J P Nagar
d9b91f7f2d46,12.866559,77.571249,theft,2019-03-05T14:08:00,J P Nagar
9425b906f120,12.8764,77.581172,theft,2019-03-11T14:48:00,J P Nagar
255e7419ee3f,12.85514,77.588799,theft,2019-03-12T23:03:00,J P Nagar
ec659741019d,12.869404,77.582054,theft,2019-03-12T11:58:00,J P Nagar
70fe41a75a2f,12.856443,77.588845,theft,2019-04-10T04:36:00,J P Nagar
c59270ee0751,12.896403,77.570289,theft,2019-04-12T10:59:00,J P Nagar
85936feb9951,12.881514,77.565853,theft,2019-04-25T05:38:00,J P Nagar
badc5a3512b9,12.852366,77.58176,theft,2019-05-01T23:45:00,J P Nagar
135a870a572d,12.880369,77.575178,theft,2019-05-18T23:10:00,J P Nagar
af3596009e8d,12.87769,77.56715,theft,2019-05-28T12:33:00,J P Nagar
f51d9e7c9779,12.876547,77.582718,theft,2019-06-04T06:51:00,J P Nagar
387a4f0d490c,12.87769,77.56715,theft,2019-06-08T03:58:00,J P Nagar
07f5a65b95a8,12.876547,77.582718,theft,2019-06-19T07:19:00,J P Nagar
04f6533233b3,12.884022,77.583093,theft,2019-06-20T21:52:00,J P Nagar
0109f7cf1de9,12.912958,77.577982,theft,2019-06-21T10:33:00,J P Nagar
ff7c24e45a8f,12.865769,77.56715,theft,2019-07-03T08:48:00,J P Nagar
eb0f4a7395dd,12.85469,77.55715,theft,2019-07-05T02:55:00,J P Nagar
52a61927e3a7,12.87769,77.567115,theft,2019-07-07T05:04:00,J P Nagar
6af42852588a,12.899033,77.593671,theft,2019-07-15T16:08:00,J P Nagar
13d900b3af3e,12.869404,77.582054,theft,2019-07-29T02:19:00,J P Nagar
65fa0266f929,12.876955,77.582718,theft,2019-08-17T16:58:00,J P Nagar
a640e03ffa73,12.866994,77.591193,theft,2019-08-22T09:34:00,J P Nagar
33e70ec2d98f,12.887741,77.56966,theft,2019-08-24T17:17:00,J P Nagar
63b6d3dabf10,12.880744,77.57559,theft,2019-09-05T16:23:00,J P Nagar
9468d01e1e05,12.869404,77.582054,theft,2019-09-11T02:31:00,J P Nagar
c0946b05a74c,12.866559,77.571249,theft,2019-09-16T02:37:00,J P Nagar
5c90a459e18b,12.876955,77.582718,theft,2019-09-17T12:55:00,J P Nagar
eba31c313a26,12.86409,77.584085,theft,2019-09-30T14:24:00,J P Nagar
f7cc957b63f5,12.89122,77.623724,theft,2019-10-15T08:03:00,J P Nagar
57e63d8cb262,12.876955,77.582718,theft,2019-10-21T13:36:00,J P Nagar
7c5dbb2ac27a,12.878194,77.57011,theft,2019-10-22T01:10:00,J P Nagar
968b2ef47257,12.8764,77.581172,theft,2019-10-25T08:55:00,J P Nagar
a1405a4cbcef,12.876547,77.582718,theft,2019-10-30T02:58:00,J P Nagar
388deb44fa9e,12.8764,77.581172,theft,2019-11-02T08:02:00,J P Nagar
39583add16b6,12.876526,77.562358,theft,2019-11-06T01:11:00,J P Nagar
ecd7e9cf32b4,12.8764,77.581172,theft,2019-11-14T09:08:00,J P Nagar
3b93694c3778,12.856443,77.588845,theft,2019-11-26T14:39:00,J P Nagar
cb94c53f516d,12.876526,77.562358,theft,2019-12-18T04:10:00,J P Nagar
3bce32f18772,12.896403,77.570289,theft,2019-12-20T01:23:00,J P Nagar
b712a37629ba,12.861208,77.579595,theft,2019-12-28T14:37:00,J P Nagar
d1cb0c0d37ea,12.880763,77.584638,theft,2017-01-08T21:00:00,J P Nagar
1c48143ebafd,12.897886,77.572981,theft,2017-01-10T19:00:00,J P Nagar
f9c7b46f999d,12.897192,77.5814,theft,2017-11-01T19:30:00,J P Nagar
462c68bc64e0,12.902092,77.58447,theft,2017-01-13T19:30:00,J P Nagar
4275471e5fc5,12.907625,77.587992,theft,2017-01-15T19:50:00,J P Nagar
cd00a6880cbb,12.894797,77.581756,theft,2017-01-16T14:00:00,J P Nagar
e5a8b54b63f9,12.904689,77.580503,theft,2017-01-20T12:00:00,J P Nagar
3225b47b4696,12.893844,77.59875,theft,2017-01-25T12:00:00,J P Nagar
7afdf784c9b0,12.905783,77.592067,theft,2017-01-28T14:00:00,J P Nagar
1608c5880c16,12.901614,77.582525,theft,2017-02-01T09:15:00,J P Nagar
fb5518cb97a4,12.891633,77.585781,theft,2017-02-02T10:45:00,J P Nagar
c7b1ae2fadd5,12.907061,77.590478,theft,2017-02-02T21:00:00,J P Nagar
97d10b1820a9,12.889178,77.571874,theft,2017-02-08T19:00:00,J P Nagar
9d418430908e,12.903834,77.584171,theft,2017-02-13T09:30:00,J P Nagar
003f8dfe0d4e,12.905783,77.592067,theft,2017-02-14T17:00:00,J P Nagar
7df7979a4920,12.893797,77.581869,theft,2017-02-15T11:00:00,J P Nagar
73afd8733f34,12.900744,77.5771,theft,2017-02-20T17:00:00,J P Nagar
9fb1b6a86f67,12.908081,77.600447,theft,2017-02-20T19:00:00,J P Nagar
8c7a1be27ef0,12.905256,77.577242,theft,2017-02-24T00:00:00,J P Nagar
2f5fddfd22dd,12.893147,77.584172,theft,2017-03-03T16:00:00,J P Nagar
97919be9f6ec,12.890761,77.591228,theft,2017-03-11T14:00:00,J P Nagar
77fbde956237,12.893844,77.59875,theft,2017-03-22T12:00:00,J P Nagar
9cb98e595ce2,12.900611,77.584453,theft,2017-03-27T10:00:00,J P Nagar
1fe2b090aa7e,12.887594,77.592494,theft,2017-04-07T11:00:00,J P Nagar
097435680731,12.904578,77.588194,theft,2017-04-11T11:00:00,J P Nagar
b2c4d93e266a,12.902553,77.589997,theft,2017-04-13T12:00:00,J P Nagar
77ac8f9f8c5d,12.900483,77.600617,theft,2017-04-17T12:30:00,J P Nagar
4590ee808c02,12.883489,77.583375,theft,2017-04-22T15:30:00,J P Nagar
73e1ef503397,12.888006,77.571019,theft,2017-04-24T10:35:00,J P Nagar
898bb9c79e2d,12.892097,77.578625,theft,2017-05-01T13:30:00,J P Nagar
d0fd71a85d9b,12.895106,77.584717,theft,2017-05-06T11:00:00,J P Nagar
05f56d35d00b,12.904978,77.597469,theft,2017-05-16T11:45:00,J P Nagar
bd7dcbfa2483,12.888006,77.571019,theft,2017-05-21T14:30:00,J P Nagar
1ccc2b3287fa,12.902958,77.578772,theft,2017-05-22T16:30:00,J P Nagar
fb1321b3ec4c,12.886114,77.582478,theft,2017-06-02T10:20:00,J P Nagar
9d1eda408d1a,12.887456,77.59245,theft,2017-06-07T11:00:00,J P Nagar
6b07b7999f7b,12.904978,77.597469,theft,2017-06-09T10:45:00,J P Nagar
25337a816264,12.904978,77.597469,theft,2017-06-12T11:00:00,J P Nagar
8dbc8236a7f8,12.904978,77.597469,theft,2017-06-13T11:00:00,J P Nagar
660d4363dc68,12.888006,77.571019,theft,2017-06-15T11:00:00,J P Nagar
7fe302636933,12.901614,77.582525,theft,2017-06-21T10:30:00,J P Nagar
2925bf3439b2,12.893147,77.584172,theft,2017-06-28T11:15:00,J P Nagar
3cde080dafc2,12.888006,77.571019,theft,2017-07-01T10:15:00,J P Nagar
367908b5d4cb,12.886114,77.582478,theft,2017-07-04T12:00:00,J P Nagar
cb54b4afa12c,12.893844,77.59875,theft,2017-07-06T12:30:00,J P Nagar
447c338edd4c,12.887456,77.59245,theft,2017-07-07T10:45:00,J P Nagar
782859be2894,12.904978,77.597469,theft,2017-07-10T10:30:00,J P Nagar
b90a6b5fe99b,12.888295,77.592134,theft,2017-07-12T10:30:00,J P Nagar
72658c9950a5,12.897886,77.572981,theft,2017-07-24T11:30:00,J P Nagar
5f6e4073c619,12.897886,77.572981,theft,2017-07-27T11:00:00,J P Nagar
60aa94dbb24c,12.904578,77.588194,theft,2017-07-27T18:00:00,J P Nagar
9d08f63a18ff,12.904578,77.588194,theft,2017-07-28T10:30:00,J P Nagar
8c4c12f5f070,12.906379,77.598782,theft,2017-07-29T10:45:00,J P Nagar
a1ce9dfd2c45,12.904578,77.588194,theft,2017-07-30T12:00:00,J P Nagar
734e4a85a175,12.904978,77.597469,theft,2017-08-05T15:20:00,J P Nagar
62e9d07356d6,12.886114,77.582478,theft,2017-09-01T16:00:00,J P Nagar
2a8a58c8738f,12.897886,77.572981,theft,2017-09-04T15:15:00,J P Nagar
0a001ed61d9d,12.902403,77.581975,theft,2017-09-06T12:00:00,J P Nagar
ed187f01aaee,12.897886,77.572981,theft,2017-09-08T14:30:00,J P Nagar
7ab0472f9deb,12.902671,77.58913,theft,2017-09-11T10:30:00,J P Nagar
5335de581177,12.897886,77.572981,theft,2017-09-12T12:00:00,J P Nagar
403aa48c9171,12.897384,77.580647,theft,2017-09-16T11:20:00,J P Nagar
f2a1b491defb,12.883753,77.590058,theft,2017-09-26T16:00:00,J P Nagar
a8033ce24552,12.902403,77.581975,theft,2017-10-02T11:30:00,J P Nagar
b3aaf3e03c95,12.897886,77.572981,theft,2017-10-10T10:00:00,J P Nagar
52d5a753982f,12.897886,77.572981,theft,2017-10-11T10:50:00,J P Nagar
dfc70c2735a7,12.903878,77.591406,theft,2017-10-13T16:00:00,J P Nagar
dbdbf8966ec1,12.905797,77.600328,theft,2017-10-16T13:00:00,J P Nagar
c3cdc5d38046,12.886114,77.582478,theft,2017-10-25T13:00:00,J P Nagar
45548772fe21,12.904978,77.597469,theft,2017-11-04T10:35:00,J P Nagar
be85a5ddbfe1,12.900202,77.600296,theft,2017-11-06T11:00:00,J P Nagar
cc3813398ae2,12.904978,77.597469,theft,2017-11-15T15:30:00,J P Nagar
c96a57f2456a,12.882375,77.595464,theft,2017-11-19T16:00:00,J P Nagar
4df1b54dc181,12.893844,77.59875,theft,2017-11-23T11:00:00,J P Nagar
b7cbefc9eb6e,12.894797,77.581756,theft,2017-11-24T10:30:00,J P Nagar
a19aed688c27,12.894922,77.58234,theft,2017-11-28T11:00:00,J P Nagar
756c6fa49a9c,12.897033,77.570894,theft,2017-11-29T13:30:00,J P Nagar
09670447e5a5,12.904972,77.596817,theft,2017-12-05T11:15:00,J P Nagar
bfbc82ee6b16,12.897033,77.570894,theft,2017-12-11T11:10:00,J P Nagar
9747eb5bf518,12.886114,77.582478,theft,2017-12-18T11:00:00,J P Nagar
41a3d35d61c9,12.892836,77.591105,theft,2017-12-20T11:00:00,J P Nagar
ba381f006478,12.89892,77.576586,theft,2017-12-21T11:30:00,J P Nagar
8085e099ab73,12.900744,77.5771,theft,2017-12-22T10:30:00,J P Nagar
d03982f254dd,12.904972,77.596817,theft,2018-01-04T16:00:00,J P Nagar
6b237fa178cd,12.89921,77.57162,theft,2018-01-05T10:30:00,J P Nagar
e3b03a933b00,12.904843,77.589547,theft,2018-01-07T15:00:00,J P Nagar
108c9ff73883,12.88985,77.592669,theft,2018-01-10T17:10:00,J P Nagar
1f7c2d12ea85,12.897033,77.570894,theft,2018-01-14T12:30:00,J P Nagar
32275996374f,12.906926,77.577256,theft,2018-01-16T11:30:00,J P Nagar
0afa95c95696,12.889736,77.585625,theft,2018-01-18T10:30:00,J P Nagar
d6bcdca4d025,12.904972,77.596817,theft,2018-01-21T15:00:00,J P Nagar
c4e135f58d90,12.897033,77.570894,theft,2018-01-27T11:30:00,J P Nagar
21a498ec0828,12.902403,77.581975,theft,2018-02-02T12:00:00,J P Nagar
8eb34f788693,12.897033,77.570894,theft,2018-02-05T11:30:00,J P Nagar
cbfe95236036,12.904981,77.588136,theft,2018-02-05T18:00:00,J P Nagar
b1810eda0284,12.894797,77.581756,theft,2018-02-06T14:00:00,J P Nagar
0a714dc5220b,12.888006,77.571019,theft,2018-02-08T12:20:00,J P Nagar
a53936b98d8d,12.888006,77.571019,theft,2018-02-10T12:00:00,J P Nagar
a42c1c403b20,12.903939,77.582658,theft,2018-02-12T14:10:00,J P Nagar
25021363ed7c,12.892606,77.598133,theft,2018-02-15T17:00:00,J P Nagar
bacae1be2ee8,12.906348,77.59955,theft,2018-02-22T10:45:00,J P Nagar
4b947271b7f4,12.906348,77.59955,theft,2018-02-23T11:30:00,J P Nagar
e18279d5df5a,12.882375,77.595464,theft,2018-02-28T13:07:00,J P Nagar
3cff17972a20,12.905783,77.592067,theft,2018-03-06T14:00:00,J P Nagar
c49faee163d8,12.889336,77.588762,theft,2018-03-09T13:27:00,J P Nagar
cfe523cbc7a5,12.897886,77.572981,theft,2018-04-12T11:30:00,J P Nagar
b499cd85c187,12.903939,77.582658,theft,2018-04-15T12:30:00,J P Nagar
9bd5509834dd,12.888006,77.571019,theft,2018-04-28T10:45:00,J P Nagar
508c696e078b,12.890011,77.588469,theft,2018-05-04T16:30:00,J P Nagar
1d66fd922cf5,12.905783,77.592067,theft,2018-05-25T10:30:00,J P Nagar
cd0fe2252777,12.897192,77.5814,theft,2018-06-17T10:30:00,J P Nagar
aa0177601205,12.891019,77.582689,theft,2018-06-27T10:10:00,J P Nagar
c5a8660ed7b3,12.897033,77.570894,theft,2018-07-03T11:30:00,J P Nagar
d582a0a5bda7,12.905783,77.592067,theft,2018-07-10T12:00:00,J P Nagar
03be8aa5f571,12.904978,77.597469,theft,2018-08-01T10:30:00,J P Nagar
8d223a00fb80,12.895814,77.586992,theft,2018-08-11T11:40:00,J P Nagar
25dc69019dc1,12.897033,77.570894,theft,2018-08-22T10:30:00,J P Nagar
a3291fb73180,12.904972,77.596817,theft,2018-08-24T13:15:00,J P Nagar
d7e8142da0ab,12.903097,77.597421,theft,2018-08-30T14:45:00,J P Nagar
eb2ad0792f3f,12.897033,77.570894,theft,2018-08-31T17:30:00,J P Nagar
dea75a38a30f,12.902214,77.595617,theft,2018-09-05T12:45:00,J P Nagar
177a6bed16a2,12.897192,77.5814,theft,2018-09-06T12:10:00,J P Nagar
607bb6a08ca8,12.897033,77.570894,theft,2018-09-11T12:15:00,J P Nagar
649ee6bc94a7,12.887456,77.59245,theft,2018-09-27T11:30:00,J P Nagar
f08c695ce73f,12.888006,77.571019,theft,2018-09-28T14:50:00,J P Nagar
55e979af1b5a,12.900483,77.600617,theft,2018-09-28T18:15:00,J P Nagar
92edca0289b0,12.901958,77.588388,theft,2018-09-29T11:15:00,J P Nagar
a3e2e8edccac,12.88985,77.592669,theft,2018-10-03T10:30:00,J P Nagar
201ddb8bfad8,12.900483,77.600617,theft,2018-10-05T11:45:00,J P Nagar
ff9507017cd0,12.902403,77.581975,theft,2018-10-20T11:00:00,J P Nagar
21b731702215,12.902403,77.581975,theft,2018-10-26T11:00:00,J P Nagar
caa9ff6ea798,12.890857,77.582768,theft,2018-10-27T11:30:00,J P Nagar
e5717268660d,12.888006,77.571019,theft,2018-11-06T12:00:00,J P Nagar
5d8d7472bd92,12.897886,77.572981,theft,2018-11-14T11:30:00,J P Nagar
96f7ffeefa68,12.899363,77.591492,theft,2018-11-21T13:15:00,J P Nagar
d43f0d10262d,12.906913,77.584641,theft,2018-11-21T13:30:00,J P Nagar
6c6a3bd5c3a4,12.904639,77.580333,theft,2018-11-28T14:30:00,J P Nagar
775eeca6168c,12.897853,77.572686,theft,2018-12-03T14:30:00,J P Nagar
a466393ff1e6,12.904639,77.580333,theft,2018-12-11T12:00:00,J P Nagar
f2118a2c9a0b,12.904639,77.580333,theft,2018-12-11T13:00:00,J P Nagar
1fbcdc9b1214,12.904639,77.580333,theft,2018-12-12T18:30:00,J P Nagar
186061c4c712,12.893844,77.59875,theft,2018-12-24T10:25:00,J P Nagar
2e71d22e105f,12.886114,77.582478,theft,2019-01-10T18:15:00,J P Nagar
acde0acc281f,12.897192,77.580155,theft,2019-01-13T18:15:00,J P Nagar
0ee493418c81,12.894797,77.581756,theft,2019-01-29T12:05:00,J P Nagar
25fa3c866407,12.902403,77.581975,theft,2019-02-09T11:30:00,J P Nagar
3aaa02a4283f,12.88985,77.592669,theft,2019-02-20T11:30:00,J P Nagar
ad6a9be0402d,12.887456,77.59245,theft,2019-03-02T14:05:00,J P Nagar
23fbd2a58fbe,12.897033,77.570894,theft,2019-03-15T12:10:00,J P Nagar
644d6a9c02e2,12.897033,77.570894,theft,2019-03-22T11:00:00,J P Nagar
7ca3ecce20be,12.888006,77.571019,theft,2019-04-01T11:15:00,J P Nagar
7c0c1be3d6f7,12.902403,77.581975,theft,2019-04-19T13:45:00,J P Nagar
4e478f2963de,12.903878,77.591406,theft,2019-04-27T14:30:00,J P Nagar
fac4af104840,12.901281,77.581419,theft,2019-05-06T16:00:00,J P Nagar
1e8250500c4b,12.902403,77.581975,theft,2019-05-14T11:30:00,J P Nagar
9e345180b9a5,12.897886,77.572981,theft,2019-05-15T11:45:00,J P Nagar
44e8e0084ee9,12.904972,77.596817,theft,2019-05-20T16:00:00,J P Nagar
64965d30d825,12.891633,77.585781,theft,2019-05-20T16:15:00,J P Nagar
4297cad071c9,12.892606,77.598133,theft,2019-05-27T14:20:00,J P Nagar
7e489fae9bc0,12.905797,77.600328,theft,2019-05-31T12:30:00,J P Nagar
0273440f86a4,12.893844,77.59875,theft,2019-06-06T15:00:00,J P Nagar
3fe0b8ee0291,12.904639,77.580333,theft,2019-06-24T10:20:00,J P Nagar
d80ccc5ba942,12.902465,77.584011,theft,2019-07-10T15:00:00,J P Nagar
b0f55f97def1,12.88087,77.5855,theft,2019-07-18T15:00:00,J P Nagar
aec85f97b245,12.903939,77.582658,theft,2019-07-26T10:30:00,J P Nagar
93324f2da6d9,12.887456,77.59245,theft,2019-07-29T10:30:00,J P Nagar
3552c6909d0c,12.88087,77.5855,theft,2019-08-13T16:00:00,J P Nagar
26b8700e1891,12.904639,77.580333,theft,2019-08-20T11:00:00,J P Nagar
0a6a64af7b54,12.904639,77.580333,theft,2019-08-22T11:00:00,J P Nagar
8e3b5f6f5776,12.905783,77.592067,theft,2019-08-28T11:00:00,J P Nagar
a02b954f2212,12.886114,77.582478,theft,2019-09-02T14:10:00,J P Nagar
ed9f9e1e301c,12.894797,77.581756,theft,2019-09-20T13:30:00,J P Nagar
53e748790f37,12.891633,77.585781,theft,2019-10-13T11:15:00,J P Nagar
b854536b141b,12.897492,77.582135,theft,2019-10-16T10:30:00,J P Nagar
bfd76888d57d,12.886114,77.582478,theft,2019-10-22T11:00:00,J P Nagar
a8bddf2c6d23,12.908665,77.591002,theft,2019-10-26T13:30:00,J P Nagar
0cf1bef5caeb,12.904258,77.588291,theft,2019-11-01T12:15:00,J P Nagar
dac001e10cf8,12.908184,77.580694,theft,2019-11-03T17:30:00,J P Nagar
7a39b80ac832,12.913822,77.590498,theft,2019-11-11T18:15:00,J P Nagar
824f4b55cb88,12.909855,77.591481,theft,2019-11-29T16:15:00,J P Nagar
cef994f9db82,12.913618,77.588852,theft,2019-12-02T15:00:00,J P Nagar
35cc2cc9fa35,12.913072,77.58865,theft,2019-12-04T11:00:00,J P Nagar
a0a140f17891,12.910246,77.587193,theft,2019-12-12T10:45:00,J P Nagar
e24e2806c0f2,12.911553,77.578689,theft,2019-12-18T13:15:00,J P Nagar
b974f87b05ae,12.916297,77.570796,theft,2015-01-04T16:00:00,J P Nagar
7f8300f98fc9,12.906171,77.569846,theft,2015-01-08T15:00:00,J P Nagar
e5f93c7c51ef,12.902607,77.561489,theft,2015-01-11T16:30:00,J P Nagar
3d2be833f5b3,12.907151,77.570653,theft,2015-01-18T09:45:00,J P Nagar
a4be9eda2968,12.899697,77.571612,theft,2015-01-21T11:30:00,J P Nagar
1588237b001d,12.908033,77.563249,theft,2015-01-29T22:40:00,J P Nagar
fa0455aba8c9,12.908033,77.563249,theft,2015-01-30T10:30:00,J P Nagar
7f5cfa683602,12.896447,77.566737,theft,2015-02-02T15:30:00,J P Nagar
4597f34fb34e,12.912494,77.572406,theft,2015-02-05T13:00:00,J P Nagar
fc776b363688,12.890754,77.564506,theft,2015-02-05T18:30:00,J P Nagar
e69f5fb91e5f,12.902607,77.561489,theft,2015-02-09T19:00:00,J P Nagar
5bae56d94730,12.909453,77.565095,theft,2015-02-13T11:30:00,J P Nagar
c9f07fd09f7e,12.91142,77.562077,theft,2015-02-16T18:00:00,J P Nagar
f829dc72e39b,12.908221,77.569157,theft,2015-02-18T12:00:00,J P Nagar
2cccdfda9954,12.907702,77.57131,theft,2015-02-21T12:15:00,J P Nagar
42d295f547b9,12.909453,77.565095,theft,2015-02-27T12:45:00,J P Nagar
78926dedaab1,12.906171,77.569846,theft,2015-02-28T11:00:00,J P Nagar
c7430b343107,12.901299,77.564315,theft,2015-03-02T10:45:00,J P Nagar
f7f4e605b5e4,12.890344,77.564278,theft,2015-04-08T15:00:00,J P Nagar
6e400303c344,12.908067,77.561141,theft,2015-04-10T11:00:00,J P Nagar
747f2be60765,12.913305,77.568035,theft,2015-04-14T11:45:00,J P Nagar
30884c433ac5,12.895762,77.559942,theft,2015-04-16T09:30:00,J P Nagar
8b580d1a02c5,12.902607,77.561489,theft,2015-04-20T11:30:00,J P Nagar
333ab0f64332,12.890344,77.564278,theft,2015-04-23T11:20:00,J P Nagar
3d888edd0ebc,12.905277,77.557777,theft,2015-04-24T18:00:00,J P Nagar
a430c74fd693,12.908033,77.563249,theft,2015-05-04T10:00:00,J P Nagar
64f2119ebeb1,12.912418,77.564105,theft,2015-05-08T15:00:00,J P Nagar
8ea0b90beb3c,12.902574,77.565925,theft,2015-05-14T14:10:00,J P Nagar
45e2dd808ead,12.910936,77.56467,theft,2015-05-17T10:30:00,J P Nagar
4dc97985e493,12.892813,77.56663,theft,2015-06-03T14:30:00,J P Nagar
29a9c8726759,12.91142,77.562077,theft,2015-06-14T09:30:00,J P Nagar
2850a0e430fe,12.910547,77.560746,theft,2015-06-25T18:00:00,J P Nagar
002cc964de82,12.908442,77.563674,theft,2015-07-19T11:00:00,J P Nagar
61aee4fa83ea,12.908033,77.562077,theft,2015-07-23T10:30:00,J P Nagar
4133c25db8f9,12.909181,77.565607,theft,2015-07-31T12:30:00,J P Nagar
d6a593296db0,12.915667,77.561565,theft,2015-08-03T20:15:00,J P Nagar
bc214444a5a3,12.907695,77.571985,theft,2015-08-04T10:44:00,J P Nagar
7c33b52c7669,12.908033,77.563249,theft,2015-08-05T21:30:00,J P Nagar
b2bae931c126,12.907695,77.571985,theft,2015-08-06T11:10:00,J P Nagar
90905f5c63d1,12.907341,77.572612,theft,2015-08-07T12:00:00,J P Nagar
abc829b7248c,12.907341,77.572612,theft,2015-08-07T12:00:00,J P Nagar
b221233c8194,12.905329,77.563298,theft,2015-08-08T21:30:00,J P Nagar
8b44d63e8a0c,12.910822,77.568245,theft,2015-08-12T18:30:00,J P Nagar
bc528ab66dd7,12.907695,77.571985,theft,2015-08-12T12:00:00,J P Nagar
e580cc8f7bf2,12.907695,77.571985,theft,2015-08-14T15:00:00,J P Nagar
f49897cf2928,12.902179,77.569241,theft,2015-08-17T10:30:00,J P Nagar
e6539b20873c,12.914126,77.563335,theft,2015-09-07T20:00:00,J P Nagar
1e17c38b1dc9,12.907911,77.566737,theft,2015-09-15T12:45:00,J P Nagar
7bccb786ad82,12.898557,77.569145,theft,2015-09-18T23:30:00,J P Nagar
86171c2b90ea,12.908221,77.569157,theft,2015-09-22T11:00:00,J P Nagar
067d789a7cc0,12.902607,77.561489,theft,2015-10-01T10:15:00,J P Nagar
19dffb478f6a,12.898525,77.569395,theft,2015-10-07T16:00:00,J P Nagar
853c26156a53,12.914372,77.560568,theft,2015-10-08T15:00:00,J P Nagar
6d583e60ed93,12.900799,77.555989,theft,2015-10-10T17:00:00,J P Nagar
c20e4f0e117c,12.892813,77.56663,theft,2015-10-17T21:00:00,J P Nagar
5327d10da04a,12.914126,77.563335,theft,2015-10-19T11:00:00,J P Nagar
f8e6a5009b48,12.908067,77.561141,theft,2015-10-19T14:00:00,J P Nagar
41874757adf9,12.903244,77.566191,theft,2015-10-19T16:00:00,J P Nagar
ac22fa435c8f,12.915572,77.573216,theft,2015-10-26T18:00:00,J P Nagar
fd035d0f8008,12.913305,77.568035,theft,2015-10-28T12:05:00,J P Nagar
d7bb06037fac,12.899564,77.559335,theft,2015-11-26T11:30:00,J P Nagar
a30866a5ad8c,12.904526,77.566152,theft,2015-11-30T11:00:00,J P Nagar
9c9b3789fecf,12.90594,77.558231,theft,2015-12-02T11:15:00,J P Nagar
18468c6028df,12.899399,77.572585,theft,2015-12-17T11:30:00,J P Nagar
e76717dc6206,12.903666,77.567461,theft,2015-12-21T16:30:00,J P Nagar
a571d14b0375,12.910745,77.561412,theft,2015-12-22T15:45:00,J P Nagar
43c0349a36e6,12.897416,77.555151,theft,2015-12-24T22:00:00,J P Nagar
4649631267dc,12.912494,77.572406,theft,2015-12-28T10:00:00,J P Nagar
20d33ef19f3c,12.902187,77.572624,theft,2016-01-05T22:41:00,J P Nagar
0f53de0b14cb,12.898807,77.57229,theft,2016-05-01T18:15:00,J P Nagar
7d78ab21e8ca,12.909104,77.572812,theft,2016-07-01T13:45:00,J P Nagar
703c9a691b85,12.904526,77.566152,theft,2016-07-01T18:00:00,J P Nagar
e231e2152673,12.905882,77.571481,theft,2016-09-01T12:00:00,J P Nagar
2fbb6c0099cf,12.915572,77.573216,theft,2016-01-13T10:00:00,J P Nagar
e9db2f0c86e5,12.900538,77.565996,theft,2016-01-13T10:30:00,J P Nagar
eab5627277a6,12.899713,77.571667,theft,2016-01-13T19:30:00,J P Nagar
5886ac065fdf,12.892813,77.56663,theft,2016-01-15T13:00:00,J P Nagar
bab94f57dc99,12.910822,77.568245,theft,2016-01-18T22:10:00,J P Nagar
7f31b1d0fc36,12.90849,77.559769,theft,2016-01-20T16:10:00,J P Nagar
808f85a77b36,12.895762,77.559942,theft,2016-01-23T09:00:00,J P Nagar
c1f38e6ceeb3,12.910822,77.568245,theft,2016-01-23T11:00:00,J P Nagar
6de8f6f6e87c,12.902187,77.572624,theft,2016-01-26T10:00:00,J P Nagar
4d997397d261,12.908613,77.561387,theft,2016-01-29T17:30:00,J P Nagar
efbd19bdf8f4,12.897416,77.555151,theft,2016-11-02T17:30:00,J P Nagar
61d4219948e6,12.89854,77.571225,theft,2016-12-02T09:31:00,J P Nagar
b1cc152161e7,12.912418,77.564105,theft,2016-02-13T09:30:00,J P Nagar
de531e07727b,12.901236,77.554766,theft,2016-02-22T20:00:00,J P Nagar
cf2a16f791b7,12.904526,77.566152,theft,2016-02-24T12:00:00,J P Nagar
bb6a075acd2d,12.897416,77.555151,theft,2016-02-24T14:00:00,J P Nagar
a1a9dc7937f9,12.910822,77.568245,theft,2016-02-27T11:30:00,J P Nagar
30063240cc1f,12.900289,77.569877,theft,2016-02-28T10:15:00,J P Nagar
6197421e63d9,12.910822,77.568245,theft,2016-06-03T09:30:00,J P Nagar
93eeab712daa,12.90849,77.559769,theft,2016-09-03T10:30:00,J P Nagar
41e7b31357f6,12.915144,77.569419,theft,2016-03-15T16:30:00,J P Nagar
1a860aadc794,12.907695,77.571985,theft,2016-03-17T10:00:00,J P Nagar
e86b54a52c21,12.908,77.569143,theft,2016-03-18T13:20:00,J P Nagar
4b026e9706ba,12.904331,77.568468,theft,2016-03-21T16:30:00,J P Nagar
6a5456a93576,12.91366,77.565267,theft,2016-03-27T11:55:00,J P Nagar
314a2a121540,12.910822,77.568245,theft,2016-03-27T22:15:00,J P Nagar
e2a782b68a34,12.897416,77.555151,theft,2016-03-29T13:00:00,J P Nagar
d0151d37ad78,12.907151,77.570653,theft,2016-11-04T21:30:00,J P Nagar
c58a1670264d,12.905871,77.564637,theft,2016-04-13T10:00:00,J P Nagar
223eeb5de0ed,12.900799,77.555989,theft,2016-04-24T10:52:00,J P Nagar
557e465de5bc,12.910536,77.564139,theft,2016-04-25T06:30:00,J P Nagar
70a054c78db2,12.907695,77.571985,theft,2016-04-28T17:35:00,J P Nagar
5990f4aa4a50,12.915572,77.573216,theft,2016-04-29T01:13:00,J P Nagar
d491a656aef1,12.910536,77.564139,theft,2016-02-05T12:28:00,J P Nagar
5f727fd5e5a9,12.915536,77.561626,theft,2016-05-16T12:50:00,J P Nagar
3e819f6f578c,12.905344,77.568657,theft,2016-03-06T10:00:00,J P Nagar
c86001b646ba,12.91284,77.567865,theft,2016-04-06T11:15:00,J P Nagar
a247f414270e,12.902187,77.572624,theft,2016-05-06T16:00:00,J P Nagar
fedb5bf368ef,12.910547,77.560746,theft,2016-08-06T15:00:00,J P Nagar
3ff050e40173,12.908583,77.565101,theft,2016-08-06T19:30:00,J P Nagar
eaa4ea167b5c,12.905344,77.568657,theft,2016-09-06T08:00:00,J P Nagar
bb9dfafe05c9,12.908613,77.561387,theft,2016-06-17T15:10:00,J P Nagar
bb4568d10116,12.906811,77.573076,theft,2016-06-22T17:30:00,J P Nagar
3bb6113c08c1,12.908,77.569143,theft,2016-07-07T15:15:00,J P Nagar
a136cfe831ea,12.898549,77.569663,theft,2016-07-13T19:30:00,J P Nagar
2802915e74e0,12.901236,77.554766,theft,2016-07-22T13:30:00,J P Nagar
8d454d87b45e,12.916297,77.570796,theft,2016-09-08T09:30:00,J P Nagar
fffb8938ef8e,12.902607,77.561607,theft,2016-08-15T17:00:00,J P Nagar
735f10b6b6f2,12.898359,77.561396,theft,2016-08-18T23:00:00,J P Nagar
26e29f3ef92b,12.909985,77.562617,theft,2016-08-25T13:40:00,J P Nagar
083ab828cd50,12.912418,77.564105,theft,2016-02-09T14:10:00,J P Nagar
d19b8d519380,12.912418,77.564105,theft,2016-03-09T12:45:00,J P Nagar
84f5fb3c6f0f,12.908033,77.563249,theft,2016-05-09T11:30:00,J P Nagar
5b0c6ff93525,12.902936,77.568232,theft,2016-09-20T11:15:00,J P Nagar
fa6af0a2c874,12.905741,77.565283,theft,2016-09-21T17:00:00,J P Nagar
a85261f64084,12.912418,77.564105,theft,2016-09-23T10:00:00,J P Nagar
053c02fe8911,12.90208,77.565152,theft,2016-09-28T10:30:00,J P Nagar
0893d3c99392,12.902187,77.572624,theft,2016-06-10T09:30:00,J P Nagar
c32f1fad0f8a,12.902607,77.561489,theft,2016-08-10T11:30:00,J P Nagar
4077111793a4,12.902607,77.561489,theft,2016-10-17T18:00:00,J P Nagar
d0d21e0b1a34,12.905741,77.565283,theft,2016-10-22T21:40:00,J P Nagar
92fae8239d36,12.909453,77.565095,theft,2016-10-23T12:30:00,J P Nagar
ead2570a361b,12.898807,77.57229,theft,2016-10-24T11:00:00,J P Nagar
4a05ddca0e40,12.912418,77.564105,theft,2016-10-30T14:45:00,J P Nagar
f10a2bf38bf3,12.910822,77.568245,theft,2016-07-11T10:15:00,J P Nagar
3b2d38382cec,12.915144,77.569419,theft,2016-09-11T11:00:00,J P Nagar
ca1473ecc799,12.914207,77.561865,theft,2016-10-12T13:00:00,J P Nagar
f251524e878f,12.907911,77.566737,theft,2016-11-17T11:45:00,J P Nagar
8598a5bba574,12.907341,77.572612,theft,2016-11-23T17:15:00,J P Nagar
cbdea78e1555,12.895762,77.559942,theft,2016-11-29T09:00:00,J P Nagar
403a9aaad09c,12.896447,77.566737,theft,2016-10-12T17:00:00,J P Nagar
fe35ee74d3ab,12.914126,77.563335,theft,2016-12-22T19:00:00,J P Nagar
352c59e6a866,12.899914,77.572491,theft,2016-12-31T11:45:00,J P Nagar
d085bbb09b76,12.901236,77.554766,theft,2017-01-11T14:00:00,J P Nagar
ae0bd4d9e74e,12.910822,77.568245,theft,2017-01-12T14:00:00,J P Nagar
c3b1b31b4ad2,12.900893,77.569881,theft,2017-01-13T10:20:00,J P Nagar
c8e1274dc110,12.914126,77.563335,theft,2017-01-13T10:40:00,J P Nagar
446b57e2311c,12.908067,77.561141,theft,2017-01-13T16:00:00,J P Nagar
ccf154729d96,12.896447,77.566737,theft,2017-01-14T11:30:00,J P Nagar
77762fca4618,12.902765,77.561631,theft,2017-01-19T11:00:00,J P Nagar
992f82a060da,12.90852,77.572527,theft,2017-01-27T14:00:00,J P Nagar
65ab373b9b64,12.907819,77.560568,theft,2017-01-28T11:38:00,J P Nagar
639aef4e87eb,12.910822,77.568245,theft,2017-02-04T09:00:00,J P Nagar
95868691cf09,12.912418,77.564105,theft,2017-02-08T17:30:00,J P Nagar
7ce6a4350005,12.900893,77.569881,theft,2017-02-11T15:00:00,J P Nagar
4e8d026adddd,12.910936,77.56467,theft,2017-02-11T06:00:00,J P Nagar
dc7ba6a70d4c,12.9111,77.566447,theft,2017-02-13T01:31:00,J P Nagar
c569cd142c82,12.910936,77.56467,theft,2017-02-13T12:45:00,J P Nagar
eb6e0f4738e4,12.90852,77.572527,theft,2017-02-22T16:40:00,J P Nagar
ced032cddf46,12.892813,77.56663,theft,2017-02-24T16:39:00,J P Nagar
95c73f95d41e,12.895284,77.566213,theft,2017-02-27T01:59:00,J P Nagar
c20fc90723e7,12.902187,77.572624,theft,2017-02-28T23:44:00,J P Nagar
bd45f785df51,12.901236,77.554766,theft,2017-03-03T02:47:00,J P Nagar
8bb7f224e804,12.915144,77.569419,theft,2017-03-07T05:18:00,J P Nagar
8eab1734c0b0,12.898195,77.569375,theft,2017-03-17T09:30:00,J P Nagar
2ea0bc10c7e7,12.910822,77.568245,theft,2017-03-23T06:09:00,J P Nagar
e78cc47db1f9,12.914369,77.573311,theft,2017-03-28T08:31:00,J P Nagar
73f9df316710,12.895284,77.566213,theft,2017-04-03T01:27:00,J P Nagar
a5862d3f409d,12.909453,77.565095,theft,2017-04-08T11:30:00,J P Nagar
103d58fa4383,12.902543,77.561607,theft,2017-04-08T15:30:00,J P Nagar
f398ec4ac48b,12.898734,77.558203,theft,2017-04-11T16:30:00,J P Nagar
2a1db3963ea8,12.898807,77.57229,theft,2017-04-13T10:15:00,J P Nagar
9312d7647e50,12.905871,77.564637,theft,2017-04-14T12:30:00,J P Nagar
3506054e9391,12.910547,77.560746,theft,2017-04-18T17:00:00,J P Nagar
445c93bda753,12.892813,77.56663,theft,2017-04-19T17:30:00,J P Nagar
ea5e4ba81571,12.898549,77.569663,theft,2017-04-19T18:10:00,J P Nagar
5e34fa615661,12.914126,77.563335,theft,2017-04-21T16:20:00,J P Nagar
553763413b1b,12.908067,77.561141,theft,2017-04-22T12:00:00,J P Nagar
f473654adf4a,12.908033,77.563249,theft,2017-04-22T17:30:00,J P Nagar
fc2bdbf8bab8,12.900893,77.569881,theft,2017-04-24T11:00:00,J P Nagar
834bea84fc10,12.912494,77.572406,theft,2017-04-24T13:00:00,J P Nagar
34dbd1703d7d,12.903562,77.559598,theft,2017-04-27T13:10:00,J P Nagar
f95cd27b8713,12.902333,77.568928,theft,2017-04-27T16:30:00,J P Nagar
8864912a9757,12.892813,77.56663,theft,2017-04-29T15:00:00,J P Nagar
ebff05a6a39d,12.89829,77.569206,theft,2017-05-02T10:00:00,J P Nagar
e0440f602441,12.898195,77.569375,theft,2017-05-04T18:00:00,J P Nagar
f9965f09f838,12.915667,77.561565,theft,2017-05-07T11:00:00,J P Nagar
6a2b09677a99,12.914491,77.572106,theft,2017-05-09T10:40:00,J P Nagar
5b0bfa03a4c3,12.905871,77.564637,theft,2017-05-09T16:00:00,J P Nagar
2564158500be,12.916672,77.573455,theft,2017-05-10T18:30:00,J P Nagar
ec451f954416,12.902187,77.572624,theft,2017-05-11T17:45:00,J P Nagar
99828a998af7,12.913517,77.567048,theft,2017-05-15T17:00:00,J P Nagar
65c24d298d14,12.911029,77.564347,theft,2017-05-18T17:30:00,J P Nagar
495e763d52f5,12.908067,77.561141,theft,2017-05-22T14:00:00,J P Nagar
05079665e5fb,12.908033,77.563249,theft,2017-05-23T16:00:00,J P Nagar
e7d5a0e36f51,12.914369,77.573311,theft,2017-05-26T10:00:00,J P Nagar
39cfa86467fa,12.909852,77.565404,theft,2017-05-26T16:30:00,J P Nagar
f1eae4112f66,12.913517,77.567048,theft,2017-05-29T11:00:00,J P Nagar
c020d1284650,12.9111,77.566447,theft,2017-06-01T11:30:00,J P Nagar
367a82579ae0,12.910936,77.56467,theft,2017-06-03T12:45:00,J P Nagar
673f950a0eda,12.890344,77.564278,theft,2017-06-03T17:00:00,J P Nagar
63583d4224b2,12.907695,77.571985,theft,2017-06-05T17:30:00,J P Nagar
2c7e18cf85a8,12.901236,77.554766,theft,2017-06-10T14:29:00,J P Nagar
9399cbcf9a80,12.896673,77.560751,theft,2017-06-10T04:28:00,J P Nagar
c62aceeac4ee,12.902543,77.561607,theft,2017-06-13T21:03:00,Jayanagar
7ec6d8ac0563,12.905741,77.565283,theft,2017-06-20T17:30:00,Jayanagar
726da6d7895b,12.902339,77.565325,theft,2017-06-29T12:30:00,Jayanagar
99dc49375343,12.908067,77.561141,theft,2017-06-30T08:45:00,Jayanagar
5bde9e8e539b,12.912418,77.564105,theft,2017-06-30T13:00:00,Jayanagar
d9fe9e8f2487,12.892813,77.56663,theft,2017-07-01T15:00:00,Jayanagar
c3f8f0d0a1d2,12.906171,77.569846,theft,2017-07-03T17:00:00,Jayanagar
4ceecb79b209,12.898807,77.57229,theft,2017-07-09T10:00:00,Jayanagar
6ef8d3bb2ad7,12.912494,77.572406,theft,2017-07-10T18:30:00,Jayanagar
400c5d7a6c8e,12.893,77.562981,theft,2017-07-12T19:31:00,Jayanagar
806feef502e9,12.915667,77.561565,theft,2017-07-18T03:49:00,Jayanagar
1b5966c302ef,12.890754,77.564506,theft,2017-07-18T03:26:00,Jayanagar
86d5ee8c27fe,12.90852,77.572527,theft,2017-07-22T16:11:00,Jayanagar
3cfc18a98193,12.898549,77.569663,theft,2017-07-27T21:16:00,Jayanagar
37be7158d0fd,12.909453,77.565095,theft,2017-07-30T09:53:00,Jayanagar
b980c83dd22d,12.915667,77.561565,theft,2017-08-01T00:21:00,Jayanagar
4c314692ae4b,12.910822,77.568245,theft,2017-08-07T23:58:00,Jayanagar
fb2140982056,12.902543,77.561607,theft,2017-08-10T17:49:00,Jayanagar
cf4f502eef3b,12.909242,77.563252,theft,2017-08-10T13:46:00,Jayanagar
63b5eb45ff4d,12.902765,77.561631,theft,2017-08-11T11:35:00,Jayanagar
3edec0979ce2,12.898549,77.569663,theft,2017-08-14T02:51:00,Jayanagar
64890c2f4d84,12.908033,77.563249,theft,2017-08-18T11:06:00,Jayanagar
438c61fc0dd9,12.908033,77.563249,theft,2017-08-21T10:32:00,Jayanagar
b1031196cb8e,12.896673,77.560751,theft,2017-08-26T05:46:00,Jayanagar
99bbea88b5f1,12.910822,77.568245,theft,2017-08-28T14:31:00,Jayanagar
d8bad800bafb,12.913305,77.568035,theft,2017-09-04T18:10:00,Jayanagar
8c82a357284e,12.907695,77.571985,theft,2017-09-05T22:25:00,Jayanagar
43db7090c69c,12.913305,77.568035,theft,2017-09-06T01:45:00,Jayanagar
1dde8bf2d4ef,12.914126,77.563335,theft,2017-09-09T01:28:00,Jayanagar
9f24b1ffdba8,12.915144,77.569419,theft,2017-09-18T03:16:00,Jayanagar
5aba3f48fd82,12.905871,77.564637,theft,2017-09-21T02:12:00,Jayanagar
bc0029a4444b,12.898359,77.561396,theft,2017-09-23T08:38:00,Jayanagar
eeffdc37b6e4,12.892813,77.56663,theft,2017-09-25T14:54:00,Jayanagar
f64048873a64,12.916297,77.570796,theft,2017-10-02T10:51:00,Jayanagar
4e481b3d8667,12.90852,77.572527,theft,2017-10-04T01:46:00,Jayanagar
e34cab5c79b6,12.905741,77.565283,theft,2017-10-05T13:19:00,Jayanagar
81c8869b15f1,12.916297,77.570796,theft,2017-10-10T21:10:00,Jayanagar
39b51971319a,12.907695,77.571985,theft,2017-10-17T02:16:00,Jayanagar
5730263903cf,12.909453,77.565095,theft,2017-10-26T11:55:00,Jayanagar
b91c96341429,12.895284,77.566213,theft,2017-11-08T20:46:00,Jayanagar
8fe90ebcd894,12.902187,77.572624,theft,2017-11-18T15:36:00,Jayanagar
c5f365797fe9,12.910936,77.56467,theft,2017-11-28T19:05:00,Jayanagar
bc0b371aedb8,12.910936,77.56467,theft,2017-11-28T18:56:00,Jayanagar
b34ae5fa6c17,12.908221,77.569157,theft,2017-11-29T04:02:00,Jayanagar
0cc38bdfc999,12.908067,77.561141,theft,2017-12-05T00:57:00,Jayanagar
799bbd7d0150,12.892813,77.56663,theft,2018-01-05T19:30:00,Jayanagar
d162ea9a8443,12.910822,77.568245,theft,2018-01-08T17:30:00,Jayanagar
d0bdd552465e,12.902607,77.561489,theft,2018-01-14T10:30:00,Jayanagar
cc05e7cdd227,12.906171,77.569846,theft,2018-01-16T18:00:00,Jayanagar
4ef91eb20c15,12.915667,77.561565,theft,2018-01-23T15:00:00,Jayanagar
2c804ef848ba,12.907695,77.571985,theft,2018-02-19T13:00:00,Jayanagar
4d5a652aad67,12.916297,77.570796,theft,2018-02-20T14:00:00,Jayanagar
44803fa262b0,12.899697,77.571612,theft,2018-02-21T10:30:00,Jayanagar
7144053c5c66,12.901236,77.554766,theft,2018-03-06T12:30:00,Jayanagar
db198dd820a4,12.905096,77.571337,theft,2018-03-09T10:00:00,Jayanagar
424baf90a95f,12.902187,77.572624,theft,2018-03-17T05:14:00,Jayanagar
b57a705042b3,12.895284,77.566213,theft,2018-03-23T01:34:00,Jayanagar
4df7608acae2,12.90849,77.559769,theft,2018-03-25T16:24:00,Jayanagar
1ea73d831692,12.908033,77.563249,theft,2018-03-26T23:11:00,Jayanagar
1d9966eab5e8,12.906171,77.569846,theft,2018-03-27T12:15:00,Jayanagar
6daf5aa8ecd1,12.905741,77.565283,theft,2018-03-28T17:14:00,Jayanagar
a125fcbd14cc,12.915667,77.561565,theft,2018-03-29T11:15:00,Jayanagar
9d4faf4a45a2,12.908067,77.561141,theft,2018-04-01T07:59:00,Jayanagar
c435af813599,12.913517,77.567048,theft,2018-04-09T13:24:00,Jayanagar
62814146a515,12.909985,77.562617,theft,2018-04-15T12:15:00,Jayanagar
0ccfb5036933,12.902187,77.572624,theft,2018-04-18T16:28:00,Jayanagar
efa89a92916f,12.905741,77.565283,theft,2018-04-20T17:30:00,Jayanagar
33a2f089be63,12.906171,77.569846,theft,2018-04-23T18:20:00,Jayanagar
4eb3160695ef,12.908221,77.569157,theft,2018-04-26T20:07:00,Jayanagar
c312fb3c1bf7,12.914126,77.563335,theft,2018-05-08T14:26:00,Jayanagar
075d4afcacc9,12.907695,77.571985,theft,2018-05-22T13:49:00,Jayanagar
24c3e5f079d7,12.90852,77.572527,theft,2018-05-26T19:06:00,Jayanagar
e7175b6eff25,12.91142,77.562077,theft,2018-06-02T02:28:00,Jayanagar
0c5ae34499e3,12.895284,77.566213,theft,2018-06-05T11:52:00,Jayanagar
3f1e60dc9569,12.908221,77.569157,theft,2018-06-17T23:59:00,Jayanagar
441e9978e9d4,12.895284,77.566213,theft,2018-06-27T02:19:00,Jayanagar
020c3585fd45,12.901149,77.570647,theft,2018-06-29T13:14:00,Jayanagar
080423a0c408,12.890344,77.564278,theft,2018-07-07T13:06:00,Jayanagar
358c99633403,12.908067,77.561141,theft,2018-07-07T16:43:00,Jayanagar
f1b0f5ed494e,12.907341,77.572612,theft,2018-07-08T19:35:00,Jayanagar
72fa8abfcee7,12.905871,77.564637,theft,2018-07-09T08:37:00,Jayanagar
bd1d40452e74,12.910936,77.56467,theft,2018-07-23T15:56:00,Jayanagar
c354f77efeb5,12.895762,77.559942,theft,2018-07-28T21:53:00,Jayanagar
d6c0991a6f54,12.912494,77.572406,theft,2018-08-01T20:52:00,Jayanagar
bce8ca75a6ed,12.910547,77.560746,theft,2018-08-08T01:23:00,Jayanagar
c1fbad411287,12.895284,77.566213,theft,2018-08-21T07:10:00,Jayanagar
02c58c7d6d22,12.906171,77.569846,theft,2018-08-21T12:16:00,Jayanagar
49879fb91a58,12.910936,77.56467,theft,2018-08-24T07:20:00,Jayanagar
e5c353ec8dc2,12.90849,77.559769,theft,2018-08-31T17:29:00,Jayanagar
1e8c5878d68f,12.91142,77.562077,theft,2018-09-01T17:45:00,Jayanagar
0b57a150ddb1,12.907341,77.572612,theft,2018-09-03T14:30:00,Jayanagar
b3bc0db03f65,12.895284,77.566213,theft,2018-09-05T05:31:00,Jayanagar
4c512c47db90,12.910822,77.568245,theft,2018-09-09T10:44:00,Jayanagar
734a06a1b353,12.902333,77.568928,theft,2018-09-17T00:59:00,Jayanagar
68b4e3276b36,12.895762,77.559942,theft,2018-09-21T05:40:00,Jayanagar
c129661713c8,12.902543,77.561607,theft,2018-09-26T07:10:00,Jayanagar
a0c8e368cd79,12.902187,77.572624,theft,2018-09-29T21:50:00,Jayanagar
857dd931810d,12.907695,77.571985,theft,2018-10-02T23:40:00,Jayanagar
87e1c114cb3b,12.910822,77.568245,theft,2018-10-05T16:11:00,Jayanagar
9a03942a9648,12.915667,77.561565,theft,2018-10-09T13:31:00,Jayanagar
ee41872c186e,12.913305,77.568035,theft,2018-10-10T14:15:00,Jayanagar
c5b9cbce6984,12.914369,77.573311,theft,2018-10-11T21:21:00,Jayanagar
67d39be48257,12.892813,77.56663,theft,2018-10-16T19:32:00,Jayanagar
6ab0cac50183,12.912418,77.564105,theft,2018-10-17T09:39:00,Jayanagar
ba1333a5de1a,12.890754,77.564506,theft,2018-10-23T17:59:00,Jayanagar
bafd24b1a459,12.910822,77.568245,theft,2018-10-26T00:01:00,Jayanagar
31e6f705226d,12.90849,77.559769,theft,2018-10-29T00:32:00,Jayanagar
e045be444cd7,12.914126,77.563335,theft,2018-11-05T08:12:00,Jayanagar
b2b00a1bc61a,12.901236,77.554766,theft,2018-11-11T00:12:00,Jayanagar
bbe7ee7e3fbe,12.906171,77.569846,theft,2018-11-14T19:25:00,Jayanagar
0b8484016cc8,12.898598,77.556898,theft,2018-11-22T21:38:00,Jayanagar
3dd44fe38694,12.905741,77.565283,theft,2018-11-23T01:37:00,Jayanagar
9215f42b7e75,12.901236,77.554766,theft,2018-11-27T06:25:00,Jayanagar
8b4ba25598fc,12.907702,77.57131,theft,2018-11-27T19:30:00,Jayanagar
1dfdbb48a342,12.906171,77.569846,theft,2018-12-06T19:30:00,Jayanagar
f33d248f14d0,12.907211,77.569758,theft,2018-12-08T18:15:00,Jayanagar
b7479aa1e8a9,12.892813,77.56663,theft,2019-01-07T11:00:00,Jayanagar
ffaf2a186594,12.912418,77.564105,theft,2019-01-10T11:15:00,Jayanagar
f9e9512d6a1f,12.906171,77.569846,theft,2019-01-16T17:00:00,Jayanagar
6b7f1f2b7545,12.907695,77.571985,theft,2019-02-02T12:00:00,Jayanagar
a8d51fdbba83,12.895284,77.566213,theft,2019-02-02T18:00:00,Jayanagar
0a532317261e,12.901236,77.554766,theft,2019-02-09T18:30:00,Jayanagar
920e7ab307e3,12.911893,77.566883,theft,2019-02-11T13:00:00,Jayanagar
b2e5f9ee0876,12.906171,77.569846,theft,2019-02-12T16:50:00,Jayanagar
88f209e79316,12.913517,77.567048,theft,2019-02-13T10:30:00,Jayanagar
cbb5e5e5e577,12.900893,77.569881,theft,2019-02-13T13:45:00,Jayanagar
c7ddf7c9b0bd,12.905096,77.571337,theft,2019-02-14T13:57:00,Jayanagar
40f89eb65e66,12.910822,77.568245,theft,2019-02-26T21:15:00,Jayanagar
5d4c823c0045,12.895762,77.559942,theft,2019-02-27T09:30:00,Jayanagar
fce91f60b6ae,12.898195,77.569375,theft,2019-02-27T15:30:00,Jayanagar
86284fcbae0e,12.910822,77.568245,theft,2019-03-04T19:30:00,Jayanagar
688c3db5f5f6,12.90852,77.572527,theft,2019-03-06T16:30:00,Jayanagar
ed5d087266ed,12.914126,77.563335,theft,2019-03-07T16:00:00,Jayanagar
24c855e44c50,12.906171,77.569846,theft,2019-03-11T10:30:00,Jayanagar
389f87350455,12.905741,77.565283,theft,2019-03-15T16:30:00,Jayanagar
db7c144736bd,12.907819,77.560568,theft,2019-03-21T13:30:00,Jayanagar
ad9314dd28f6,12.912418,77.564105,theft,2019-03-23T16:00:00,Jayanagar
8cd6d58c2392,12.898598,77.556898,theft,2019-04-04T12:00:00,Jayanagar
e5a05cba2489,12.905741,77.565283,theft,2019-04-05T14:15:00,Jayanagar
64fbfc3ac9d6,12.910822,77.568245,theft,2019-04-10T14:30:00,Jayanagar
7f973a386229,12.912418,77.564105,theft,2019-04-14T15:15:00,Jayanagar
de5d6751d02d,12.905277,77.557777,theft,2019-04-20T12:30:00,Jayanagar
01747a5d2c7b,12.910961,77.563952,theft,2019-04-21T17:14:00,Jayanagar
3ff2e6894584,12.896447,77.566737,theft,2019-04-22T20:00:00,Jayanagar
364a0598c7d2,12.892813,77.56663,theft,2019-04-26T16:30:00,Jayanagar
59b96aa69109,12.90849,77.559769,theft,2019-05-02T12:00:00,Jayanagar
dd748306ee77,12.915536,77.561626,theft,2019-05-07T12:30:00,Jayanagar
c8fd11dd2b97,12.913305,77.568035,theft,2019-05-13T12:30:00,Jayanagar
d89450ccc101,12.902339,77.565325,theft,2019-05-14T01:41:00,Jayanagar
2262a35fa632,12.890754,77.564506,theft,2019-05-14T17:00:00,Jayanagar
b26d3a3d9469,12.908033,77.563249,theft,2019-05-16T22:43:00,Jayanagar
627bc17f54dc,12.910936,77.56467,theft,2019-05-17T13:30:00,Jayanagar
5c082b94bba5,12.912494,77.572406,theft,2019-05-19T11:50:00,Jayanagar
ca98bf7d7ec4,12.9111,77.566447,theft,2019-05-20T14:15:00,Jayanagar
4637e50c9e8d,12.905096,77.571337,theft,2019-05-23T15:30:00,Jayanagar
139cba8bacac,12.908067,77.561141,theft,2019-05-24T16:00:00,Jayanagar
f87197fd8bb6,12.908033,77.563249,theft,2019-05-30T16:50:00,Jayanagar
91038c020875,12.892813,77.56663,theft,2019-06-01T11:00:00,Jayanagar
4bb86008a82e,12.908221,77.569157,theft,2019-06-03T15:00:00,Jayanagar
d1c98dae45d5,12.908067,77.561141,theft,2019-06-06T19:00:00,Jayanagar
aac1f2350599,12.903666,77.567461,theft,2019-06-10T18:10:00,Jayanagar
30123a1097ca,12.91366,77.565267,theft,2019-06-18T13:30:00,Jayanagar
c0268fa9140a,12.909453,77.565095,theft,2019-06-29T11:20:00,Jayanagar
729aa920a81f,12.903562,77.559598,theft,2019-07-01T15:00:00,Jayanagar
471d894d9e23,12.908221,77.569157,theft,2019-07-02T10:30:00,Jayanagar
e2db83d7d3f2,12.915667,77.561565,theft,2019-07-08T16:30:00,Jayanagar
07a05576905f,12.916297,77.570796,theft,2019-07-12T15:00:00,Jayanagar
60eb49aee9c3,12.902543,77.561607,theft,2019-07-21T11:30:00,Jayanagar
209a954381bf,12.898359,77.561396,theft,2019-07-28T11:30:00,Jayanagar
28d2278ebc01,12.9111,77.566447,theft,2019-07-29T20:10:00,Jayanagar
165b452c42db,12.902187,77.572624,theft,2019-08-08T22:30:00,Jayanagar
6d64144e572a,12.898549,77.569663,theft,2019-08-17T16:00:00,Jayanagar
71aae03132f8,12.90849,77.559769,theft,2019-08-28T13:00:00,Jayanagar
717d3d3cc871,12.908221,77.569157,theft,2019-09-05T15:00:00,Jayanagar
fc69e536a651,12.909242,77.563252,theft,2019-09-07T13:45:00,Jayanagar
c9825c8ccdb4,12.908033,77.563249,theft,2019-09-10T15:00:00,Jayanagar
3365ee7c0e88,12.902765,77.561631,theft,2019-09-19T14:15:00,Jayanagar
42e278311531,12.912494,77.572406,theft,2019-10-07T12:00:00,Jayanagar
28c56c2e5c4d,12.910936,77.56467,theft,2019-10-10T12:15:00,Jayanagar
4d25166db36c,12.913517,77.567048,theft,2019-10-12T11:00:00,Jayanagar
698449fc58bc,12.900893,77.569881,theft,2019-10-12T18:30:00,Jayanagar
bee8e06d4498,12.899564,77.559335,theft,2019-10-16T16:39:00,Jayanagar
be1f2471e7e2,12.905741,77.565283,theft,2019-10-22T17:30:00,Jayanagar
6d7ebc1f7274,12.914126,77.563335,theft,2019-10-31T19:00:00,Jayanagar
e202e0354326,12.915144,77.569419,theft,2019-11-08T20:45:00,Jayanagar
7bd052254067,12.898359,77.561396,theft,2019-11-13T15:30:00,Jayanagar
a08462535745,12.898359,77.561396,theft,2019-11-14T12:30:00,Jayanagar
e217b0153be8,12.915667,77.561565,theft,2019-11-25T14:30:00,Jayanagar
4d040762b54b,12.909104,77.572812,theft,2019-12-05T11:00:00,Jayanagar
772238b4a8bc,12.899399,77.572585,theft,2019-12-19T11:30:00,Jayanagar
454e1cda2487,12.932458,77.587817,theft,2015-04-01T10:30:00,Jayanagar
9902dffaae1d,12.932885,77.537074,theft,2015-01-27T10:30:00,Jayanagar
397b0886d792,12.941216,77.552572,theft,2015-01-27T16:00:00,Jayanagar
cba28770e911,12.92156,77.592064,theft,2015-01-31T16:10:00,Jayanagar
035f15d69141,12.921927,77.584763,theft,2015-06-02T11:00:00,Jayanagar
fe1eba9bee3e,12.933767,77.590858,theft,2015-02-16T12:30:00,Jayanagar
22aca31eab20,12.933678,77.537656,theft,2015-02-17T09:10:00,Jayanagar
73fd3234c4ac,12.943467,77.548921,theft,2015-02-17T15:00:00,Jayanagar
4355753bf012,12.931249,77.536676,theft,2015-02-25T11:00:00,Jayanagar
25886ebffde1,12.94155,77.550038,theft,2015-02-27T10:30:00,Jayanagar
7e1c2c50f369,12.933857,77.589578,theft,2015-07-03T20:30:00,Jayanagar
be7929843ef5,12.927107,77.58982,theft,2015-11-03T11:00:00,Jayanagar
82ed26bae39b,12.922435,77.591299,theft,2015-03-23T18:30:00,Jayanagar
77174c73dddb,12.936808,77.549936,theft,2015-03-24T21:00:00,Jayanagar
be53771d8fa8,12.930858,77.589866,theft,2015-10-04T10:30:00,Jayanagar
455e3f4b34cc,12.929141,77.586654,theft,2015-04-15T12:45:00,Jayanagar
adecb08c2252,12.9276,77.5412,theft,2015-04-19T14:45:00,Jayanagar
7411ec933e64,12.942317,77.546188,theft,2015-02-05T17:00:00,Jayanagar
63f9c5f7e199,12.933637,77.535893,theft,2015-05-25T11:00:00,Jayanagar
183d6e9b697c,12.930476,77.588281,theft,2015-06-06T19:00:00,Jayanagar
709045a838d2,12.916377,77.536133,theft,2015-06-14T16:40:00,Jayanagar
d097f249c2d8,12.933849,77.539052,theft,2015-06-16T17:30:00,Jayanagar
5f7209eeffcd,12.922462,77.575872,theft,2015-06-18T06:30:00,Jayanagar
61eb9cf8d61d,12.925443,77.577706,theft,2015-03-07T12:30:00,Jayanagar
f0f3cc7c865a,12.93014,77.53964,theft,2015-10-07T15:50:00,Jayanagar
8b64b326f667,12.931815,77.537104,theft,2015-07-26T10:15:00,Jayanagar
10500dbdc2ff,12.940137,77.540757,theft,2015-04-08T10:10:00,Jayanagar
e6ee63562fd9,12.934724,77.540023,theft,2015-07-09T14:40:00,Jayanagar
249bf6f1309a,12.9402,77.5534,theft,2015-09-25T13:00:00,Jayanagar
68fed332b9ef,12.932,77.5376,theft,2015-05-10T15:20:00,Jayanagar
057d03109a45,12.936699,77.578809,theft,2015-10-28T20:35:00,Jayanagar
26b1c8f13f49,12.92598,77.537346,theft,2015-11-25T18:30:00,Jayanagar
a51308bc7274,12.943841,77.545661,theft,2015-11-27T11:40:00,Jayanagar
bd3121b1a26a,12.940461,77.539963,theft,2015-12-31T13:30:00,Jayanagar
9a2ed15f91ed,12.943464,77.548344,theft,2015-12-31T15:40:00,Jayanagar
112a9a0ab6af,12.934527,77.543521,theft,2016-01-20T12:20:00,Jayanagar
687c18e4c7fc,12.938574,77.580985,theft,2016-01-26T14:30:00,Jayanagar
c13673d61dbe,12.924272,77.589356,theft,2016-01-31T15:50:00,Jayanagar
c576ba6943f2,12.93286,77.583967,theft,2016-01-02T17:00:00,Jayanagar
02cbabc2c17a,12.930998,77.588052,theft,2016-03-02T19:30:00,Jayanagar
36d382635180,12.925107,77.593176,theft,2016-02-14T18:50:00,Jayanagar
3913e9daf037,12.938555,77.586779,theft,2016-03-03T19:55:00,Jayanagar
9c7fdfcf2e42,12.924586,77.587332,theft,2016-04-03T16:50:00,Jayanagar
44068d723574,12.937635,77.551927,theft,2016-09-03T13:15:00,Jayanagar
159ca46372ae,12.922292,77.575323,theft,2016-03-30T13:30:00,Jayanagar
4b459ae17584,12.925634,77.583309,theft,2016-01-04T15:30:00,Jayanagar
c26d88b90c20,12.936636,77.5882,theft,2016-04-04T19:30:00,Jayanagar
ab10893a3397,12.939235,77.534342,theft,2016-12-04T18:15:00,Jayanagar
af1b8c357123,12.940003,77.53519,theft,2016-04-14T19:00:00,Jayanagar
ec93b3b18992,12.934373,77.582623,theft,2016-05-14T15:10:00,Jayanagar
73dbc925ceb0,12.933925,77.546335,theft,2016-05-27T12:00:00,Jayanagar
910f2b08ce38,12.940966,77.541314,theft,2016-05-30T13:50:00,Jayanagar
910549c7b456,12.940886,77.556329,theft,2016-05-31T10:50:00,Jayanagar
a3db59b4f554,12.933023,77.535635,theft,2016-06-13T11:10:00,Jayanagar
ccda0fcacbef,12.934419,77.536231,theft,2016-06-20T19:30:00,Jayanagar
727e466c44d4,12.926708,77.537706,theft,2016-01-07T13:30:00,Jayanagar
786b0e50fdc0,12.937823,77.552329,theft,2016-03-07T15:30:00,Jayanagar
06cb2af5f1b6,12.93901,77.551396,theft,2016-04-07T15:00:00,Jayanagar
d0ac8ef69b8d,12.93272,77.548864,theft,2016-09-07T15:30:00,Jayanagar
6e2f59d6ed84,12.926906,77.539208,theft,2016-11-07T16:00:00,Jayanagar
2f54e509f42a,12.927224,77.581616,theft,2016-07-13T12:00:00,Jayanagar
cce0f5b14b04,12.944243,77.540517,theft,2016-07-18T14:10:00,Jayanagar
aba03d7c0a24,12.94233,77.55764,theft,2016-07-19T19:00:00,Jayanagar
7ce6aa2fac35,12.938786,77.575498,theft,2016-07-17T17:00:00,Jayanagar
b263932c5332,12.9413,77.552608,theft,2016-02-08T15:00:00,Jayanagar
c5dadd65a69e,12.936613,77.585454,theft,2016-08-21T13:00:00,Jayanagar
1c3f6eace188,12.928894,77.588164,theft,2016-08-26T10:10:00,Jayanagar
4f3b980c0ef3,12.943464,77.548344,theft,2016-09-27T18:20:00,Jayanagar
f18d9217786c,12.92976,77.590903,theft,2016-07-10T18:10:00,Jayanagar
e9f615056c6d,12.93722,77.582553,theft,2016-10-24T23:15:00,Jayanagar
d4249a6dc27e,12.925979,77.585707,theft,2016-10-26T12:00:00,Jayanagar
a8ccb691b4b6,12.93743,77.578651,theft,2016-12-14T10:30:00,Jayanagar
7ee5dfb6d925,12.932216,77.586432,theft,2016-12-19T17:45:00,Jayanagar
7ac9bf75fc9b,12.941058,77.538891,theft,2016-07-11T17:30:00,Jayanagar
15c8811e374e,12.9342,77.577189,theft,2016-02-12T12:15:00,Jayanagar
1cafb3e002ad,12.946276,77.548982,theft,2017-01-27T14:30:00,Jayanagar
1ea84c4129f5,12.933889,77.591562,theft,2017-06-02T18:40:00,Jayanagar
c194bd00a327,12.930649,77.542598,theft,2017-02-13T10:10:00,Jayanagar
07054af9d493,12.940433,77.551516,theft,2017-02-26T11:30:00,Jayanagar
094e8c460143,12.924229,77.579148,theft,2017-02-03T21:00:00,Jayanagar
eb17678922d4,12.939954,77.549348,theft,2017-05-03T11:55:00,Jayanagar
e653827be792,12.938374,77.533643,theft,2017-09-03T15:30:00,Jayanagar
63856daf3f35,12.937863,77.546965,theft,2017-03-18T18:30:00,Jayanagar
a3c0ad9ffe02,12.938494,77.578102,theft,2017-08-04T16:00:00,Jayanagar
867dbea4726f,12.937483,77.549202,theft,2017-04-14T18:10:00,Jayanagar
9f6f5e232f46,12.936385,77.583857,theft,2017-04-21T09:30:00,Jayanagar
4410a1392b91,12.940702,77.538779,theft,2017-05-26T11:35:00,Jayanagar
e45b5ae4828d,12.940656,77.551535,theft,2017-06-13T14:30:00,Jayanagar
04cf086253b6,12.93359,77.53568,theft,2017-05-07T18:30:00,Jayanagar
330646536096,12.86945,77.548967,theft,2017-07-28T16:35:00,Jayanagar
15241053a5a7,12.930481,77.537762,theft,2017-09-14T10:10:00,Jayanagar
a06a9d53d046,12.92468,77.537803,theft,2017-09-19T13:00:00,Jayanagar
0b45c8b3eb96,12.940001,77.54371,theft,2017-09-20T18:10:00,Jayanagar
5fa36edb8387,12.942122,77.541273,theft,2017-09-21T15:10:00,Jayanagar
619b0545c8e9,12.929938,77.5341,theft,2017-10-13T15:00:00,Jayanagar
60200efd8d86,12.938744,77.539196,theft,2017-02-11T18:30:00,Jayanagar
d057efbc1d0c,12.925446,77.590854,theft,2017-11-11T17:30:00,Jayanagar
bcbb966db4d5,12.942035,77.542716,theft,2017-11-28T10:30:00,Jayanagar
288b249b426e,12.934339,77.536792,theft,2017-11-12T12:30:00,Jayanagar
ce1ab1513879,12.929015,77.584274,theft,2017-12-18T12:15:00,Jayanagar
38324148d631,12.928223,77.540142,theft,2017-12-19T14:15:00,Jayanagar
66cd17c53e38,12.939531,77.544691,theft,2018-01-12T14:10:00,Jayanagar
4ad4cb58bc9f,12.942859,77.54364,theft,2018-01-16T16:00:00,Jayanagar
2b1d04bdd9bb,12.933594,77.5458,theft,2018-01-30T12:45:00,Jayanagar
427b0b1b4e5f,12.927464,77.585718,theft,2018-03-18T21:30:00,Jayanagar
53008d679bd1,12.941828,77.545858,theft,2018-03-31T11:15:00,Jayanagar
1fa2d115f9c7,12.928114,77.541032,theft,2018-04-05T10:45:00,Jayanagar
de2d6c15053e,12.929037,77.532915,theft,2018-04-06T12:45:00,Jayanagar
38dc28479190,12.929027,77.532914,theft,2018-04-07T09:30:00,Jayanagar
4a39beec0941,12.934758,77.543265,theft,2018-04-10T17:00:00,Jayanagar
a7b92befcc5f,12.923937,77.581986,theft,2018-04-11T17:30:00,Jayanagar
dd02ad18af94,12.929021,77.532912,theft,2018-04-19T16:15:00,Jayanagar
d23f5c0bdac2,12.926021,77.532712,theft,2018-04-20T10:30:00,Jayanagar
8675db3c045d,12.934271,77.53444,theft,2018-04-26T11:00:00,Jayanagar
747e09d17889,12.952511,77.549504,theft,2018-04-28T12:00:00,Jayanagar
fc736d997d5a,12.941911,77.552375,theft,2018-04-28T18:45:00,Jayanagar
60e068f67d0e,12.927274,77.534252,theft,2018-05-07T14:30:00,Jayanagar
2f836f8af548,12.926545,77.540534,theft,2018-05-09T11:00:00,Jayanagar
0e13f1cf4edd,12.926545,77.54052,theft,2018-05-19T16:00:00,Jayanagar
dffc62f70443,12.938458,77.579529,theft,2018-05-27T16:30:00,Jayanagar
afddc4d99fa0,12.944742,77.549168,theft,2018-06-01T11:30:00,Jayanagar
2750b8074c0e,12.932824,77.580768,theft,2018-06-05T10:30:00,Jayanagar
dad8e7513f3b,12.932724,77.54509,theft,2018-06-16T12:00:00,Jayanagar
894bc427a247,12.932127,77.53752,theft,2018-06-17T09:30:00,Jayanagar
1e041f993d0b,12.934732,77.543542,theft,2018-06-20T10:30:00,Jayanagar
559ccd4def40,12.937405,77.559019,theft,2018-07-11T12:45:00,Jayanagar
740105b7b531,12.93382,77.537657,theft,2018-08-08T11:00:00,Jayanagar
ec1ecff595a1,12.9348,77.548851,theft,2018-08-22T11:30:00,Jayanagar
88bc616c9649,12.934927,77.577176,theft,2018-09-09T14:30:00,Jayanagar
f2cf922c6564,12.943221,77.551224,theft,2018-09-27T15:00:00,Jayanagar
19497578aa48,12.93973,77.545269,theft,2018-09-30T13:00:00,Jayanagar
5ddb44a2796d,12.938465,77.583146,theft,2018-10-09T16:00:00,Jayanagar
2862e0e1043a,12.925244,77.576115,theft,2018-10-23T19:15:00,Jayanagar
17ad9f3b8970,12.92405,77.584366,theft,2018-10-31T17:00:00,Jayanagar
823a300234f7,12.927063,77.59008,theft,2018-11-03T14:30:00,Jayanagar
efc8631e3328,12.933616,77.533395,theft,2018-11-05T16:30:00,Jayanagar
5583a9e634b8,12.933005,77.542065,theft,2018-11-21T18:30:00,Jayanagar
0019aabb883e,12.92943,77.546174,theft,2018-11-28T12:00:00,Jayanagar
c5ce99022511,12.928755,77.579355,theft,2018-11-30T14:10:00,Jayanagar
8c969e5937ff,12.930673,77.541399,theft,2018-12-03T18:00:00,Jayanagar
5a4ad696c288,12.933028,77.53616,theft,2018-12-12T16:00:00,Jayanagar
1eb210edbf4f,12.93298,77.543597,theft,2018-12-08T16:30:00,Jayanagar
90db04ef99f9,12.936383,77.543796,theft,2018-11-16T16:00:00,Jayanagar
453986a5a66f,12.943468,77.545294,theft,2019-01-05T15:00:00,Jayanagar
38227dae19fa,12.934706,77.53443,theft,2019-01-11T10:15:00,Jayanagar
5b73dce9aefb,12.94341,77.543073,theft,2019-01-28T14:30:00,Jayanagar
75f8f90a6bb3,12.936383,77.543796,theft,2019-02-02T17:30:00,Jayanagar
7814608f5b73,12.932648,77.539994,theft,2019-02-07T13:00:00,Jayanagar
f20b06b9a405,12.92929,77.546502,theft,2019-02-14T10:00:00,Jayanagar
086ce50a4392,12.942077,77.555857,theft,2019-03-05T19:30:00,Jayanagar
fbb30e0dd5d3,12.928227,77.53953,theft,2019-03-07T11:00:00,Jayanagar
4484830744cc,12.94276,77.542377,theft,2019-03-08T17:00:00,Jayanagar
8ef05d5f6b73,12.93667,77.551998,theft,2019-03-16T13:30:00,Jayanagar
359e8316bbf4,12.931889,77.539962,theft,2019-03-18T12:45:00,Jayanagar
ae0322d4e7d0,12.928457,77.539916,theft,2019-03-18T15:15:00,Jayanagar
2b0c671d6065,12.932111,77.587823,theft,2019-04-12T17:45:00,Jayanagar
521f04d4c83a,12.932878,77.535647,theft,2019-05-06T16:30:00,Jayanagar
d6dc3411d4ba,12.936324,77.552162,theft,2019-05-09T15:40:00,Jayanagar
760114218e58,12.933363,77.538421,theft,2019-05-10T16:30:00,Jayanagar
edf794897216,12.932491,77.536167,theft,2019-05-12T15:30:00,Jayanagar
31ee3a4eda87,12.929203,77.540703,theft,2019-05-22T15:00:00,Jayanagar
ce85e5549b77,12.924001,77.577855,theft,2019-06-10T14:00:00,Jayanagar
6c172875fcfd,12.942247,77.548043,theft,2019-06-10T17:30:00,Jayanagar
009bd87c9e8e,12.921652,77.58837,theft,2019-06-14T15:10:00,Jayanagar
91026ee5b6e0,12.940138,77.551841,theft,2019-07-09T18:15:00,Jayanagar
dae039e383bc,12.932803,77.537449,theft,2019-07-24T18:00:00,Jayanagar
6b0eb4e700ed,12.94167,77.549287,theft,2019-08-12T13:20:00,Jayanagar
fc2653afc394,12.932359,77.533549,theft,2019-08-13T18:00:00,Jayanagar
5e4c5d4e5057,12.927492,77.535274,theft,2019-08-17T16:30:00,Jayanagar
0553d7447e2e,12.932951,77.583531,theft,2019-09-10T18:40:00,Jayanagar
c0ebdf2c2403,12.942147,77.547988,theft,2019-10-02T16:00:00,Jayanagar
262261b10769,12.945896,77.540018,theft,2019-10-03T12:20:00,Jayanagar
6ea1ff91080e,12.936846,77.536453,theft,2019-10-03T12:30:00,Jayanagar
becdd46beb68,12.936865,77.54093,theft,2019-10-12T11:45:00,Jayanagar
9e087d6dca9b,12.941797,77.540275,theft,2019-10-31T17:30:00,Jayanagar
428921910cd0,12.927732,77.536571,theft,2019-11-25T12:15:00,Jayanagar
572851feae1e,12.944529,77.54827,theft,2019-11-27T17:10:00,Jayanagar
a54c861a89f6,12.936201,77.589651,theft,2019-12-13T10:45:00,Jayanagar
375178066600,12.941413,77.547757,theft,2019-12-25T10:30:00,Jayanagar
50000d1fedcf,12.942438,77.547169,theft,2019-12-28T12:10:00,Jayanagar
85a01de3e9c0,12.940209,77.534144,theft,2019-12-31T11:00:00,Jayanagar
a58f4ee4948e,12.937354,77.551952,theft,2019-12-31T11:45:00,Jayanagar
6d248bb349a5,12.955174,77.56712,theft,2015-12-02T18:30:00,Jayanagar
77c97be8a802,12.931538,77.590808,theft,2015-02-15T10:15:00,Jayanagar
fd8bc425f0fb,12.956953,77.561451,theft,2015-05-03T11:00:00,Jayanagar
7289d5f2b4e1,12.94682,77.560151,theft,2015-03-14T15:00:00,Jayanagar
c3134a39de1f,12.957033,77.564308,theft,2015-03-17T18:15:00,Jayanagar
a1dc7d718e79,12.957033,77.564308,theft,2015-03-28T15:00:00,Jayanagar
d86b168bad81,12.94925,77.56362,theft,2015-04-14T11:58:00,Jayanagar
ae759e43c137,12.948657,77.562276,theft,2015-05-14T08:45:00,Jayanagar
34b3f72baa73,12.948657,77.562276,theft,2015-05-21T09:30:00,Jayanagar
cf2fb83ba877,12.957763,77.555603,theft,2015-06-16T19:49:00,Jayanagar
c8f46f21e267,12.950467,77.5643,theft,2015-07-02T13:01:00,Jayanagar
099f5b7bfa70,12.94777,77.56177,theft,2015-10-07T18:15:00,Jayanagar
330f94579aed,12.948212,77.56299,theft,2015-07-20T12:00:00,Jayanagar
5360b39ef5d2,12.957033,77.564308,theft,2015-08-08T15:30:00,Jayanagar
85cf7001fd75,12.953286,77.561639,theft,2015-08-17T08:36:00,Jayanagar
ad26744edb83,12.949169,77.56629,theft,2015-08-09T15:30:00,Jayanagar
da9c99a7c761,12.952299,77.564412,theft,2015-09-10T05:00:00,Jayanagar
cb0c8d141c4e,12.94733,77.56337,theft,2015-02-14T10:30:00,Jayanagar
fd38f3ef854b,12.952299,77.564412,theft,2015-12-19T08:45:00,Jayanagar
c908878527cf,12.948657,77.562276,theft,2016-01-16T17:30:00,Jayanagar
acf5a5bd4374,12.94682,77.560151,theft,2016-01-30T16:00:00,Jayanagar
903a011d49cf,12.952299,77.564412,theft,2016-02-02T11:00:00,Jayanagar
1c75ce888be5,12.95348,77.5624,theft,2016-04-01T19:25:00,Jayanagar
2f6524ad5910,12.952299,77.564412,theft,2016-04-13T10:45:00,Jayanagar
cc6319ee5b94,12.950467,77.5643,theft,2016-04-16T00:54:00,Jayanagar
d95e9b03f1ed,12.94962,77.55956,theft,2016-08-06T13:15:00,Jayanagar
656e8925d8e9,12.94753,77.5634,theft,2016-03-06T17:00:00,Jayanagar
475ebc36cace,12.953436,77.563213,theft,2016-07-24T21:00:00,Jayanagar
3527ba0ca8a5,12.95346,77.5619,theft,2016-07-21T20:00:00,Jayanagar
1c1a1b8ba59e,12.948688,77.563099,theft,2016-10-24T17:00:00,Jayanagar
e621f1cc3ea7,12.95383,77.56642,theft,2016-05-11T10:00:00,Jayanagar
d6f5cad4bed1,12.953511,77.559792,theft,2016-09-11T18:15:00,Jayanagar
3af7acb12b50,12.94682,77.560151,theft,2016-11-21T13:15:00,Jayanagar
dd4d2c7d87d7,12.94682,77.560151,theft,2016-01-12T11:00:00,Jayanagar
5c3162edb490,12.95222,77.5568,theft,2016-12-27T13:00:00,Jayanagar
4ac7c36ca6e8,12.955174,77.567121,theft,2017-03-01T18:00:00,Jayanagar
a7c700384256,12.924234,77.576394,theft,2017-01-17T14:00:00,Jayanagar
b7e44f70d225,12.954202,77.561669,theft,2017-12-02T04:30:00,Jayanagar
697e3a353102,12.922852,77.585565,theft,2017-04-17T14:00:00,Jayanagar
e8db9d2c2695,12.955074,77.562575,theft,2017-04-19T11:00:00,Jayanagar
09ef7c437b00,12.94962,77.55956,theft,2017-04-30T10:00:00,Jayanagar
6593d0c03333,12.94817,77.55981,theft,2017-05-13T16:30:00,Jayanagar
4a3cba019b73,12.933391,77.582103,theft,2017-12-06T12:45:00,Jayanagar
c737a6e0965a,12.94864,77.55338,theft,2017-11-07T11:30:00,Jayanagar
18dae9f5b3d1,12.95451,77.56418,theft,2017-07-16T12:30:00,Jayanagar
5f7611284239,12.95098,77.56386,theft,2017-07-18T13:00:00,Jayanagar
558df937a900,12.957763,77.555603,theft,2017-07-24T18:00:00,Jayanagar
39cbffe37010,12.95346,77.5619,theft,2017-03-08T16:00:00,Jayanagar
6bdb0b8c4466,12.950467,77.5643,theft,2017-08-27T12:30:00,Jayanagar
8d06997961a7,12.94804,77.56055,theft,2017-02-09T18:10:00,Jayanagar
3b42c3e507a7,12.947235,77.564204,theft,2017-05-09T08:30:00,Jayanagar
4178ee7e7571,12.95279,77.56741,theft,2017-10-09T13:00:00,Jayanagar
61666deca9ae,12.949169,77.56629,theft,2017-09-19T18:00:00,Jayanagar
986ecd54c3b7,12.951551,77.567269,theft,2017-09-25T12:00:00,Jayanagar
48742437f1ce,12.948932,77.564211,theft,2017-09-26T18:00:00,Jayanagar
8445da24dc4a,12.954089,77.561717,theft,2017-02-11T13:30:00,Jayanagar
40ec3015c85c,12.94962,77.55956,theft,2017-03-11T17:30:00,Jayanagar
705881275233,12.95301,77.55642,theft,2017-11-23T10:15:00,Jayanagar
4bd9d6d6221f,12.948657,77.562276,theft,2017-11-30T11:00:00,Jayanagar
b4df67bae0e5,12.955174,77.567121,theft,2017-02-12T17:30:00,Jayanagar
bc65cf90aeec,12.948615,77.559507,theft,2017-12-13T13:00:00,Jayanagar
9d04cb96e7bb,12.9515,77.56756,theft,2017-12-31T14:45:00,Jayanagar
48fd85659f64,12.948212,77.562999,theft,2018-04-03T12:00:00,Jayanagar
2f9314df0d62,12.95047,77.56429,theft,2018-05-03T11:00:00,Jayanagar
4db97e52d508,12.953776,77.565255,theft,2018-08-03T17:15:00,Jayanagar
a097313f3402,12.95515,77.56717,theft,2018-10-03T18:45:00,Jayanagar
b9e4300530f8,12.9551,77.565204,theft,2018-03-27T21:45:00,Jayanagar
ddf752d69853,12.95507,77.56543,theft,2018-04-17T17:15:00,Jayanagar
03e7830b26d7,12.95507,77.56543,theft,2018-12-06T13:15:00,Jayanagar
20f0ddea8535,12.950436,77.567532,theft,2018-05-09T15:00:00,Jayanagar
65af61c6938b,12.948212,77.562999,theft,2018-03-11T14:00:00,Jayanagar
9bc346ae62c1,12.955074,77.562575,theft,2018-12-22T10:00:00,Jayanagar
bae4f5521759,12.948212,77.562999,theft,2018-11-28T18:30:00,Jayanagar
bbe41083233c,12.947235,77.564204,theft,2018-08-12T11:00:00,Jayanagar
126d4de2ede8,12.948674,77.558459,theft,2018-12-13T17:00:00,Jayanagar
a35277a10e77,12.954186,77.566597,theft,2019-05-01T10:30:00,Jayanagar
8349bd8a8c85,12.95615,77.55933,theft,2019-12-01T20:30:00,Jayanagar
2052a8ef91e5,12.94681,77.55759,theft,2019-01-18T16:30:00,Jayanagar
864e08a63e6e,12.94796,77.559985,theft,2019-08-02T16:00:00,Jayanagar
583c1db88a67,12.95706,77.56589,theft,2019-02-16T18:50:00,Jayanagar
af25fae95292,12.94928,77.55739,theft,2019-12-04T10:00:00,Jayanagar
2ea5b491e82a,12.95025,77.56269,theft,2019-06-05T11:30:00,Jayanagar
d12854ff7fc6,12.95446,77.56184,theft,2019-09-05T13:00:00,Jayanagar
18a6a6ebd700,12.94771,77.55971,theft,2019-09-05T13:30:00,Jayanagar
cd67f200817f,12.950467,77.5643,theft,2019-05-14T15:00:00,Jayanagar
af979702f206,12.94908,77.55769,theft,2019-05-20T19:00:00,Jayanagar
9eae01aa5bbf,12.94861,77.55821,theft,2019-11-07T19:30:00,Jayanagar
36970b117e4d,12.95236,77.56241,theft,2019-07-27T11:30:00,Jayanagar
12f2547f4e9c,12.95544,77.56632,theft,2019-08-16T21:15:00,Jayanagar
c20e9c1caad1,12.95196,77.56506,theft,2019-09-26T10:30:00,Jayanagar
5d8cf8d5c1ab,12.95644,77.56345,theft,2019-09-26T11:30:00,Jayanagar
31947ba443a5,12.95685,77.56051,theft,2019-05-10T20:45:00,Jayanagar
531339a693c1,12.95602,77.56368,theft,2019-08-10T19:00:00,Jayanagar
33c4ca3dd522,12.94839,77.56155,theft,2019-11-21T20:31:00,Jayanagar
3e03e95e53ea,12.95171,77.56194,theft,2019-02-12T18:30:00,Jayanagar
d933178cc185,12.95644,77.56345,theft,2019-04-12T20:30:00,Jayanagar
c19266903040,12.94839,77.56121,theft,2019-12-27T12:30:00,Jayanagar
d6fb4d003aa1,12.951743,77.569068,theft,2015-05-01T17:23:00,Jayanagar
9dbbc83a5e5b,12.951764,77.568407,theft,2015-01-13T16:30:00,Jayanagar
92aabf41bac1,12.933351,77.575078,theft,2015-01-16T14:15:00,Jayanagar
1c5ed40e626d,12.952575,77.571406,theft,2015-01-20T10:00:00,Jayanagar
f33846d39840,12.949577,77.570524,theft,2015-01-22T12:30:00,Jayanagar
c52362876437,12.953445,77.568363,theft,2015-02-13T19:15:00,Jayanagar
f64a7b2f8cc2,12.926813,77.592746,theft,2015-03-21T16:30:00,Jayanagar
2af8be058310,12.95289,77.57194,theft,2015-10-04T18:00:00,Jayanagar
6a1e0f014b56,12.9533,77.57242,theft,2015-09-05T10:15:00,Jayanagar
ba95c50d9e2d,12.955838,77.570234,theft,2015-05-20T10:00:00,Jayanagar
b7a775ead8ae,12.95513,77.570328,theft,2015-06-22T10:00:00,Jayanagar
482227996eaa,12.95605,77.56759,theft,2015-06-24T13:15:00,Jayanagar
b0cc9e765bf8,12.94977,77.56896,theft,2015-07-20T10:30:00,Jayanagar
bc6c3d8e6bee,12.955838,77.570235,theft,2015-07-30T14:30:00,Jayanagar
a08a22a34167,12.949934,77.573065,theft,2015-04-08T17:15:00,Jayanagar
f0300f3d2eb7,12.95289,77.57194,theft,2015-11-08T20:15:00,Jayanagar
f4c313325089,12.95056,77.56923,theft,2015-02-09T18:30:00,Jayanagar
ae7ce569e990,12.95135,77.56877,theft,2015-10-26T11:45:00,Jayanagar
22e1c1aabb6b,12.955014,77.570221,theft,2015-12-18T14:00:00,Jayanagar
b31494d55955,12.9533,77.57242,theft,2016-04-01T11:00:00,Jayanagar
d3362fd44dd3,12.9533,77.57242,theft,2016-05-01T16:30:00,Jayanagar
1e18a389caab,12.9533,77.57242,theft,2016-06-01T11:30:00,Jayanagar
925082efc670,12.95289,77.57194,theft,2016-06-01T13:15:00,Jayanagar
c5b0e78991a7,12.951549,77.570482,theft,2016-02-05T09:15:00,Jayanagar
b7909d6e8640,12.95575,77.56975,theft,2016-06-18T10:00:00,Jayanagar
11d1cdac5dd5,12.95289,77.57194,theft,2016-06-25T19:00:00,Jayanagar
259467632132,12.951549,77.570482,theft,2016-07-18T19:00:00,Jayanagar
6a1f080355f7,12.95289,77.57194,theft,2016-02-08T16:00:00,Jayanagar
d055f15a877f,12.95289,77.57194,theft,2016-12-25T12:30:00,Jayanagar
c6864b333219,12.9533,77.57242,theft,2017-03-02T10:00:00,Jayanagar
546f2bd4d9fc,12.95128,77.57177,theft,2017-04-21T15:00:00,Jayanagar
40d1147c30de,12.948988,77.569957,theft,2017-07-19T18:00:00,Jayanagar
2c8122d54618,12.951549,77.570482,theft,2017-08-14T14:30:00,Jayanagar
c338c473a01d,12.94946,77.5713,theft,2017-11-21T18:00:00,Jayanagar
f992c793fc3f,12.952551,77.569814,theft,2018-02-27T10:00:00,Jayanagar
30fd77a99007,12.95128,77.57177,theft,2018-06-03T16:00:00,Jayanagar
a7e7ae859d56,12.94946,77.5713,theft,2018-05-30T17:30:00,Jayanagar
182cafef0e13,12.951549,77.570482,theft,2018-08-22T09:00:00,Jayanagar
1e3056d90dd0,12.94837,77.57152,theft,2018-03-11T10:30:00,Jayanagar
b700ca0e6957,12.95682,77.56796,theft,2018-11-12T10:30:00,Jayanagar
8318f4f00e7e,12.95416,77.56679,theft,2019-12-02T17:00:00,Jayanagar
f9f23f4f6f3f,12.951549,77.570482,theft,2019-02-17T12:45:00,Jayanagar
f68955a2611d,12.948775,77.572542,theft,2019-03-18T10:30:00,Jayanagar
50c52723ed91,12.951549,77.570482,theft,2019-03-29T13:00:00,Jayanagar
9a3229ea0c22,12.95416,77.56679,theft,2019-05-14T16:00:00,Jayanagar
6d773bb5357f,12.9529,77.5713,theft,2019-06-14T16:00:00,Jayanagar
5fd25cc35cf8,12.948775,77.572542,theft,2019-07-25T15:00:00,Jayanagar
6ba415cdbab0,12.948775,77.572542,theft,2019-08-16T16:30:00,Jayanagar
45245a7c58fc,12.94951,77.5674,theft,2019-07-09T03:35:00,Jayanagar
31dc08985ce9,12.953218,77.577722,theft,2015-09-01T12:30:00,Jayanagar
4f2670e1a4ba,12.954761,77.577835,theft,2015-10-01T06:30:00,Jayanagar
5041f3b5a637,12.954761,77.577835,theft,2015-11-01T13:30:00,Jayanagar
3f49ccab59d3,12.958298,77.569615,theft,2015-08-15T15:30:00,Jayanagar
806572971355,12.949692,77.57486,theft,2015-11-18T18:30:00,Jayanagar
3551e6195cbe,12.954761,77.577835,theft,2015-07-12T00:00:00,Jayanagar
15e6fceee3ce,12.951548,77.575554,theft,2015-03-03T17:45:00,Jayanagar
7f909d1e5f30,12.953447,77.576862,theft,2015-05-03T12:30:00,Jayanagar
3b24d0ab3594,12.962568,77.571111,theft,2015-06-20T12:45:00,Jayanagar
ca6d0211e94e,12.951548,77.575554,theft,2015-07-13T00:00:00,Jayanagar
f093d3e53a48,12.950409,77.574966,theft,2015-04-16T00:00:00,Jayanagar
6d5323dbeebe,12.952379,77.579866,theft,2015-01-04T14:30:00,Jayanagar
219b68fc0433,12.95918,77.571662,theft,2015-07-04T00:00:00,Jayanagar
5b10bf653527,12.952742,77.576388,theft,2015-02-10T15:30:00,Jayanagar
a339e295b925,12.958829,77.570071,theft,2015-12-23T12:30:00,Jayanagar
41ca73676762,12.949963,77.576664,theft,2015-08-18T00:00:00,Jayanagar
8eb1b7325fb7,12.94864,77.575867,theft,2015-12-06T14:15:00,Jayanagar
cb7feeb3f047,12.950726,77.576926,theft,2015-01-07T00:00:00,Jayanagar
de460154114d,12.95685,77.573905,theft,2015-05-01T11:30:00,Jayanagar
5b9ac0e3cfba,12.953229,77.577732,theft,2015-07-08T00:00:00,Jayanagar
4a3ef1202851,12.956738,77.57548,theft,2015-06-05T00:00:00,Jayanagar
97826d4117b4,12.949273,77.577578,theft,2015-01-08T00:00:00,Jayanagar
bc3460df1377,12.962125,77.571578,theft,2015-07-08T10:30:00,Jayanagar
9bea67f7abfa,12.954052,77.575538,theft,2015-11-08T13:30:00,Jayanagar
3d4d4548709f,12.950406,77.574966,theft,2015-06-15T00:00:00,Jayanagar
98a6c9276792,12.958858,77.57001,theft,2015-02-01T00:00:00,Jayanagar
2feca8119620,12.960435,77.57267,theft,2015-07-23T00:00:00,Jayanagar
c58f69f29f3c,12.950406,77.574966,theft,2015-10-11T00:00:00,Jayanagar
0bab031a0a47,12.952562,77.576415,theft,2015-10-18T13:15:00,Jayanagar
dac71a3f617d,12.949692,77.57486,theft,2015-02-17T00:00:00,Jayanagar
930e0baed9d7,12.952742,77.576388,theft,2015-10-08T00:00:00,Jayanagar
fadc16dae87e,12.948643,77.578913,theft,2015-07-10T13:40:00,Jayanagar
924bed1ce98d,12.950249,77.575181,theft,2015-07-10T00:00:00,Jayanagar
f29a290ef6d0,12.951548,77.575554,theft,2015-09-10T10:30:00,Jayanagar
e603683ec2f9,12.95256,77.576151,theft,2015-08-17T00:00:00,Jayanagar
341e0b30c755,12.950249,77.575181,theft,2015-12-27T00:00:00,Jayanagar
e8b0bad2527f,12.954761,77.577835,theft,2015-01-11T10:45:00,Jayanagar
4c8d664905b9,12.951131,77.574527,theft,2015-08-25T00:00:00,Jayanagar
0145d1480212,12.952192,77.575846,theft,2015-04-01T00:00:00,Jayanagar
0c4536de0ffa,12.956238,77.57548,theft,2015-01-19T00:00:00,Jayanagar
181fea61b36b,12.959554,77.571612,theft,2016-04-01T00:00:00,Jayanagar
dbe0b2f2a7be,12.955235,77.577145,theft,2016-07-01T00:00:00,Jayanagar
89ed8f9a647d,12.954231,77.579561,theft,2016-05-16T00:00:00,Jayanagar
8a5f99022134,12.951904,77.577052,theft,2016-04-02T10:30:00,Jayanagar
dbe71904cdc1,12.95935,77.569399,theft,2016-12-02T00:00:00,Jayanagar
3002f7d511f5,12.949599,77.574365,theft,2016-05-09T12:10:00,Jayanagar
a7d3820d6250,12.957696,77.568372,theft,2016-10-28T00:00:00,Jayanagar
9faf1b65a783,12.963285,77.57056,theft,2016-02-18T16:30:00,Jayanagar
e4fd38afc513,12.948463,77.575679,theft,2016-05-04T00:00:00,Jayanagar
c000f2c7f582,12.949692,77.57486,theft,2016-07-04T18:30:00,Jayanagar
9adf71ccfc3f,12.952132,77.577152,theft,2016-06-09T12:15:00,Jayanagar
d32f36aa5e74,12.957742,77.574388,theft,2016-01-06T00:00:00,Jayanagar
35290a3c96cc,12.961548,77.570931,theft,2016-06-06T14:30:00,Jayanagar
281d45efd328,12.951238,77.575969,theft,2016-01-09T00:00:00,Jayanagar
29255b0425a2,12.962566,77.577003,theft,2016-12-07T00:00:00,Jayanagar
b7fd3b4dc240,12.952612,77.5765,theft,2016-09-16T10:50:00,Jayanagar
8db18fa93f3d,12.949963,77.576664,theft,2016-09-21T00:00:00,Jayanagar
388ac4b631e2,12.95685,77.573805,theft,2016-06-07T16:30:00,Jayanagar
951a02d5e85a,12.948506,77.578413,theft,2016-09-11T00:00:00,Jayanagar
92c4694d7dce,12.952612,77.5765,theft,2016-04-02T12:30:00,Jayanagar
e64098fd3c91,12.958896,77.57254,theft,2016-05-09T12:30:00,Jayanagar
a3479eb150f7,12.962568,77.571112,theft,2016-06-14T13:50:00,Jayanagar
7bcdc0e77c58,12.948431,77.579239,theft,2016-07-10T12:30:00,Jayanagar
c9a8d5cfdb15,12.958829,77.570071,theft,2016-04-06T11:30:00,Jayanagar
1fcb5374e389,12.952742,77.576388,theft,2016-03-06T18:15:00,Jayanagar
d7d660704f1c,12.962661,77.570267,theft,2016-05-11T13:45:00,Jayanagar
d1fb9fd8489c,12.955235,77.577145,theft,2016-10-11T13:15:00,Jayanagar
fee4a937283c,12.951266,77.577439,theft,2016-11-11T13:30:00,Jayanagar
39d0535dbb4e,12.962964,77.571681,theft,2016-02-18T00:00:00,Jayanagar
56b92e5d1b7b,12.952742,77.576388,theft,2016-09-12T00:00:00,Jayanagar
9f6141652d33,12.951744,77.576114,theft,2017-02-01T00:00:00,Jayanagar
2d30047ae9bf,12.948431,77.579239,theft,2017-09-23T12:30:00,Jayanagar
94af12012763,12.948695,77.577744,theft,2017-04-02T00:00:00,Jayanagar
f124fccd6ef5,12.948703,77.578742,theft,2017-03-13T18:10:00,Jayanagar
f153bfc02bf9,12.956738,77.57548,theft,2017-11-01T18:10:00,Jayanagar
b04aac7252f1,12.952742,77.576388,theft,2017-08-22T00:00:00,Jayanagar
c3cfd4c1bcdc,12.948703,77.578742,theft,2017-07-25T12:25:00,Jayanagar
72a19fcd1f28,12.953929,77.577592,theft,2017-05-15T16:30:00,Jayanagar
2ff16fd171f8,12.951266,77.579866,theft,2017-07-04T00:00:00,Jayanagar
6f4288576305,12.95935,77.569399,theft,2017-01-12T12:30:00,Jayanagar
1b8ac576801f,12.951658,77.577348,theft,2017-10-07T00:00:00,Jayanagar
4ed4b5d1a451,12.951667,77.574616,theft,2017-05-19T00:00:00,Jayanagar
4aeb1a88509b,12.962631,77.571589,theft,2017-12-25T00:00:00,Jayanagar
789f33a29c88,12.962438,77.569251,theft,2017-05-06T00:00:00,Jayanagar
2e331093933c,12.963921,77.571623,theft,2017-06-07T00:48:00,Jayanagar
90afee8c4139,12.962731,77.570516,theft,2017-01-03T20:30:00,Jayanagar
150af94b7289,12.951266,77.577439,theft,2017-03-07T18:30:00,Jayanagar
aa5d54492d26,12.948703,77.578742,theft,2017-07-07T00:00:00,Jayanagar
98a8af2a835c,12.956738,77.57548,theft,2017-12-06T12:10:00,Jayanagar
803bb625c8fa,12.961498,77.571739,theft,2017-10-11T00:00:00,Jayanagar
82cf2ae4fcc0,12.952562,77.576415,theft,2017-06-09T00:00:00,Jayanagar
17282bad1bc3,12.962438,77.569251,theft,2017-03-08T18:30:00,Jayanagar
23ea7dd0aaf5,12.958015,77.569486,theft,2017-10-02T00:00:00,Jayanagar
036ae78c01fd,12.958015,77.569486,theft,2017-12-01T13:08:00,Jayanagar
4628ec74875c,12.956833,77.574449,theft,2017-03-21T10:30:00,Jayanagar
6e09853f331f,12.958777,77.569906,theft,2017-10-08T10:30:00,Jayanagar
644212fa4fe1,12.956833,77.574449,theft,2017-02-06T11:30:00,Jayanagar
193776f0d54d,12.950036,77.574494,theft,2017-12-21T12:50:00,Jayanagar
ed7f42d28361,12.954296,77.575475,theft,2018-10-25T00:00:00,Jayanagar
763115f988eb,12.952742,77.576388,theft,2018-06-02T12:00:00,Jayanagar
57ccc01e8d3b,12.954002,77.579978,theft,2018-06-03T10:30:00,Jayanagar
36d6e79054f0,12.962566,77.571605,theft,2018-08-03T14:15:00,Jayanagar
9ce3b7bc2f0b,12.962566,77.571605,theft,2018-09-03T10:50:00,Jayanagar
7a9091ec6a3d,12.951036,77.574494,theft,2018-09-03T00:00:00,Jayanagar
2979f9e40255,12.952037,77.576546,theft,2018-12-05T17:30:00,Jayanagar
8d786369a27c,12.961706,77.571137,theft,2018-02-16T00:00:00,Jayanagar
2207ab981099,12.948703,77.578742,theft,2018-05-15T00:00:00,Jayanagar
09031c521551,12.962125,77.571578,theft,2018-12-04T19:35:00,Jayanagar
0418125736e7,12.962125,77.571578,theft,2018-11-16T10:30:00,Jayanagar
d559bad8218d,12.962631,77.571589,theft,2018-12-06T11:15:00,Jayanagar
c680b83d3d6d,12.948703,77.578742,theft,2018-06-07T10:30:00,Jayanagar
10502609dc68,12.962631,77.571589,theft,2018-07-06T00:00:00,Jayanagar
629054479e6c,12.960463,77.571372,theft,2018-02-12T15:30:00,Jayanagar
3b338ab5e40a,12.951286,77.577272,theft,2018-11-11T11:50:00,Jayanagar
4473073697df,12.954201,77.576033,theft,2018-10-08T11:35:00,Jayanagar
85613fc3c7b4,12.951918,77.577217,theft,2018-05-23T14:10:00,Jayanagar
c02029f13b0e,12.960209,77.570351,theft,2018-11-23T10:15:00,Jayanagar
c1d61a9545a3,12.951957,77.574455,theft,2018-04-09T15:46:00,Jayanagar
bba9aa12aec7,12.954155,77.571605,theft,2018-11-09T00:00:00,Jayanagar
6a7ae54c6e0d,12.948703,77.578742,theft,2018-05-28T00:00:00,Jayanagar
1670ef223358,12.961608,77.571317,theft,2018-07-11T10:45:00,Jayanagar
ed1d3725970d,12.948703,77.578742,theft,2018-09-04T00:00:00,Jayanagar
9f5c38807094,12.954201,77.576033,theft,2018-11-19T14:15:00,Jayanagar
6408143221d6,12.958837,77.571324,theft,2018-04-21T11:15:00,Jayanagar
e9ab5aa03f66,12.954326,77.579097,theft,2018-04-12T10:30:00,Jayanagar
e57384c183e3,12.951036,77.574494,theft,2018-06-19T11:30:00,Jayanagar
b454761fe0c7,12.962566,77.571605,theft,2018-02-14T15:30:00,Jayanagar
b2a379744349,12.959545,77.571612,theft,2019-04-16T14:35:00,Jayanagar
cd56df3b3711,12.952742,77.576388,theft,2019-11-02T09:30:00,Jayanagar
bd34121de4cb,12.949273,77.577578,theft,2019-05-20T00:00:00,Jayanagar
919d7c57aa13,12.951721,77.577937,theft,2019-11-15T19:30:00,Jayanagar
8fccc56ca973,12.949692,77.57486,theft,2019-10-04T19:30:00,Jayanagar
348379a72da9,12.954296,77.575475,theft,2019-12-03T10:30:00,Jayanagar
b62fe8b32740,12.955159,77.573938,theft,2019-03-05T10:50:00,Jayanagar
4cf224471dcb,12.955252,77.577003,theft,2019-06-05T16:45:00,Jayanagar
77669e547965,12.962566,77.571605,theft,2019-09-05T00:00:00,Jayanagar
f503fbc0e705,12.963326,77.571046,theft,2019-08-16T00:00:00,Jayanagar
29735940d230,12.962991,77.572155,theft,2019-10-04T10:30:00,Jayanagar
ed7bf3777e58,12.958837,77.571324,theft,2019-02-02T11:30:00,Jayanagar
de44db193bd1,12.955252,77.577003,theft,2019-01-13T11:30:00,Jayanagar
146b015c124b,12.958829,77.571612,theft,2019-01-07T11:15:00,Jayanagar
d540cefb7ade,12.955159,77.573899,theft,2019-04-26T11:30:00,Jayanagar
0a3cfbfdbe88,12.959105,77.570071,theft,2019-08-07T13:30:00,Jayanagar
3dca84fa2ba9,12.962125,77.571578,theft,2019-09-11T14:30:00,Jayanagar
d4686b67d7ec,12.961608,77.571317,theft,2019-11-08T10:15:00,Jayanagar
a503e66d429e,12.962125,77.571578,theft,2019-07-12T11:45:00,Jayanagar
5f853726a412,12.962125,77.571578,theft,2019-10-07T09:45:00,Jayanagar
32a01cc69b35,12.954326,77.579097,theft,2019-07-24T11:30:00,Jayanagar
8c9720a45482,12.959554,77.571612,theft,2019-01-10T10:30:00,Jayanagar
831641c7ea9b,12.949828,77.5746,theft,2019-10-24T00:00:00,Jayanagar
c391b7b9425c,12.962449,77.572965,theft,2019-09-10T14:30:00,Jayanagar
2e93aa303f2a,12.962566,77.571605,theft,2019-10-10T09:30:00,Jayanagar
336525ebd796,12.951019,77.577525,theft,2019-04-20T13:30:00,Jayanagar
155c3880e120,12.955851,77.5756,theft,2019-04-22T00:00:00,Jayanagar
1c7c0b9e4d70,12.962449,77.572965,theft,2019-07-22T00:00:00,Jayanagar
07cea99d6023,12.953672,77.577753,theft,2019-01-12T00:00:00,Jayanagar
3f894c2b429b,12.960788,77.572096,theft,2019-08-13T00:00:00,Jayanagar
dd44ff417477,12.96341,77.57023,theft,2019-10-15T10:30:00,Jayanagar
01048525e4cf,12.92612,77.575115,theft,2015-04-01T11:10:00,Jayanagar
8ee64743c6d3,12.941828,77.561823,theft,2015-01-21T22:30:00,Jayanagar
fd509867ac4a,12.932685,77.544577,theft,2015-08-04T11:30:00,Jayanagar
76ae58602b3a,12.944081,77.55546,theft,2015-11-13T14:30:00,Jayanagar
d0b1c6e42027,12.942649,77.544916,theft,2015-07-22T13:45:00,Jayanagar
c09d55223a07,12.943277,77.555311,theft,2015-06-21T08:50:00,Jayanagar
375bd2ccd80b,12.945538,77.553088,theft,2015-06-28T13:30:00,Jayanagar
406235854c96,12.948701,77.551524,theft,2015-09-26T12:00:00,Jayanagar
624120798115,12.942746,77.545402,theft,2015-04-05T16:00:00,Jayanagar
e1e520976318,12.94533,77.564184,theft,2015-09-15T12:00:00,Jayanagar
c11d40c1b5b0,12.938835,77.552467,theft,2015-02-06T11:50:00,Jayanagar
04b293553558,12.94201,77.552382,theft,2015-09-06T01:30:00,Jayanagar
05d50dcb0a16,12.946303,77.550848,theft,2015-10-24T13:00:00,Jayanagar
962eb22111ea,12.940124,77.559239,theft,2015-10-25T08:00:00,Jayanagar
4e01031b5da1,12.936371,77.553711,theft,2015-10-08T12:00:00,Jayanagar
df21b06b2b9f,12.927632,77.568274,theft,2015-08-16T17:00:00,Jayanagar
6a7b6b3ed889,12.938391,77.567624,theft,2015-08-07T12:00:00,Jayanagar
2ea6fc6d2b2a,12.941545,77.557568,theft,2015-01-26T11:00:00,Jayanagar
342fea9eef54,12.945881,77.5626,theft,2015-03-08T13:00:00,Jayanagar
c8182e27d73f,12.934504,77.559655,theft,2015-11-05T18:15:00,Jayanagar
c455be240754,12.947553,77.552613,theft,2015-04-18T11:15:00,Jayanagar
2afc9d1fcdee,12.941265,77.565566,theft,2015-08-19T14:15:00,Jayanagar
26426e0d24c0,12.937318,77.561461,theft,2015-04-28T17:45:00,Jayanagar
0d4d636510f7,12.93898,77.562519,theft,2015-07-10T13:45:00,Jayanagar
12bcf074f57f,12.941265,77.565566,theft,2015-04-09T11:00:00,Jayanagar
5c93cc8748d3,12.938445,77.560747,theft,2015-08-31T12:15:00,Jayanagar
8cf64eeb66d4,12.993838,77.564288,theft,2015-09-18T12:00:00,Jayanagar
03674ad19edb,12.98987,77.564124,theft,2015-03-04T12:00:00,Jayanagar
14ab696a1f9d,12.946545,77.560737,theft,2015-01-10T21:00:00,Jayanagar
242fcefdbe5d,12.94856,77.552215,theft,2015-07-10T12:00:00,Jayanagar
709a4de8bd9a,12.938325,77.563274,theft,2015-07-10T13:00:00,Jayanagar
ff04a3f5650f,12.940128,77.553518,theft,2015-10-01T14:30:00,Jayanagar
58da71704350,12.938782,77.561543,theft,2015-07-18T12:00:00,Jayanagar
0c577c4aadb0,12.944532,77.563359,theft,2015-05-15T09:30:00,Jayanagar
ad4e2b97a104,12.930423,77.553171,theft,2015-01-03T13:30:00,Jayanagar
d70bff2ca34a,12.945001,77.555126,theft,2015-12-02T12:00:00,Jayanagar
8e6825a9c7e2,12.934222,77.559017,theft,2015-01-23T15:00:00,Jayanagar
a8d8a12dab01,12.941555,77.56314,theft,2015-05-17T17:30:00,Jayanagar
ca7e71937399,12.936984,77.561075,theft,2015-01-12T10:30:00,Jayanagar
882e6fc64c87,12.941477,77.559944,theft,2015-08-12T17:00:00,Jayanagar
6a7a8174b291,12.939464,77.55785,theft,2015-09-12T12:30:00,Jayanagar
bfe7b9e8832e,12.937633,77.562301,theft,2015-11-12T13:00:00,Jayanagar
16403bc5dc45,12.938849,77.565144,theft,2015-06-16T16:00:00,Jayanagar
32a6f35924d3,12.948047,77.55195,theft,2015-05-15T12:00:00,Jayanagar
cc1f5dadf931,12.92514,77.578568,theft,2015-11-10T10:30:00,Jayanagar
9f423ee4dd13,12.941818,77.561845,theft,2015-12-14T19:30:00,Jayanagar
f54271f6ef91,12.936474,77.553951,theft,2015-09-14T20:40:00,Jayanagar
4bc9f25cf27c,12.947014,77.559808,theft,2015-09-25T18:30:00,Jayanagar
0eb726ea818c,12.938984,77.556987,theft,2015-02-03T19:00:00,Jayanagar
69e754e1dc09,12.949135,77.553108,theft,2016-05-01T19:30:00,Jayanagar
598a81162b31,12.947301,77.56419,theft,2016-07-21T11:15:00,Jayanagar
81d46ded8c39,12.947134,77.554724,theft,2016-02-03T00:00:00,Jayanagar
4159263b405c,12.940849,77.559491,theft,2016-10-22T11:00:00,Jayanagar
0733fe829a96,12.946687,77.555968,theft,2016-07-09T22:30:00,Jayanagar
9db32b2f7c47,12.936584,77.561168,theft,2016-01-11T13:10:00,Jayanagar
731972138935,12.938387,77.555871,theft,2016-03-03T13:25:00,Jayanagar
c37a76e311b6,12.944121,77.566997,theft,2016-09-03T18:20:00,Jayanagar
77c1cae1e2a4,12.937713,77.563224,theft,2016-11-03T11:00:00,Jayanagar
f811485138b4,12.940737,77.54897,theft,2016-12-03T11:50:00,Jayanagar
c60c6539e7af,12.9444,77.55475,theft,2016-07-24T11:30:00,Jayanagar
09bcf3fe05c6,12.944704,77.555823,theft,2016-12-14T17:30:00,Jayanagar
e0559e25dbfd,12.94325,77.555388,theft,2016-12-04T14:30:00,Jayanagar
2ca295adba7d,12.943065,77.567071,theft,2016-03-04T11:30:00,Jayanagar
65842fb51dbf,12.942268,77.56044,theft,2016-10-06T11:15:00,Jayanagar
9911206e57c9,12.943856,77.554011,theft,2016-10-07T00:00:00,Jayanagar
b803847baff2,12.944147,77.552753,theft,2016-04-08T11:00:00,Jayanagar
0f73ab252fea,12.943581,77.556408,theft,2016-05-01T00:00:00,Jayanagar
06d0500e8f61,12.943946,77.551643,theft,2016-04-03T11:30:00,Jayanagar
362c8a762ee7,12.944379,77.565626,theft,2016-07-05T17:30:00,Jayanagar
f22b596dfdcb,12.942876,77.564424,theft,2016-11-05T00:00:00,Jayanagar
ec7be0145cc1,12.955891,77.55796,theft,2016-09-08T00:00:00,Jayanagar
1da17f95851a,12.947727,77.566845,theft,2016-01-27T11:00:00,Jayanagar
31ea4aefbb22,12.94387,77.54861,theft,2016-07-06T11:00:00,Jayanagar
f0805a5d2290,12.933741,77.548654,theft,2016-06-09T01:25:00,Jayanagar
f9e1ca923549,12.940396,77.561433,theft,2016-07-04T00:00:00,Jayanagar
75d60607efb0,12.941579,77.554914,theft,2016-01-28T11:15:00,Jayanagar
172e8315f8dd,12.942435,77.568036,theft,2016-02-28T14:10:00,Jayanagar
c35621ba07d8,12.949776,77.557949,theft,2016-05-12T00:00:00,Jayanagar
cfa9fb0449fb,12.942376,77.557949,theft,2016-11-21T10:45:00,Jayanagar
f8cc9ac6d863,12.96398,77.558069,theft,2016-08-06T20:15:00,Jayanagar
041abae5582e,12.946594,77.554582,theft,2016-08-18T00:00:00,Jayanagar
1db7cc3137e6,12.946409,77.554114,theft,2016-01-08T13:15:00,Jayanagar
1402a33a4340,12.941292,77.557429,theft,2016-01-08T13:30:00,Jayanagar
d6a3e346ba92,12.941154,77.556565,theft,2016-10-08T00:00:00,Jayanagar
869f570564f1,12.941244,77.551365,theft,2016-03-22T12:00:00,Jayanagar
dd9f789824ed,12.997906,77.571392,theft,2016-12-26T00:00:00,Jayanagar
ab1ad93bcfc1,12.949546,77.567682,theft,2016-03-09T12:30:00,Jayanagar
5a6a522ded29,12.947954,77.550693,theft,2016-03-22T10:15:00,Jayanagar
ee9313494a88,12.935265,77.560167,theft,2016-06-02T14:30:00,Jayanagar
a0b6f94cffd6,12.936411,77.562597,theft,2016-07-12T12:20:00,Jayanagar
c3f225385f32,12.945547,77.550716,theft,2016-02-06T11:00:00,Jayanagar
da277cb2ef1e,12.954893,77.549488,theft,2016-10-10T00:00:00,Jayanagar
d4a478c7f1c9,12.94398,77.555905,theft,2016-01-03T18:30:00,Jayanagar
c9221ae4fedb,12.943525,77.560295,theft,2016-02-23T18:30:00,Jayanagar
079528a6bbda,12.96433,77.555479,theft,2016-03-11T19:40:00,Jayanagar
4b6a2289c01f,12.950621,77.549072,theft,2016-12-11T14:40:00,Jayanagar
dae7c15f1f48,12.936647,77.562933,theft,2016-04-08T00:00:00,Jayanagar
fd9e14adf19f,12.943242,77.562715,theft,2016-06-12T18:30:00,Jayanagar
a947b4cb126f,12.945068,77.564487,theft,2016-10-04T17:45:00,Jayanagar
4d57a95c25c8,12.942493,77.562749,theft,2016-05-13T00:00:00,Jayanagar
0dcae73f719a,12.946035,77.567626,theft,2016-09-23T11:30:00,Jayanagar
8e3d24290640,12.946035,77.567626,theft,2016-09-12T23:00:00,Jayanagar
58ab58b2f2e2,12.943484,77.56131,theft,2016-12-12T13:00:00,Jayanagar
64fc958e1e4a,12.941807,77.561796,theft,2016-10-25T11:00:00,Jayanagar
62c28546a106,12.939755,77.53564,theft,2016-07-16T10:30:00,Jayanagar
df9cbc8c9f63,12.93025,77.552845,theft,2016-12-17T12:15:00,Jayanagar
2100b00bd929,12.947798,77.555929,theft,2016-12-08T11:00:00,Jayanagar
8e039aa608a7,12.947032,77.556724,theft,2017-03-01T17:00:00,Jayanagar
89183e7fd8bf,12.946231,77.554584,theft,2017-11-01T11:15:00,Jayanagar
5060de3c254f,12.943296,77.5583,theft,2017-04-03T14:00:00,Jayanagar
3e5541220b2d,12.938424,77.563509,theft,2017-07-28T12:00:00,Jayanagar
37d32036c107,12.944757,77.561546,theft,2017-03-08T14:30:00,Jayanagar
86816a42e7b8,12.945152,77.567681,theft,2017-06-05T15:30:00,Jayanagar
60f9b9c3238a,12.946743,77.564732,theft,2017-04-08T20:45:00,Jayanagar
afe68b79bbe3,12.946017,77.550443,theft,2017-01-03T14:30:00,Jayanagar
612b727eadce,12.937087,77.554725,theft,2017-01-03T02:45:00,Jayanagar
ac7e60423aa8,12.941787,77.563655,theft,2017-02-03T12:00:00,Jayanagar
182efcc0c9b9,12.945149,77.558629,theft,2017-06-03T13:30:00,Jayanagar
a7b79e024c96,12.94611,77.556185,theft,2017-08-12T20:45:00,Jayanagar
cdfd59067c3d,12.9442,77.562025,theft,2017-01-25T14:30:00,Jayanagar
0b1f6c9f915f,12.944199,77.556471,theft,2017-05-20T10:30:00,Jayanagar
68e4d1c5a8ff,12.948862,77.550299,theft,2017-06-22T11:00:00,Jayanagar
fc472e0d7219,12.945862,77.567542,theft,2017-01-04T16:30:00,Jayanagar
5d0755598b37,12.935655,77.557276,theft,2017-08-04T15:10:00,Jayanagar
4840df227647,12.938731,77.557515,theft,2017-02-08T18:30:00,Jayanagar
6d4b6e551c01,12.948826,77.550039,theft,2017-06-05T10:15:00,Jayanagar
890d9accb6f7,12.947443,77.55347,theft,2017-11-05T20:45:00,Jayanagar
dd4ed3e1250b,12.943931,77.565509,theft,2017-12-05T12:15:00,Jayanagar
bf032c72e682,12.938513,77.565111,theft,2017-07-01T10:30:00,Jayanagar
91ab1541f2c2,12.945416,77.55442,theft,2017-05-16T15:30:00,Jayanagar
8c60c403e9b4,12.94491,77.567516,theft,2017-01-06T11:00:00,Jayanagar
2d6ab87b6782,12.955198,77.567472,theft,2017-07-06T16:30:00,Jayanagar
402e7cb4ed25,12.935385,77.555897,theft,2017-12-06T15:15:00,Jayanagar
869734017bba,12.944544,77.554925,theft,2017-04-02T18:10:00,Jayanagar
bce89eb78f22,12.936651,77.55582,theft,2017-04-01T11:15:00,Jayanagar
0ec5819c7dd0,12.93578,77.562458,theft,2017-04-07T11:30:00,Jayanagar
f08d50ee6d7f,12.941842,77.561798,theft,2017-07-18T11:30:00,Jayanagar
485efd3e0051,12.943235,77.564335,theft,2017-02-09T12:15:00,Jayanagar
f5c55f87975c,12.94169,77.557891,theft,2017-05-02T10:30:00,Jayanagar
408ba8917bdc,12.935411,77.555958,theft,2017-05-08T11:00:00,Jayanagar
1518e036282f,12.934848,77.553935,theft,2017-09-08T00:30:00,Jayanagar
f9f23cc15ad4,12.93535,77.553614,theft,2017-11-25T12:30:00,Jayanagar
a0e27e6f3aff,12.97171,77.555783,theft,2017-09-01T16:30:00,Jayanagar
3758494ca956,12.946161,77.554204,theft,2017-05-09T16:30:00,Jayanagar
4a12b7591dde,12.946161,77.554204,theft,2017-11-03T12:30:00,Jayanagar
92b761d35178,12.947648,77.555133,theft,2017-04-23T11:30:00,Jayanagar
86676b576e86,12.945656,77.55703,theft,2017-10-04T11:30:00,Jayanagar
d8158d34107d,12.947962,77.56137,theft,2017-02-23T14:15:00,Jayanagar
366dc4450e3b,12.948875,77.558138,theft,2017-06-03T12:30:00,Jayanagar
58b362372b04,12.941813,77.563095,theft,2017-06-11T19:30:00,Jayanagar
cacd5e23322e,12.941723,77.561554,theft,2017-06-28T11:30:00,Jayanagar
4f48c49edc4d,12.946083,77.566288,theft,2017-05-20T18:00:00,Jayanagar
a598a190fb37,12.93887,77.563613,theft,2017-10-12T12:30:00,Jayanagar
643131df80d1,12.941633,77.55737,theft,2017-01-10T11:30:00,Jayanagar
8dcd004002ec,12.943655,77.551579,theft,2017-06-18T16:00:00,Jayanagar
c4ac76e9b270,12.940361,77.557352,theft,2017-03-24T11:45:00,Jayanagar
4eb68022e59f,12.94301,77.554114,theft,2017-10-14T11:45:00,Jayanagar
750fca4702b6,12.936043,77.56367,theft,2017-06-03T16:00:00,Jayanagar
bdf0dcd0ad08,12.941526,77.560663,theft,2017-01-12T12:00:00,Jayanagar
f803534d0fb8,12.941909,77.565285,theft,2017-07-12T17:00:00,Jayanagar
403077c4e22d,12.944881,77.562304,theft,2017-12-13T11:00:00,Jayanagar
252bfc53cd68,12.935982,77.562713,theft,2017-12-20T20:45:00,Jayanagar
7ce15a654d5b,12.941289,77.558351,theft,2017-12-25T12:30:00,Jayanagar
6af8a1d8cf31,12.939522,77.55879,theft,2017-12-27T17:30:00,Jayanagar
82b5afc742e0,12.948199,77.562753,theft,2017-12-29T11:30:00,Jayanagar
5e5abd56869c,12.940483,77.561484,theft,2018-07-20T16:30:00,Jayanagar
00ca7e224b2e,12.944755,77.566436,theft,2018-09-15T15:10:00,Jayanagar
9ae2bc51d4c7,12.93553,77.55892,theft,2018-05-03T18:00:00,Jayanagar
96b9781463e9,12.94021,77.561484,theft,2018-03-02T14:40:00,Jayanagar
3961ddfb8468,12.944365,77.564264,theft,2018-05-02T20:45:00,Jayanagar
9e09d1110cf1,12.949334,77.555873,theft,2018-12-01T12:30:00,Jayanagar
147293ee1ad8,12.947174,77.555448,theft,2018-02-27T19:00:00,Jayanagar
63fc5123df25,12.940891,77.556298,theft,2018-02-03T11:00:00,Jayanagar
97a2dc7a43e0,12.942039,77.553681,theft,2018-02-26T16:30:00,Jayanagar
29d566612c35,12.94911,77.55299,theft,2018-02-14T19:00:00,Jayanagar
e6971b2c9e95,12.939847,77.564293,theft,2018-04-18T20:40:00,Jayanagar
665cf555689a,12.946133,77.555936,theft,2018-09-03T13:00:00,Jayanagar
ce4b0a97ac8e,12.944805,77.568012,theft,2018-10-25T18:15:00,Jayanagar
ff584de1d421,12.943248,77.557747,theft,2018-02-25T16:40:00,Jayanagar
77f15e5a2804,12.946227,77.567505,theft,2018-06-01T09:00:00,Jayanagar
4befdcf8ecdc,12.944394,77.554772,theft,2018-04-14T16:00:00,Jayanagar
05a6f1dbb90b,12.944188,77.555529,theft,2018-01-14T18:00:00,Jayanagar
464ee6926118,12.947936,77.550761,theft,2018-06-04T13:00:00,Jayanagar
65ab53968bfe,12.948411,77.554547,theft,2018-09-04T21:00:00,Jayanagar
84e8df6d25b4,12.949157,77.550595,theft,2018-06-14T10:00:00,Jayanagar
177e780690df,12.933774,77.572827,theft,2018-04-03T16:00:00,Jayanagar
02f6ec3389a0,12.941233,77.565505,theft,2018-03-09T12:00:00,Jayanagar
ecb5a0939a4f,12.946113,77.554071,theft,2018-06-25T12:00:00,Jayanagar
abf7e6e6d2e1,12.928164,77.54714,theft,2018-05-02T15:00:00,Jayanagar
62b25568e1ea,12.941623,77.558911,theft,2018-07-05T17:00:00,Jayanagar
572707ec47df,12.944661,77.567476,theft,2018-08-21T11:00:00,Jayanagar
edfdca26e745,12.942982,77.564302,theft,2018-02-04T13:00:00,Jayanagar
7393afc7231e,12.94311,77.558604,theft,2018-09-15T13:00:00,Jayanagar
0e95a7ffa13f,12.934303,77.565947,theft,2018-02-06T11:40:00,Jayanagar
b4a3d6e78a4b,12.94406,77.56423,theft,2018-07-06T18:15:00,Jayanagar
a761c40bfa8f,12.94255,77.56258,theft,2018-08-06T15:45:00,Jayanagar
9db9430798ce,12.942203,77.562211,theft,2018-10-06T15:00:00,Jayanagar
3a266a565c6e,12.93641,77.55977,theft,2018-12-06T17:45:00,Jayanagar
842cb49b59f8,12.922203,77.540772,theft,2017-03-02T19:00:00,K G Nagar
5a0993618c66,12.927149,77.545402,theft,2017-08-02T09:30:00,K G Nagar
a3ec68e975c9,12.923828,77.543218,theft,2017-02-16T12:30:00,K G Nagar
7758007e6e8c,12.949344,77.558916,theft,2017-02-17T16:30:00,K G Nagar
498710c37876,12.927149,77.545402,theft,2017-02-21T16:00:00,K G Nagar
a0ee864bcd83,12.949393,77.556752,theft,2017-02-26T15:15:00,K G Nagar
63117789462e,12.923828,77.543218,theft,2017-04-03T16:40:00,K G Nagar
a32ba5ee7ed3,12.937609,77.558114,theft,2017-05-03T05:00:00,K G Nagar
1fdca157d16a,12.93991,77.55071,theft,2017-06-03T20:45:00,K G Nagar
42cdb7d50279,12.931375,77.554886,theft,2017-11-03T11:15:00,K G Nagar
3a6c5788a2c3,12.943537,77.55275,theft,2017-03-14T11:50:00,K G Nagar
c5e88fc3569f,12.922206,77.542843,theft,2017-03-20T19:30:00,K G Nagar
6c475773010a,12.922206,77.542843,theft,2017-03-30T18:50:00,K G Nagar
a4814d0d710a,12.932513,77.560717,theft,2017-04-04T21:30:00,K G Nagar
312449e450f1,12.926113,77.550266,theft,2017-06-04T14:30:00,K G Nagar
7aeff1bb1a14,12.943155,77.560777,theft,2017-07-04T09:30:00,K G Nagar
0934ddb61ef0,12.93473,77.54989,theft,2017-10-04T23:45:00,K G Nagar
39fcf9eebb52,12.946059,77.557257,theft,2017-04-25T16:30:00,K G Nagar
3ed936ea5428,12.92224,77.559331,theft,2017-04-05T13:20:00,K G Nagar
bb4788b1db84,12.927149,77.545402,theft,2017-06-05T07:30:00,K G Nagar
4dfa5f070268,12.92224,77.559331,theft,2017-12-05T10:00:00,K G Nagar
b23d4fac5b0b,12.923828,77.543218,theft,2017-05-20T18:30:00,K G Nagar
7310b6e6e259,12.922206,77.542843,theft,2017-05-22T16:30:00,K G Nagar
e3db4212e8d2,12.922206,77.542843,theft,2017-05-29T18:45:00,K G Nagar
977fb50e7836,12.922206,77.542843,theft,2017-02-06T18:00:00,K G Nagar
e06044c54fd5,12.922206,77.542843,theft,2017-12-06T20:30:00,K G Nagar
46a1c41b0622,12.933039,77.567149,theft,2017-06-19T13:30:00,K G Nagar
a52304470823,12.922206,77.542843,theft,2017-06-27T07:45:00,K G Nagar
ac17c0d9484b,12.927149,77.545402,theft,2017-04-07T08:50:00,K G Nagar
c96aab16567b,12.922206,77.542843,theft,2017-07-07T06:00:00,K G Nagar
6a2ca36f6fde,12.932513,77.560717,theft,2017-07-13T09:00:00,K G Nagar
39e68f670416,12.922206,77.542843,theft,2017-07-18T07:30:00,K G Nagar
8877eba98cdb,12.933032,77.561606,theft,2017-07-26T17:00:00,K G Nagar
97a18580a780,12.949715,77.553178,theft,2017-07-28T19:30:00,K G Nagar
65aa450490a3,12.927145,77.558371,theft,2017-07-30T08:00:00,K G Nagar
7bf4f02be416,12.927149,77.540158,theft,0201-08-01T11:25:00,K G Nagar
a3bff6861842,12.934554,77.551,theft,2017-01-08T13:50:00,K G Nagar
9e74394230a4,12.924687,77.558754,theft,2017-05-08T14:10:00,K G Nagar
34ff32c999e5,12.937455,77.550624,theft,2017-08-08T11:45:00,K G Nagar
98fe5268b6b3,12.927145,77.558371,theft,2017-08-13T18:00:00,K G Nagar
e91bc088704f,12.944462,77.549908,theft,2017-08-28T17:50:00,K G Nagar
8992cb52f911,12.924652,77.555676,theft,2017-08-30T16:30:00,K G Nagar
7839f170ac06,12.94117,77.567183,theft,2017-09-13T22:15:00,K G Nagar
0ae21b93c177,12.946657,77.56013,theft,2017-09-19T10:30:00,K G Nagar
0ef26f175d54,12.937509,77.560291,theft,2017-10-10T22:00:00,K G Nagar
ecc2bcc6f308,12.941487,77.556633,theft,2017-10-13T15:20:00,K G Nagar
ac95eba37e54,12.934346,77.565147,theft,2017-10-27T09:00:00,K G Nagar
ca7942728ec5,12.940095,77.552354,theft,2017-10-28T08:00:00,K G Nagar
7c9785723e47,12.925432,77.54973,theft,2017-10-31T22:45:00,K G Nagar
4229a68b515f,12.938617,77.556412,theft,2017-04-11T08:00:00,K G Nagar
05b2b4f377e9,12.925432,77.54973,theft,2017-11-16T19:00:00,K G Nagar
516e6abcf392,12.946902,77.562319,theft,2017-11-22T10:30:00,K G Nagar
592fe626a88e,12.922206,77.542843,theft,2017-11-24T07:00:00,K G Nagar
385f6f9b88f5,12.922206,77.542843,theft,2017-05-12T11:15:00,K G Nagar
9a7c3c8f2bac,12.945852,77.54896,theft,2017-08-12T09:00:00,K G Nagar
c0c8915662ec,12.922203,77.540772,theft,2017-12-29T17:00:00,K G Nagar
9875d9a085ce,12.939489,77.557655,theft,2018-06-01T14:00:00,K G Nagar
be1db8f277d7,12.932337,77.55356,theft,2018-11-01T11:15:00,K G Nagar
4f60630e0ff5,12.94569,77.551291,theft,2018-01-21T00:00:00,K G Nagar
34ec19fbf2a3,12.941636,77.552735,theft,2018-01-26T00:00:00,K G Nagar
f8e726957954,12.932209,77.553215,theft,2018-01-31T10:00:00,K G Nagar
1cf649a34701,12.949574,77.563575,theft,2018-01-02T00:00:00,K G Nagar
33cea631e507,12.949281,77.557775,theft,2018-06-02T10:00:00,K G Nagar
3964159574f5,12.933968,77.558887,theft,2018-02-23T05:30:00,K G Nagar
b609eb237a62,12.940178,77.564366,theft,2018-02-26T00:00:00,K G Nagar
b6d4e5e9bbe3,12.933758,77.557783,theft,2018-05-03T09:15:00,K G Nagar
f0707364a0f1,12.934695,77.554759,theft,2018-07-03T00:00:00,K G Nagar
b5aa9d47f421,12.945277,77.557557,theft,2018-03-19T00:00:00,K G Nagar
0cc549a51dfe,12.938764,77.556049,theft,2018-03-22T07:00:00,K G Nagar
d745ebc0c2c8,12.940269,77.563269,theft,2018-03-26T08:00:00,K G Nagar
358418c501b5,12.948065,77.566418,theft,2018-01-04T06:45:00,K G Nagar
90c689b6e473,12.946169,77.554587,theft,2018-02-04T00:00:00,K G Nagar
178589481e8c,12.94439,77.556846,theft,2018-04-04T08:00:00,K G Nagar
7cf9c2a46c1b,12.93658,77.564302,theft,2018-05-04T18:00:00,K G Nagar
f21d1da354db,12.932683,77.565428,theft,2018-04-17T13:30:00,K G Nagar
10c6d4989175,12.940306,77.560537,theft,2018-01-05T16:30:00,K G Nagar
3ab2280b0092,12.927149,77.545402,theft,2018-02-05T00:00:00,K G Nagar
189c2e0498e7,12.927149,77.545402,theft,2018-05-19T09:45:00,K G Nagar
6a48535a892c,12.943871,77.565305,theft,2018-05-21T09:00:00,K G Nagar
973b1f3dfd1e,12.943463,77.560106,theft,2018-05-29T00:00:00,K G Nagar
dd20f2965bf1,12.933192,77.55834,theft,2018-01-06T18:30:00,K G Nagar
cbe1301db229,12.934697,77.56239,theft,2018-04-06T09:00:00,K G Nagar
6fa670fb5737,12.94122,77.561332,theft,2018-05-06T10:30:00,K G Nagar
cb839474b737,12.932742,77.550324,theft,2018-07-06T00:00:00,K G Nagar
c242f395c111,12.944898,77.550089,theft,2018-11-06T00:00:00,K G Nagar
8ab192a5ab9b,12.933275,77.54898,theft,2018-06-15T05:30:00,K G Nagar
f8fffdf13fd7,12.949225,77.562391,theft,2018-06-20T04:30:00,K G Nagar
57aa1d51e464,12.938356,77.554238,theft,2018-06-21T00:00:00,K G Nagar
2522c2ec62cc,12.938292,77.563078,theft,2018-03-07T10:30:00,K G Nagar
f59fff95d7ad,12.943908,77.55218,theft,2018-05-07T08:30:00,K G Nagar
424785d7c901,12.935128,77.550575,theft,2018-10-07T00:00:00,K G Nagar
023220aeca5a,12.943888,77.562888,theft,2018-07-18T12:45:00,K G Nagar
321acbc85d14,12.936767,77.549143,theft,2018-07-27T00:00:00,K G Nagar
8dc3c7d830d9,12.933472,77.56665,theft,2018-01-08T00:00:00,K G Nagar
9fa0864ffc0a,12.937314,77.562977,theft,2018-04-08T11:30:00,K G Nagar
ecb1a3d3cf51,12.943246,77.555817,theft,2018-05-08T00:00:00,K G Nagar
2439b43070fc,12.924687,77.558754,theft,2018-07-08T10:30:00,K G Nagar
f6f91aa69e76,12.932513,77.560717,theft,2018-11-08T00:00:00,K G Nagar
7f3510e4ca11,12.935697,77.551,theft,2018-08-13T10:00:00,K G Nagar
397d4bd396ea,12.943072,77.563077,theft,2018-08-18T00:00:00,K G Nagar
ce9a4ad94cee,12.943593,77.55856,theft,2018-08-26T00:00:00,K G Nagar
4cba7cdd666e,12.932747,77.566661,theft,2018-08-27T11:00:00,K G Nagar
304b407a4eb3,12.946382,77.55417,theft,2018-08-28T11:30:00,K G Nagar
4b190ed8cdfe,12.949648,77.559884,theft,2018-08-30T00:00:00,K G Nagar
eb63933ecbd8,12.942485,77.562586,theft,2018-04-09T11:00:00,K G Nagar
158ee35c47e3,12.946617,77.560893,theft,2018-09-17T00:00:00,K G Nagar
551420e6cd5f,12.932513,77.560717,theft,2018-09-29T00:00:00,K G Nagar
e51e38337ba6,12.934299,77.55501,theft,2018-05-10T00:00:00,K G Nagar
917a99653b85,12.948713,77.552909,theft,2018-10-16T00:00:00,K G Nagar
9f131c805970,12.938697,77.556744,theft,2018-10-17T00:00:00,K G Nagar
821cdc8d3faf,12.939908,77.560088,theft,2018-10-23T00:00:00,K G Nagar
dd98c4810861,12.948983,77.553206,theft,2018-10-26T00:00:00,K G Nagar
fd0ec9b1766a,12.93418,77.552407,theft,2018-10-30T00:00:00,K G Nagar
845b9c23f71a,12.929584,77.561639,theft,2018-01-11T00:00:00,K G Nagar
ccd09151d8d7,12.920024,77.544633,theft,2018-05-11T00:00:00,K G Nagar
4920d43fa008,12.947972,77.560696,theft,2017-09-28T02:57:00,K G Nagar
93dc0baf78ab,12.948385,77.577426,theft,2017-10-13T22:38:00,K G Nagar
350f4e426f25,12.935135,77.573827,theft,2017-10-14T16:11:00,K G Nagar
15c6ff82e6e0,12.93867,77.580302,theft,2017-09-15T17:20:00,K G Nagar
175e1a3088a8,12.944603,77.576862,theft,2017-03-11T12:20:00,K G Nagar
6fe385e52448,12.945881,77.575738,theft,2017-09-11T07:45:00,K G Nagar
2e42ad185929,12.936943,77.571151,theft,2017-10-12T07:45:00,K G Nagar
91432c1c19d7,12.94914,77.579923,theft,2017-12-26T06:22:00,K G Nagar
3a6ab54438c3,12.94745,77.573955,theft,2018-01-01T11:31:00,K G Nagar
4ea21164e310,12.935188,77.558832,theft,2018-12-31T10:24:00,K G Nagar
7476ad2feb55,12.948385,77.577426,theft,2018-01-21T21:27:00,K G Nagar
1d192bac8362,12.935135,77.573827,theft,2018-01-27T12:17:00,K G Nagar
9d63d65a5a46,12.93867,77.580302,theft,2018-02-13T01:28:00,K G Nagar
b2c7e366ffd5,12.944339,77.550455,theft,2018-04-03T17:30:00,K G Nagar
4dccac45b07f,12.935739,77.57072,theft,2018-03-24T14:50:00,K G Nagar
bf4a0b0c03b2,12.935295,77.570349,theft,2018-04-15T22:23:00,K G Nagar
b48e7727a2c8,12.93816,77.556399,theft,2018-04-18T04:32:00,K G Nagar
fea29e491e20,12.943653,77.578494,theft,2018-02-05T23:02:00,K G Nagar
c7148e7a3163,12.94476,77.56998,theft,2018-04-05T21:18:00,K G Nagar
9a0abdd586f7,12.86541,77.68521,theft,2018-05-21T22:28:00,K G Nagar
3e91e396ce7e,12.948287,77.569667,theft,2018-05-29T06:43:00,K G Nagar
1f14c3da09f8,12.944849,77.571818,theft,2018-06-15T14:24:00,K G Nagar
f4f0be5f5b95,12.945705,77.551716,theft,2018-06-29T09:57:00,K G Nagar
f4e29101924f,12.947402,77.57754,theft,2018-07-21T15:07:00,K G Nagar
657696424e5e,12.948179,77.571832,theft,2018-07-21T00:43:00,K G Nagar
9d88bf3f9228,12.946046,77.567819,theft,2018-07-31T04:02:00,K G Nagar
07a69bab7d6a,12.93907,77.56821,theft,2018-07-08T00:03:00,K G Nagar
143f579548d5,12.940579,77.569651,theft,2018-11-09T07:34:00,K G Nagar
ed6263258983,12.93537,77.570284,theft,2018-09-28T09:33:00,K G Nagar
ab3283ea2771,12.949626,77.579916,theft,2018-05-10T10:24:00,K G Nagar
f7501518d763,12.941259,77.565207,theft,2018-07-11T09:20:00,K G Nagar
15641266d00b,12.947407,77.57754,theft,2018-11-14T13:38:00,K G Nagar
096bf06b27a1,12.948287,77.569667,theft,2018-12-15T01:40:00,K G Nagar
6b17a3779b62,12.939843,77.573197,theft,2018-12-17T15:12:00,K G Nagar
a99176d5c4c3,12.939843,77.573198,theft,2018-12-19T08:51:00,K G Nagar
0122ea17be75,12.939843,77.573199,theft,2019-05-01T03:21:00,K G Nagar
c8ea0f8a77a4,12.940678,77.576308,theft,2019-03-04T09:25:00,K G Nagar
a31def005c2d,12.947125,77.56415,theft,2019-08-05T13:13:00,K G Nagar
ed45a2b9cfe2,12.948957,77.765412,theft,2019-05-20T01:52:00,K G Nagar
29927c06d8da,12.934466,77.575195,theft,2019-08-06T19:10:00,K G Nagar
e06492539ee6,12.934466,77.575196,theft,2019-07-31T15:50:00,K G Nagar
ed5e7675c6d6,12.934466,77.575197,theft,2019-08-08T22:05:00,K G Nagar
4b9e898024a0,12.934466,77.575198,theft,2019-01-09T23:18:00,K G Nagar
a1199bff9764,12.947027,77.571502,theft,2019-10-15T04:57:00,K G Nagar
9c785178ada1,12.911796,77.582691,theft,2015-06-01T03:46:00,K G Nagar
c4c9eb6e6a79,12.917945,77.57172,theft,2015-01-20T13:15:00,K G Nagar
14e38c32cf92,12.89786,77.580407,theft,2015-01-21T16:20:00,K G Nagar
9477efb8561e,12.909432,77.570654,theft,2015-01-26T14:15:00,K G Nagar
641bb0b0f02d,12.907348,77.592539,theft,2015-01-27T18:15:00,K G Nagar
50a8733f724f,12.900343,77.5899,theft,2015-02-25T10:45:00,K G Nagar
3be48bf27f95,12.921753,77.58257,theft,2015-02-27T16:30:00,K G Nagar
d7235f8e0671,12.90973,77.583651,theft,2015-03-03T03:19:00,K G Nagar
71b4c0cb7cd7,12.909756,77.577085,theft,2015-03-16T22:05:00,K G Nagar
e83f84be4650,12.909858,77.55082,theft,2015-03-22T11:50:00,K G Nagar
83d5bb3fdbe2,12.916407,77.583369,theft,2015-03-23T21:20:00,K G Nagar
1bd14d27e26e,12.894921,77.581702,theft,2015-06-06T09:23:00,K G Nagar
93743d411f9c,12.894947,77.575136,theft,2015-06-22T18:05:00,K G Nagar
97a36937c032,12.916093,77.583531,theft,2015-06-22T19:30:00,K G Nagar
d4807be89fe4,12.916119,77.576965,theft,2015-07-07T21:34:00,K G Nagar
2da5ef435b11,12.911016,77.584204,theft,2015-07-14T15:30:00,K G Nagar
6fc3e342a541,12.911042,77.577638,theft,2015-07-15T10:05:00,K G Nagar
f5f1e8135e41,12.902359,77.581781,theft,2015-07-16T21:55:00,K G Nagar
e33bf3472ee5,12.902359,77.581781,theft,2015-07-21T21:00:00,K G Nagar
f83a3e9891ff,12.907467,77.578562,theft,2015-05-04T04:37:00,K G Nagar
5f456b9b8bf5,12.903379,77.58835,theft,2015-10-08T20:53:00,K G Nagar
65cd33e000e5,12.903405,77.581784,theft,2015-10-08T07:38:00,K G Nagar
9b81c0363124,12.908113,77.581852,theft,2015-08-24T14:30:00,K G Nagar
e3d18414243a,12.91152,77.570878,theft,2015-08-27T22:05:00,K G Nagar
87ac69a8873d,12.915769,77.592505,theft,2015-09-15T10:30:00,K G Nagar
404295a4673f,12.908785,77.579938,theft,2015-09-15T16:10:00,K G Nagar
6948b741745e,12.906211,77.591284,theft,2015-09-17T11:30:00,K G Nagar
d24185a57021,12.91512,77.583787,theft,2015-09-17T21:00:00,K G Nagar
5b22ce8de339,12.915167,77.568466,theft,2015-09-24T18:15:00,K G Nagar
dc92a840a5ed,12.909258,77.589706,theft,2015-09-24T21:30:00,K G Nagar
cab6a76413c4,12.911796,77.582691,theft,2015-07-10T20:09:00,K G Nagar
2400aeb373fa,12.911842,77.56737,theft,2015-10-13T20:35:00,K G Nagar
01c48c6a9448,12.911925,77.56737,theft,2015-10-23T22:20:00,K G Nagar
9135f1ed501f,12.90167,77.585968,theft,2015-10-24T11:30:00,K G Nagar
241ea8f66fcf,12.894422,77.574979,theft,2015-11-26T11:00:00,K G Nagar
01c7c1aafdca,12.913738,77.564177,theft,2015-03-12T05:45:00,K G Nagar
9b011558a918,12.911347,77.579419,theft,2015-09-12T03:59:00,K G Nagar
6691cf02caf6,12.903772,77.583725,theft,2015-12-12T12:19:00,K G Nagar
15d49e57fbd4,12.903798,77.577159,theft,2015-12-23T11:05:00,K G Nagar
34c65efa8986,12.895731,77.579008,theft,2016-09-01T16:54:00,K G Nagar
1d1206084875,12.90773,77.578201,theft,2016-01-14T12:40:00,K G Nagar
12677e104926,12.911796,77.582691,theft,2016-01-22T14:15:00,K G Nagar
2da2e88838cf,12.915626,77.596244,theft,2016-01-22T18:30:00,K G Nagar
bb9b789caa99,12.915652,77.589678,theft,2016-01-31T22:10:00,K G Nagar
ce9683214a00,12.915755,77.563413,theft,2016-06-02T06:03:00,K G Nagar
59676bf570ad,12.897243,77.57033,theft,2016-06-02T13:02:00,K G Nagar
6692f65a467e,12.90603,77.58201,theft,2016-09-02T23:36:00,K G Nagar
d61357fd8797,12.908479,77.579804,theft,2016-02-16T18:30:00,K G Nagar
fe2b30bd0936,12.907095,77.578331,theft,2016-02-17T12:05:00,K G Nagar
106bc269e84b,12.902493,77.587741,theft,2016-03-28T12:45:00,K G Nagar
fc9e2c11cb55,12.88241,77.558106,theft,2016-09-04T15:57:00,K G Nagar
6cd31b09acdf,12.916173,77.582334,theft,2016-09-04T22:51:00,K G Nagar
0e0d5d5f11f4,12.905801,77.575264,theft,2016-12-04T03:55:00,K G Nagar
a94cc17e5276,12.914277,77.587755,theft,2016-04-14T12:10:00,K G Nagar
8fadc592b0c9,12.912484,77.591035,theft,2016-05-13T15:30:00,K G Nagar
55020e34c128,12.888015,77.574804,theft,2016-05-25T21:05:00,K G Nagar
16bb1b49ad27,12.90753,77.582486,theft,2016-01-06T23:33:00,K G Nagar
54a453011a3e,12.906723,77.57351,theft,2016-07-06T17:18:00,K G Nagar
e92e7f4979ed,12.898361,77.573651,theft,2016-06-13T18:15:00,K G Nagar
68fb97bbb57c,12.923065,77.569173,theft,2016-06-13T20:10:00,K G Nagar
9b2ec135812b,12.905492,77.578147,theft,2016-06-20T11:40:00,K G Nagar
0b8c2696b089,12.935808,77.522211,theft,2016-06-20T12:00:00,K G Nagar
5ccc71950916,12.905552,77.577297,theft,2016-06-20T12:15:00,K G Nagar
8323836a84c4,12.921502,77.564574,theft,2016-06-25T09:00:00,K G Nagar
4dbb3c8610c5,12.906053,77.5915,theft,2016-02-07T18:48:00,K G Nagar
d98644e30142,12.906213,77.595942,theft,2016-02-07T13:18:00,K G Nagar
ccf38f6e2ad4,12.905632,77.596455,theft,2016-02-07T21:23:00,K G Nagar
62bb350830ea,12.898684,77.570147,theft,2016-04-07T12:11:00,K G Nagar
c338d5194d1d,12.898728,77.553731,theft,2016-05-07T05:52:00,K G Nagar
1b913df1a957,12.9462,77.558319,theft,2016-06-07T15:44:00,K G Nagar
a4fb8fc543fe,12.911071,77.573747,theft,2016-07-19T16:45:00,K G Nagar
7ff99e216d63,12.906625,77.587394,theft,2016-07-23T12:35:00,K G Nagar
9321a2e2b37d,12.9035,77.593697,theft,2016-07-23T13:15:00,K G Nagar
67e5bbe3fe64,12.901182,77.571226,theft,2016-07-27T15:35:00,K G Nagar
764607c4752b,12.911103,77.572649,theft,2016-01-08T03:29:00,K G Nagar
64225982fd50,12.916384,77.588109,theft,2016-08-08T22:48:00,K G Nagar
3d7ef7b0bdd8,12.900698,77.588355,theft,2016-08-16T16:00:00,K G Nagar
44959f244169,12.90843,77.585482,theft,2016-08-22T21:00:00,K G Nagar
c1658e90154e,12.905866,77.584973,theft,2016-08-23T10:30:00,K G Nagar
6daf198c181c,12.905711,77.587971,theft,2016-08-24T10:15:00,K G Nagar
e8f4844c2879,12.905737,77.581405,theft,2016-03-10T22:32:00,K G Nagar
e3c18c3509f9,12.904528,77.589654,theft,2016-07-10T17:51:00,K G Nagar
e48a006ca86a,12.908317,77.590456,theft,2016-10-13T13:45:00,K G Nagar
7c5c66b8f08e,12.880221,77.565129,theft,2016-10-18T18:20:00,K G Nagar
142306882a0c,12.905789,77.592977,theft,2016-12-27T19:35:00,K G Nagar
b226f8bfa50e,12.906332,77.593317,theft,2017-10-01T16:58:00,K G Nagar
97529c6c263c,12.907098,77.582012,theft,2017-01-13T18:20:00,K G Nagar
8c4bc8e6161a,12.913505,77.574403,theft,2017-01-28T16:20:00,K G Nagar
4b97c845eb5b,12.906368,77.578152,theft,2017-02-02T14:10:00,K G Nagar
f88f27bb157e,12.907798,77.587374,theft,2017-02-02T21:44:00,K G Nagar
2ea0401b7e36,12.911373,77.583523,theft,2017-08-02T00:16:00,K G Nagar
0cf0c9af049c,12.953528,77.572606,theft,2017-02-16T14:00:00,K G Nagar
399980bff3f2,12.911796,77.582691,theft,2017-06-05T05:03:00,K G Nagar
2c7a871e49af,12.912328,77.593543,theft,2017-04-06T19:47:00,K G Nagar
be7db54adbd5,12.9101,77.588432,theft,2017-06-06T14:26:00,K G Nagar
3ad51f5d1894,12.910126,77.581866,theft,2017-04-07T14:05:00,K G Nagar
ccc05ef7e2ed,12.920237,77.580857,theft,2017-12-07T14:13:00,K G Nagar
6eed01b3befc,12.908316,77.586334,theft,2017-07-21T11:15:00,K G Nagar
b12171f6b148,12.908342,77.579768,theft,2017-08-08T10:38:00,K G Nagar
ef2797f626ec,12.938858,77.564511,theft,2018-09-26T10:00:00,K S Layout
befbc199bbf6,12.941712,77.562103,theft,2018-05-25T16:00:00,K S Layout
b96c50cbc3ba,12.938851,77.563303,theft,2018-04-10T10:40:00,K S Layout
fb616c9d1115,12.941957,77.562216,theft,2018-02-03T14:00:00,K S Layout
f02c0e0684ee,12.944236,77.563398,theft,2018-11-17T17:00:00,K S Layout
fceec91fe73f,12.940408,77.553785,theft,2018-06-13T18:00:00,K S Layout
696c30e2cbcc,12.942478,77.547202,theft,2018-04-07T11:30:00,K S Layout
2ff0714cd277,12.945773,77.55929,theft,2018-05-07T13:30:00,K S Layout
981fb95b4731,12.931927,77.569373,theft,2018-10-07T10:00:00,K S Layout
ac712a1f80ef,12.943647,77.558555,theft,2018-11-04T12:30:00,K S Layout
618a9ad88063,12.943836,77.551622,theft,2018-12-07T11:30:00,K S Layout
1b672117a8e5,12.937101,77.562782,theft,2018-06-17T10:30:00,K S Layout
8794f08a0795,12.939266,77.564272,theft,2018-11-13T11:00:00,K S Layout
072c0afb3c1f,12.937216,77.557655,theft,2018-03-21T11:45:00,K S Layout
6a7e4556859f,12.938444,77.563826,theft,2018-06-08T12:00:00,K S Layout
37c3e99a5975,12.945461,77.561102,theft,2018-03-10T17:00:00,K S Layout
4b4c929944d3,12.943573,77.564256,theft,2018-12-08T17:30:00,K S Layout
ece80ff3a05e,12.938089,77.55705,theft,2018-12-08T23:30:00,K S Layout
eeea749004b0,12.9417,77.560041,theft,2018-03-14T11:00:00,K S Layout
3220fe4c871f,12.941914,77.55579,theft,2018-10-19T18:30:00,K S Layout
e46662ed7d0b,12.939249,77.564484,theft,2018-05-05T11:20:00,K S Layout
09357441ad2b,12.939249,77.564484,theft,2018-04-17T11:30:00,K S Layout
30fe13875cbe,12.943463,77.559988,theft,2018-05-10T11:00:00,K S Layout
e72849b8a7be,12.941853,77.556146,theft,2018-05-04T17:30:00,K S Layout
c6176b8bb5e6,12.944064,77.557831,theft,2018-06-26T12:30:00,K S Layout
015bcba91131,12.936234,77.562025,theft,2018-04-07T10:30:00,K S Layout
3c1a1aa4b1f7,12.940836,77.565413,theft,2018-07-18T12:30:00,K S Layout
4f3f2b9e482e,12.945369,77.564151,theft,2018-03-01T10:00:00,K S Layout
64787b3bba28,12.942101,77.559279,theft,2018-08-10T17:00:00,K S Layout
9992ea5b60a5,12.939269,77.564319,theft,2018-09-10T17:00:00,K S Layout
43d12e2990b2,12.942101,77.559279,theft,2018-11-10T17:00:00,K S Layout
7af0b9bd26c0,12.945148,77.558591,theft,2018-08-25T10:45:00,K S Layout
218bc7de7cc6,12.944751,77.552431,theft,2018-04-06T16:00:00,K S Layout
233f2efaa994,12.94453,77.56323,theft,2018-09-22T11:00:00,K S Layout
3bd224b61e9e,12.94036,77.56506,theft,2018-12-12T12:30:00,K S Layout
1e372c0dd49f,12.93887,77.56002,theft,2018-12-25T19:30:00,K S Layout
0fabad0e1ce4,12.93888,77.56465,theft,2018-04-24T20:00:00,K S Layout
112d60c2f84a,12.94606,77.55248,theft,2018-09-04T17:00:00,K S Layout
8d92277317a5,12.94036,77.56506,theft,2018-01-11T11:30:00,K S Layout
06a0bce8f864,12.94036,77.56506,theft,2018-11-11T11:40:00,K S Layout
e9507dd440c7,12.94036,77.56506,theft,2018-11-15T00:00:00,K S Layout
6ca158a08963,12.94103,77.5482,theft,2018-11-20T00:00:00,K S Layout
58d62bf09310,12.94103,77.5482,theft,2018-11-28T11:00:00,K S Layout
a35a2240e789,12.94103,77.5482,theft,2018-11-30T00:00:00,K S Layout
3836b9768efd,12.94036,77.56506,theft,2018-06-12T00:00:00,K S Layout
9af13b785fcc,12.94036,77.56506,theft,2019-11-12T12:30:00,K S Layout
9e45db255df2,12.94103,77.5482,theft,2018-12-23T00:00:00,K S Layout
f66fde02ffea,12.94103,77.5482,theft,2018-12-25T00:00:00,K S Layout
f193a3ef0325,12.94036,77.56506,theft,2018-02-12T17:30:00,K S Layout
5e5bcd251a55,12.94103,77.5482,theft,2018-12-29T12:30:00,K S Layout
8b38330bdde1,12.939817,77.557056,theft,2019-05-01T11:30:00,K S Layout
efc38247dae1,12.950114,77.548385,theft,2019-12-01T00:00:00,K S Layout
e02429e6e100,12.951042,77.548328,theft,2019-01-13T00:00:00,K S Layout
95e82ac53714,12.944694,77.563192,theft,2019-01-13T00:00:00,K S Layout
520510163e4d,12.944694,77.563193,theft,2019-01-14T12:55:00,K S Layout
2a24d6b0f6a1,12.88325,77.608371,theft,2019-01-23T11:30:00,K S Layout
89260462d437,12.95104,77.548302,theft,2019-01-28T11:30:00,K S Layout
a368e37511c7,12.936611,77.555965,theft,2019-01-29T17:00:00,K S Layout
97c10488871a,12.939481,77.557833,theft,2019-08-02T00:00:00,K S Layout
80e816f4aac0,12.936611,77.555965,theft,2019-12-02T18:00:00,K S Layout
b1eb016f7d8e,12.925502,77.55489,theft,2019-02-14T12:30:00,K S Layout
110fb5c6ca18,12.971163,77.645682,theft,2019-02-22T17:30:00,K S Layout
6976b4dc663d,12.95104,77.548302,theft,2019-02-27T11:45:00,K S Layout
5089eab29578,12.94103,77.5482,theft,2019-01-03T00:00:00,K S Layout
baa80a20d358,12.92551,77.5561,theft,2019-03-16T16:30:00,K S Layout
7c98257ae4d3,12.941913,77.564664,theft,2019-03-27T00:00:00,K S Layout
38c101ad76b5,12.94103,77.5482,theft,2019-03-04T18:00:00,K S Layout
79d531f8b8fa,12.94103,77.5482,theft,2019-08-04T12:30:00,K S Layout
5bf650549ce4,12.94103,77.5482,theft,2019-04-28T00:00:00,K S Layout
fbf72d79765e,12.899232,77.546984,theft,2019-04-05T16:30:00,K S Layout
d66150ff884d,12.943227,77.558585,theft,2019-06-05T00:00:00,K S Layout
7d7f3a326a19,12.94103,77.5492,theft,2019-05-13T10:00:00,K S Layout
4a002a9a1f5d,12.94103,77.5482,theft,2019-05-20T10:30:00,K S Layout
9dc3c63e7b6e,12.94085,77.56823,theft,2019-12-06T10:30:00,K S Layout
f9cc23998f28,12.944738,77.56989,theft,2019-06-14T18:15:00,K S Layout
e4cb114bdce8,12.948734,77.561989,theft,2019-06-15T11:00:00,K S Layout
1ae4b1fde73b,12.943751,77.558522,theft,2019-06-20T17:30:00,K S Layout
ecff070a853b,12.945751,77.558522,theft,2019-06-24T11:10:00,K S Layout
63641e90780a,12.94803,77.5612,theft,2019-06-25T16:30:00,K S Layout
b77e7b06172d,12.944242,77.561343,theft,2019-08-07T00:00:00,K S Layout
c3f3c1ffa598,12.938832,77.55328,theft,2019-11-07T09:00:00,K S Layout
726970899e43,12.941011,77.54821,theft,2019-12-07T00:00:00,K S Layout
3b4b2653fccf,12.941201,77.5472,theft,2019-07-25T00:00:00,K S Layout
e21911874514,12.943603,77.563806,theft,2019-05-09T00:00:00,K S Layout
8349cad2f928,12.939874,77.566567,theft,2019-09-24T11:00:00,K S Layout
42d046b2a799,12.94103,77.5481,theft,2019-09-27T19:30:00,K S Layout
bb1c337bc32f,12.934955,77.566136,theft,2019-08-10T12:45:00,K S Layout
baf9301796ce,12.936096,77.556173,theft,2019-10-14T00:00:00,K S Layout
53c3989e6954,12.94103,77.5482,theft,2019-10-16T11:30:00,K S Layout
d1133eb7a5e9,12.934769,77.558239,theft,2019-10-23T10:30:00,K S Layout
5308757d6c55,12.941202,77.5482,theft,2019-10-28T13:35:00,K S Layout
ccdd26206095,12.93695,77.560103,theft,2019-10-30T10:30:00,K S Layout
0e882637f4cf,12.94102,77.5481,theft,2019-02-11T00:00:00,K S Layout
77f75ac23ee4,12.936348,77.553776,theft,2019-11-11T00:00:00,K S Layout
a9e501fc5750,12.94102,77.548,theft,2019-11-13T00:00:00,K S Layout
23d2794ff7cf,12.941168,77.556694,theft,2019-11-18T11:00:00,K S Layout
400103c8099d,12.94103,77.5482,theft,2019-01-22T11:00:00,K S Layout
6e99e898113f,12.94103,77.5481,theft,2019-11-29T00:00:00,K S Layout
5850deeefda3,12.944277,77.56756,theft,2019-12-13T11:30:00,K S Layout
c39570bda440,12.940375,77.561594,theft,2019-07-12T11:00:00,K S Layout
2b7c152aeb42,12.94103,77.5482,theft,2019-12-17T15:30:00,K S Layout
d4570bc84c41,12.940695,77.550109,theft,2019-12-18T00:00:00,K S Layout
620770eaefeb,12.936089,77.567469,theft,2019-12-19T16:10:00,K S Layout
1d66652a2f16,12.934727,77.560188,theft,2019-12-30T10:00:00,K S Layout
40519c51c6e2,12.94102,77.5491,theft,2019-12-31T00:00:00,K S Layout
bb9df72174a1,12.921348,77.546131,theft,2015-03-01T00:00:00,K S Layout
ba1064e1821b,12.932845,77.549736,theft,0201-01-07T00:00:00,K S Layout
b0db2d422045,12.926296,77.549812,theft,2015-01-30T19:00:00,K S Layout
4050a9a7ec30,12.930182,77.551713,theft,2015-03-02T00:00:00,K S Layout
1cafe13e392f,12.932844,77.585943,theft,2015-02-16T11:30:00,K S Layout
c06bc3a481f9,12.928617,77.558671,theft,2015-02-17T00:00:00,K S Layout
8a684abb2127,12.932974,77.560001,theft,2015-02-21T00:00:00,K S Layout
78daae6a0a78,12.917831,77.54545,theft,2015-03-13T07:00:00,K S Layout
1194a34af75b,12.925529,77.552112,theft,2015-03-30T13:30:00,K S Layout
9b03e5805667,12.923758,77.546436,theft,2015-04-16T05:00:00,K S Layout
ad9a3ba51c96,12.929599,77.561388,theft,2015-04-28T15:00:00,K S Layout
4d2e02a3e7c7,12.93067,77.553675,theft,2015-12-05T18:00:00,K S Layout
1ad58bcb3462,12.931346,77.554369,theft,2015-05-22T00:00:00,K S Layout
45098a662747,12.92351,77.543624,theft,2015-08-06T07:15:00,K S Layout
9f4ea85212ea,12.92349,77.543602,theft,2015-06-16T10:00:00,K S Layout
24b36352c6be,12.924302,77.549946,theft,2015-06-17T09:30:00,K S Layout
ac9529a22729,12.933187,77.562638,theft,2015-06-21T16:40:00,K S Layout
347ecd5ab9bf,12.926657,77.545097,theft,2015-07-29T09:30:00,K S Layout
f82aed17d57a,12.92414,77.556143,theft,2015-08-08T15:00:00,K S Layout
4ec65e1bb180,12.934101,77.558938,theft,2015-09-08T19:00:00,K S Layout
16c0618b2cab,12.928278,77.558549,theft,2015-09-09T11:30:00,K S Layout
c8a7861a263d,12.929704,77.553769,theft,2015-09-28T14:00:00,K S Layout
b606e0be4159,12.921711,77.552801,theft,2015-02-10T10:30:00,K S Layout
1e2b4495c23c,12.923092,77.556213,theft,2015-02-10T17:30:00,K S Layout
e7d2425a70ea,12.921128,77.545196,theft,2015-10-30T11:30:00,K S Layout
e3f3ff4d07be,12.925167,77.540889,theft,2015-10-30T14:30:00,K S Layout
c79fcee6be54,12.934004,77.555083,theft,2015-10-31T00:00:00,K S Layout
cfb31ac11dd1,12.924796,77.541136,theft,2015-04-11T18:30:00,K S Layout
daaa9b7e2486,12.919496,77.539556,theft,2015-11-14T20:00:00,K S Layout
51da0e789cc0,12.92004,77.54464,theft,2015-02-12T11:00:00,K S Layout
062d8313167f,12.930425,77.553714,theft,2015-06-12T17:00:00,K S Layout
095fa8468a98,12.923021,77.556486,theft,2017-12-18T10:15:00,K S Layout
6860660cafd2,12.927824,77.560388,theft,2015-12-23T00:00:00,K S Layout
b3b1c11f66a0,12.922206,77.542843,theft,2016-01-22T11:00:00,K S Layout
5c4614bf42dd,12.92958,77.544449,theft,2016-01-23T13:30:00,K S Layout
e63a345f472d,12.92224,77.559331,theft,2016-02-02T18:30:00,K S Layout
92620ceafa47,12.926113,77.550266,theft,2016-02-22T11:30:00,K S Layout
9171b2446b88,12.928263,77.549542,theft,2016-02-29T16:30:00,K S Layout
a3f8b9ddf0d6,12.927145,77.558371,theft,2016-01-03T20:30:00,K S Layout
aba4326b5f3a,12.929993,77.559162,theft,2016-02-03T21:30:00,K S Layout
2744c1a6429f,12.931251,77.557375,theft,2016-07-03T20:10:00,K S Layout
528772aeb78b,12.927149,77.545402,theft,2016-03-18T00:00:00,K S Layout
ac43ac9397fb,12.923804,77.553205,theft,2016-10-04T19:30:00,K S Layout
302b92e6cdc4,12.930361,77.547441,theft,2016-04-26T12:30:00,K S Layout
44f91c207509,12.899795,77.542428,theft,2016-04-28T16:00:00,K S Layout
ca3eb791cf7a,12.922203,77.540772,theft,2016-04-05T00:00:00,K S Layout
7036e96bb9e9,12.921923,77.542229,theft,2016-05-05T00:00:00,K S Layout
d6c1cd3340f9,12.921923,77.542229,theft,2016-09-05T09:00:00,K S Layout
d5fc421cf71e,12.922206,77.542843,theft,2016-12-05T15:15:00,K S Layout
3c2e13fa54ad,12.92293,77.548905,theft,2016-05-14T00:00:00,K S Layout
13e15c6a92f0,12.903959,77.546852,theft,2016-05-18T10:00:00,K S Layout
1335b3697950,12.932885,77.554686,theft,2016-05-29T00:00:00,K S Layout
97ad2b18cfa4,12.931337,77.559308,theft,2016-06-06T00:00:00,K S Layout
994602470a1e,12.926677,77.55864,theft,2016-09-06T00:00:00,K S Layout
93cc928cc63c,12.92306,77.551011,theft,2016-08-07T08:00:00,K S Layout
f2a163590930,12.927149,77.540158,theft,2016-12-07T07:00:00,K S Layout
293819d29803,12.931859,77.548426,theft,2016-07-15T10:00:00,K S Layout
5b10bc3f4940,12.923828,77.543219,theft,2016-07-21T05:30:00,K S Layout
561fa033959c,12.931165,77.553211,theft,2016-12-08T07:00:00,K S Layout
bbbffc2764d8,12.923828,77.548219,theft,2016-08-19T05:00:00,K S Layout
320db552d162,12.928263,77.549542,theft,2016-08-27T08:30:00,K S Layout
ecef05d9b232,12.927149,77.545402,theft,2016-08-29T00:00:00,K S Layout
b19d278b6969,12.923828,77.548219,theft,2016-12-09T11:00:00,K S Layout
90d3ed94d6e5,12.930361,77.54741,theft,2016-09-14T00:00:00,K S Layout
bcadca670392,12.924681,77.547555,theft,2019-09-19T00:00:00,K S Layout
9d9a7bbf0eb1,12.922203,77.540772,theft,2016-06-10T00:00:00,K S Layout
118abadb0d33,12.92754,77.551356,theft,2016-11-10T10:30:00,K S Layout
a42c52016b89,12.927149,77.545402,theft,2016-10-14T00:00:00,K S Layout
b67270e9db1f,12.924687,77.558754,theft,2016-10-22T11:30:00,K S Layout
cd1eab0cfef0,12.923828,77.548219,theft,2016-01-11T11:20:00,K S Layout
fda7cf9baf3e,12.923804,77.553205,theft,2014-07-11T12:30:00,K S Layout
ae97fe23800c,12.913173,77.559777,theft,2016-11-14T10:28:00,K S Layout
a0a32d2d6f2c,12.932349,77.55561,theft,2016-11-16T18:30:00,K S Layout
e21f46e3744b,12.905679,77.549685,theft,2016-11-17T14:00:00,K S Layout
37d0133ff5ad,12.931674,77.549229,theft,2016-11-21T00:00:00,K S Layout
098f32b48880,12.92224,77.559331,theft,2016-11-23T10:00:00,K S Layout
cfe9c7baa6d9,12.914212,77.546714,theft,2016-05-12T16:00:00,K S Layout
2fcd237209d9,12.92754,77.551356,theft,2016-11-12T00:00:00,K S Layout
e27f435a374c,12.930361,77.547441,theft,2016-12-12T05:00:00,K S Layout
92079c937fd3,12.927145,77.558371,theft,2016-12-15T09:45:00,K S Layout
aab2cc5ba342,12.927938,77.554188,theft,2016-12-25T00:00:00,K S Layout
86b724a62f91,12.928097,77.556203,theft,2016-12-22T08:45:00,K S Layout
b9464b641fb3,12.931251,77.557375,theft,2017-09-01T14:00:00,K S Layout
38fd81eb8d64,12.932513,77.560717,theft,2017-11-01T00:00:00,K S Layout
f5c74b1e9327,12.901809,77.557527,theft,2017-12-01T08:00:00,K S Layout
473ffcf0a406,12.927149,77.545402,theft,2017-01-19T11:00:00,K S Layout
dc895256549b,12.932885,77.554686,theft,2017-01-24T10:20:00,K S Layout
7318fb69788d,12.922206,77.542843,theft,2017-01-26T12:30:00,K S Layout
2d9f0aaec347,12.923804,77.55,theft,2017-01-28T17:00:00,K S Layout
55fa892a2cf9,12.899829,77.553213,theft,2017-01-02T19:00:00,K S Layout
d443e3101c73,12.927981,77.557327,theft,2018-12-11T11:00:00,K S Layout
b7828e4095ab,12.928161,77.557262,theft,2018-12-11T00:00:00,K S Layout
ab4329adca0d,12.923171,77.555936,theft,2018-01-12T10:00:00,K S Layout
fa8f2d6c5e88,12.934342,77.557262,theft,2018-04-12T11:00:00,K S Layout
c9b42b61aaa6,12.932454,77.559855,theft,2018-11-12T00:00:00,K S Layout
ea2e576f7b36,12.9218,77.54423,theft,2018-12-17T00:00:00,K S Layout
f328ebc8d303,12.927585,77.553824,theft,2018-12-19T11:30:00,K S Layout
b224b1288721,12.929281,77.556975,theft,2018-12-24T11:30:00,K S Layout
d3416aa4273b,12.926065,77.550154,theft,2018-12-17T00:00:00,K S Layout
2ad284006c14,12.909037,77.64683,theft,2019-08-01T00:00:00,K S Layout
0a0e8d157b8f,12.921697,77.543009,theft,2019-10-01T10:00:00,K S Layout
bd00c0731f10,12.935785,77.543343,theft,2019-10-01T10:30:00,K S Layout
1e8135d0c98b,12.909117,77.548152,theft,2019-11-01T10:30:00,K S Layout
c8a0b6074ae7,12.926735,77.540531,theft,2019-01-17T10:00:00,K S Layout
92b60b08ff40,12.923475,77.553254,theft,2019-02-02T10:30:00,K S Layout
98867bda17da,12.923241,77.548245,theft,2019-02-19T10:00:00,K S Layout
111fe9035df1,12.926369,77.55818,theft,2019-02-24T00:00:00,K S Layout
2f50adf95406,12.92995,77.555174,theft,2019-02-03T12:30:00,K S Layout
70c0a7ad87d0,12.938805,77.555873,theft,2019-03-03T10:30:00,K S Layout
fbc558d81dff,12.936458,77.542019,theft,2019-03-14T11:15:00,K S Layout
594d2fbcc823,12.930977,77.539886,theft,2019-03-15T00:00:00,K S Layout
c5dc643ee0e4,12.921977,77.546792,theft,2019-03-18T10:30:00,K S Layout
343c5f526cde,12.922858,77.54036,theft,2019-03-28T11:15:00,K S Layout
63ce5c761611,12.920915,77.551366,theft,2019-08-04T00:00:00,K S Layout
53c03ffc6dbd,12.932112,77.540144,theft,2019-04-20T11:00:00,K S Layout
9a24606ccb9f,12.932261,77.561432,theft,2019-04-22T00:00:00,K S Layout
5ef9849b60ff,12.923431,77.55337,theft,2019-04-30T06:00:00,K S Layout
9054770db1da,12.929835,77.561032,theft,2019-11-05T00:00:00,K S Layout
a5fa16dd488e,12.928219,77.561045,theft,2019-05-17T00:00:00,K S Layout
9f23907266c6,12.922051,77.545731,theft,2019-05-26T10:00:00,K S Layout
bddf01adf66f,12.921643,77.54754,theft,2019-05-30T12:30:00,K S Layout
e74301dc42fb,12.928037,77.561969,theft,2019-08-06T00:00:00,K S Layout
933358fc7772,12.927757,77.555928,theft,2019-11-06T00:00:00,K S Layout
045ad07bf59f,12.930761,77.54681,theft,2019-05-07T12:15:00,K S Layout
ab9cf7528fde,12.923237,77.549222,theft,2019-07-20T10:45:00,K S Layout
d21830ead2b8,12.925478,77.543311,theft,2019-02-01T00:00:00,K S Layout
11558416a3f6,12.92338,77.545354,theft,2019-08-14T00:00:00,K S Layout
12adb829fee2,12.924522,77.556745,theft,2019-08-16T00:00:00,K S Layout
cc0a24ab27b0,12.930204,77.550247,theft,2019-08-23T11:00:00,K S Layout
04a2cb02ba2e,12.922928,77.549485,theft,2019-08-25T00:00:00,K S Layout
cec672eb65af,12.932062,77.567332,theft,2019-08-27T00:00:00,K S Layout
1895c3008b56,12.928152,77.541456,theft,2019-07-09T00:00:00,K S Layout
8293ece2b1da,12.924104,77.543617,theft,2019-09-30T00:00:00,K S Layout
b0bb81faea74,12.924778,77.541163,theft,2019-09-15T00:00:00,K S Layout
0a6aa8211b29,12.939681,77.55726,theft,2019-09-18T10:30:00,K S Layout
e81bb1b3fa32,12.919656,77.539511,theft,2019-09-30T10:00:00,K S Layout
98b4d4545f7e,12.924868,77.549211,theft,2019-04-10T12:30:00,K S Layout
3aa2f9c4fd92,12.919756,77.542113,theft,2019-05-10T14:15:00,K S Layout
b60db03ba2ab,12.92516,77.55646,theft,2019-09-10T14:00:00,K S Layout
575f26fcc78e,12.922746,77.545253,theft,2019-12-10T09:30:00,K S Layout
7a8fd9833626,12.930359,77.547661,theft,2019-10-21T13:00:00,K S Layout
e435354ed200,12.929444,77.556264,theft,2019-10-27T15:00:00,K S Layout
b49951bcbc36,12.932583,77.553005,theft,2019-08-11T13:30:00,K S Layout
f059abb12a7f,12.930174,77.560579,theft,2019-11-11T12:00:00,K S Layout
42d4775c6b41,12.922977,77.543699,theft,2019-11-17T18:00:00,K S Layout
8abb69c37907,12.933654,77.560956,theft,2019-11-20T11:00:00,K S Layout
5fdc3a655bc8,12.933051,77.563834,theft,2019-02-18T06:00:00,K S Layout
9e760dbda73e,12.922185,77.542037,theft,2019-12-27T14:00:00,K S Layout
1c858f47d2e5,12.924836,77.555671,theft,2019-12-31T14:40:00,K S Layout
8a1439ce880b,12.92803,77.552027,theft,2019-12-31T15:00:00,K S Layout
11429f6c64ff,12.92043,77.5819,theft,2015-05-01T18:40:00,K S Layout
8139b639d059,12.915668,77.589964,theft,2015-06-02T13:00:00,K S Layout
13efeffe27b1,12.918081,77.587101,theft,2015-04-09T13:30:00,K S Layout
01332d6bee48,12.92819,77.62512,theft,2015-11-20T17:30:00,K S Layout
30a3f302bfb6,12.92334,77.58484,theft,2015-08-12T17:15:00,K S Layout
27422f16db18,12.92875,77.5801,theft,2015-10-12T18:45:00,K S Layout
b717b71b7b8e,12.931037,77.585842,theft,2016-05-07T14:45:00,K S Layout
a10cec790906,12.922657,77.589563,theft,2016-10-19T13:00:00,K S Layout
db55bf86498a,12.917125,77.578344,theft,2016-10-21T11:30:00,K S Layout
d935e99a5b4e,12.922461,77.589557,theft,2016-10-24T17:00:00,K S Layout
b36f23536b81,12.891917,77.589229,theft,2016-10-25T15:00:00,K S Layout
70d9733f5dbe,12.93744,77.56426,theft,2017-03-02T11:30:00,K S Layout
183cc59287ef,12.928459,77.576972,theft,2017-03-27T12:15:00,K S Layout
de49d8e0c4e3,12.919182,77.57765,theft,2017-08-21T12:45:00,K S Layout
629000eddf6e,12.926192,77.586141,theft,2018-04-14T11:30:00,K S Layout
c2369ac3e4ca,12.91743,77.583465,theft,2018-09-06T16:30:00,K S Layout
35b5db330b1f,12.920162,77.587113,theft,2018-06-29T16:00:00,K S Layout
1481fa96981c,12.92204,77.58221,theft,2018-03-09T18:00:00,K S Layout
38c0af7223dc,12.916744,77.597456,theft,2018-11-14T11:00:00,K S Layout
45768419602b,12.905722,77.535581,theft,2019-05-27T11:00:00,K S Layout
fdef60f4e14d,12.936295,77.572469,theft,2016-01-02T06:05:00,K S Layout
50fb9ad6d7a3,12.948346,77.578433,theft,2016-04-25T14:17:00,K S Layout
33019230e012,12.947853,77.575218,theft,2016-06-16T23:10:00,K S Layout
b72a4d6706d2,12.947549,77.579284,theft,2016-12-02T19:23:00,K S Layout
54e26d78ba14,12.938653,77.576544,theft,2017-05-25T14:47:00,K S Layout
8ebf7a9cb6db,12.945891,77.5708,theft,2017-08-20T06:20:00,K S Layout
1e3d5737f64e,12.936295,77.572469,theft,2018-08-02T09:25:00,K S Layout
bc2044c1db6d,12.944845,77.570056,theft,2018-06-09T11:55:00,K S Layout
bf398ef6a0d9,12.946253,77.570347,theft,2019-02-21T13:56:00,K S Layout
6c0e415c16ff,12.901356,77.589726,theft,2015-08-01T10:55:00,K S Layout
94438ec1308d,12.894006,77.582814,theft,2015-01-21T11:20:00,K S Layout
e48b8aa64667,12.904537,77.584321,theft,2015-05-03T19:35:00,K S Layout
796010ab5c06,12.935995,77.566431,theft,2015-12-03T18:30:00,K S Layout
0ffb96a13164,12.908205,77.581729,theft,2015-03-17T21:00:00,K S Layout
6fad97ebb7a0,12.882067,77.579888,theft,2015-04-15T22:10:00,K S Layout
4307860e6d53,12.900987,77.584761,theft,2015-04-17T22:30:00,K S Layout
ce9688e7e0c8,12.907901,77.559865,theft,2015-11-06T17:45:00,K S Layout
f2df74d432b1,12.892008,77.583734,theft,2015-07-10T08:40:00,K S Layout
a24c0d583e03,12.905967,77.579399,theft,2015-10-19T11:30:00,K S Layout
a22f58ff9706,12.905993,77.572833,theft,2015-03-12T11:00:00,K S Layout
92d0379f0be1,12.909297,77.573936,theft,2016-09-01T20:05:00,K S Layout
791bb8b850cd,12.904328,77.596151,theft,2016-05-03T15:30:00,K S Layout
b5bc694d5703,12.913173,77.597754,theft,2016-12-05T13:00:00,K S Layout
b033e00d64eb,12.911855,77.572376,theft,2016-01-08T20:05:00,K S Layout
ec1db90331f8,12.897142,77.581804,theft,2016-03-08T19:35:00,K S Layout
f503a03066be,12.910799,77.575889,theft,2016-07-08T09:20:00,K S Layout
e7e762c0651c,12.901548,77.580148,theft,2016-12-24T17:00:00,K S Layout
39c9249c3863,12.901574,77.573582,theft,2016-12-26T11:20:00,K S Layout
7281c303a17c,12.93867,77.540241,theft,2017-11-04T11:30:00,K S Layout
76531ae1a91f,12.938833,77.540241,theft,2017-08-05T13:00:00,K S Layout
d099e11565e6,12.938995,77.540241,theft,2017-05-27T18:00:00,K S Layout
37554058e6fd,12.917875,77.584551,theft,2017-05-29T17:30:00,K S Layout
8df70683be8c,12.921169,77.579938,theft,2017-07-29T13:00:00,K S Layout
cc15c2c8ddf4,12.916245,77.593226,theft,2017-11-10T17:30:00,K S Layout
58a6529b73fa,12.907725,77.597832,theft,2017-10-12T12:30:00,K S Layout
93eee88dbdd1,12.90973,77.583651,theft,2018-02-14T13:00:00,K S Layout
d6af9e783e7b,12.915495,77.593189,theft,2018-05-06T09:30:00,K S Layout
0441e090e339,12.915938,77.585594,theft,2018-12-08T15:15:00,K S Layout
35305204346c,12.911032,77.575904,theft,2019-09-05T09:30:00,K S Layout
cc4478647c03,12.908631,77.586654,theft,2019-10-19T11:00:00,K S Layout
2d330697bdb4,12.929453,77.573611,theft,2015-01-28T11:00:00,K S Layout
d9f5d208592a,12.915197,77.558611,theft,2015-07-30T13:30:00,K S Layout
048257e147f3,12.925161,77.561389,theft,2015-08-19T13:30:00,K S Layout
1781410df35b,12.925431,77.560833,theft,2015-02-11T05:30:00,K S Layout
9d9910517235,12.924394,77.568056,theft,2016-04-25T13:00:00,K S Layout
7f5ed5ab0e5d,12.932511,77.575556,theft,2016-07-15T19:30:00,K S Layout
d0e71f871fbb,12.925431,77.560833,theft,2017-07-13T10:00:00,K S Layout
0c70339b8d16,12.926356,77.576944,theft,2017-07-31T18:00:00,K S Layout
93809e484f45,12.915422,77.561944,theft,2017-02-08T09:30:00,K S Layout
c79aacc70467,12.901603,77.555162,theft,2018-05-25T08:00:00,K S Layout
2f6ac7aa2f62,12.92088,77.56191,theft,2018-11-17T19:00:00,K S Layout
362d1e600c4c,12.9169,77.559677,theft,2018-06-12T16:15:00,K S Layout
b63ee761f611,12.921247,77.573056,theft,2019-01-16T19:30:00,K S Layout
eece4807d932,12.919,77.55535,theft,2019-02-20T09:00:00,K S Layout
3074f597cdb6,12.87823,77.50026,theft,2019-07-17T12:15:00,K S Layout
9d243c1290c7,12.935347,77.587477,theft,2015-04-29T15:00:00,K S Layout
c44a6e28ecc7,12.942437,77.591254,theft,2015-06-24T13:00:00,K S Layout
5d9b5213ab0e,12.936294,77.593072,theft,2015-10-29T15:30:00,K S Layout
5dcb9ae6ca6c,12.938159,77.590823,theft,2015-12-17T17:50:00,K S Layout
f4cee06805f1,12.93605,77.585719,theft,2017-01-11T13:00:00,K S Layout
7d90d29a6391,12.942522,77.58286,theft,2017-04-11T18:15:00,K S Layout
07f3bcee84c5,12.947692,77.591893,theft,2018-04-07T12:30:00,K S Layout
744576aaa7d6,12.943024,77.587114,theft,2018-11-19T16:00:00,K S Layout
309c2d411b15,12.935347,77.587477,theft,2019-07-14T12:30:00,K S Layout
894c0159cf25,12.941058,77.586061,theft,2019-07-27T14:00:00,K S Layout
8163923a1144,12.90471,77.544888,theft,2015-01-18T14:45:00,K S Layout
79d7904b84ab,12.906267,77.550575,theft,2015-01-18T20:00:00,K S Layout
d3caa9eafdb8,12.902455,77.541814,theft,2015-11-02T22:10:00,K S Layout
8e25bfc7393e,12.889245,77.573702,theft,2015-06-04T21:00:00,K S Layout
a27f26db0c86,12.884964,77.557676,theft,2015-04-14T08:00:00,K S Layout
df792ad607a4,12.916337,77.540778,theft,2015-07-17T23:30:00,K S Layout
9d4318918f47,12.905053,77.541896,theft,2015-10-09T20:30:00,K S Layout
c6d91c1934be,12.882117,77.557294,theft,2015-09-26T02:45:00,K S Layout
e18be54163dd,12.902436,77.54801,theft,2015-08-10T09:30:00,K S Layout
e3f6b3074105,12.907598,77.534811,theft,2015-12-23T23:00:00,K S Layout
4bf725ead043,12.889821,77.579747,theft,2016-06-01T10:02:00,K S Layout
20153cb5bc11,12.898906,77.549937,theft,2016-10-11T10:00:00,K S Layout
f1464c7bcc92,12.875443,77.582926,theft,2016-01-25T18:24:00,K S Layout
b45de23de0aa,12.895372,77.550324,theft,2016-09-02T20:45:00,K S Layout
92cafc93e6bb,12.889821,77.579747,theft,2016-06-03T21:45:00,K S Layout
5dec07f59445,12.889471,77.574208,theft,2016-03-28T08:40:00,K S Layout
93321bb263ac,12.907598,77.534811,theft,2016-06-16T10:15:00,K S Layout
5d89d36f4763,12.888712,77.573773,theft,2016-08-20T22:30:00,K S Layout
b5baa443a856,12.877687,77.580717,theft,2016-09-24T00:00:00,K S Layout
a9dff36ddda6,12.888712,77.573773,theft,2016-10-16T16:00:00,K S Layout
86e050d0d5aa,12.877687,77.580717,theft,2016-11-22T14:00:00,K S Layout
a75dd94b5bce,12.905041,77.543158,theft,2016-06-12T19:15:00,K S Layout
4e7bea34ae8b,12.916884,77.542011,theft,2017-03-27T10:30:00,K S Layout
ef96cca62e1f,12.883766,77.568425,theft,2017-07-27T14:50:00,K S Layout
1919632ee50e,12.905722,77.535581,theft,2018-03-21T21:30:00,K S Layout
9445268c5142,12.891805,77.55394,theft,2018-01-12T16:00:00,K S Layout
b135593c0b05,12.916055,77.559639,theft,2018-12-21T17:00:00,K S Layout
dec639bc2e37,12.883166,77.565201,theft,2018-12-21T17:30:00,K S Layout
1d1f8885b342,12.886278,77.571291,theft,2019-03-19T15:00:00,K S Layout
1b93f537914a,12.891579,77.581429,theft,2019-03-19T18:30:00,K S Layout
235c87812674,12.907114,77.543992,theft,2019-03-13T12:45:00,K S Layout
c7eb2e6a1c74,12.907265,77.53614,theft,2019-03-24T05:30:00,K S Layout
71b0cb68ea76,12.909121,77.551549,theft,2019-04-20T11:30:00,K S Layout
ce92ce669451,12.911478,77.552919,theft,2019-04-26T13:00:00,K S Layout
d59215a03346,12.905722,77.535581,theft,2019-09-13T20:00:00,K S Layout
cf7255c0d332,12.87239,77.542482,theft,2015-11-28T18:30:00,K S Layout
de2b77e9a171,12.865651,77.539388,theft,2016-06-12T18:00:00,K S Layout
bb240447de06,12.872337,77.562521,theft,2016-11-12T19:45:00,K S Layout
b736e5850cbd,12.870018,77.565913,theft,2016-12-19T15:00:00,K S Layout
5ea9234aa703,12.89083,77.538516,theft,2017-10-24T11:30:00,K S Layout
926e034cf6c0,12.892083,77.542315,theft,2017-12-18T13:00:00,K S Layout
54d67ae93edf,12.870325,77.547321,theft,2019-02-20T11:00:00,K S Layout
7c40ac59261b,12.858186,77.578695,theft,2019-05-03T20:10:00,K S Layout
ac3c3eb4a272,12.891881,77.519617,theft,2019-12-03T09:30:00,K S Layout
8f74f62c8d21,12.857243,77.573414,theft,2019-09-15T11:30:00,K S Layout
d6c8909ffdc7,12.869623,77.572816,theft,2019-05-11T21:00:00,K S Layout
8967c2c1dbf9,12.895925,77.585328,theft,2017-01-07T08:32:00,K S Layout
bff043a84049,12.883242,77.575999,theft,2017-02-12T17:52:00,K S Layout
543a3b28f6fd,12.85514,77.588799,theft,2017-04-04T10:30:00,K S Layout
a66e7b9c1acc,12.896403,77.570289,theft,2017-04-05T03:41:00,K S Layout
010afb5ce92a,12.862054,77.585957,theft,2017-05-19T06:21:00,K S Layout
0b47d5772ec6,12.896403,77.570289,theft,2017-05-29T14:00:00,K S Layout
68aa6337d295,12.895925,77.585328,theft,2017-05-30T20:40:00,K S Layout
099059b68e6c,12.8764,77.581172,theft,2018-02-07T22:32:00,K S Layout
4a3331a0ab47,12.869404,77.582054,theft,2018-03-05T16:23:00,K S Layout
a462e8d99b49,12.866559,77.571249,theft,2019-01-09T01:27:00,K S Layout
977936bdd3b1,12.876526,77.562358,theft,2019-03-16T10:40:00,K S Layout
533b9d5188b2,12.866559,77.571249,theft,2019-09-27T06:21:00,K S Layout
4a1ede0b959d,12.884996,77.580771,theft,2019-10-13T16:16:00,K S Layout
be37658eae85,12.888408,77.593611,theft,2017-01-24T11:00:00,K S Layout
0cb7f411414b,12.901219,77.590556,theft,2017-03-03T16:30:00,K S Layout
56204afbc882,12.910034,77.545938,theft,2017-04-13T21:00:00,K S Layout
bc1c2e3be0e4,12.903028,77.590791,theft,2017-07-16T11:30:00,K S Layout
a4381ecac714,12.88985,77.592778,theft,2018-01-09T13:00:00,K S Layout
aa7f39e4092a,12.894823,77.59862,theft,2018-02-10T12:30:00,K S Layout
9c10b1ee7136,12.903939,77.5825,theft,2018-04-04T12:00:00,K S Layout
10deca3c5e15,12.914251,77.549681,theft,2018-10-19T14:30:00,K S Layout
5b9123f1ad88,12.893183,77.572113,theft,2019-03-07T18:30:00,K S Layout
14bc8fe711d5,12.904658,77.58838,theft,2019-07-08T10:30:00,K S Layout
f49cc70e3c7e,12.88087,77.5855,theft,2019-07-20T13:45:00,K S Layout
ab6cc5e19f2e,12.889763,77.585588,theft,2019-11-06T10:30:00,K S Layout
517ed5a5ea02,12.908613,77.561387,theft,2015-07-06T10:30:00,K S Layout
b05bff9e6331,12.915572,77.573216,theft,2015-09-07T12:00:00,K S Layout
47521db5fd0b,12.913409,77.570834,theft,2017-05-19T11:00:00,K S Layout
344448078141,12.906171,77.569846,theft,2017-06-03T12:00:00,K S Layout
e46f6c2c068e,12.903562,77.559598,theft,2018-06-17T04:01:00,K S Layout
1ceb6c3c4775,12.892813,77.56663,theft,2018-09-17T21:47:00,K S Layout
6477ab5c5fc9,12.910822,77.568245,theft,2018-09-26T01:09:00,K S Layout
31dbd113914e,12.912418,77.564105,theft,2018-10-30T18:30:00,K S Layout
d22e23ada765,12.901149,77.570647,theft,2018-11-18T01:15:00,K S Layout
f0d9204e8caf,12.910822,77.568245,theft,2018-11-28T15:50:00,K S Layout
2cb3d9cf3903,12.909453,77.565095,theft,2018-11-29T02:30:00,K S Layout
d14c29e7f807,12.91142,77.562077,theft,2019-03-03T09:15:00,K S Layout
16bbb21ce3a2,12.90852,77.572527,theft,2019-03-14T12:45:00,K S Layout
05d24b310174,12.912306,77.567061,theft,2019-11-11T06:21:00,K S Layout
bb3e1c9c420e,12.904227,77.556305,theft,2015-11-10T17:00:00,K S Layout
082e261683d3,12.901008,77.548338,theft,2015-10-18T16:00:00,K S Layout
b8795a8ffcf2,12.916614,77.556434,theft,2015-04-11T19:00:00,K S Layout
02238d6da868,12.907951,77.548038,theft,2016-02-21T19:50:00,K S Layout
27c8b26c1c90,12.936275,77.550704,theft,2016-12-05T19:45:00,K S Layout
9114e5870424,12.914705,77.551829,theft,2016-11-14T10:30:00,K S Layout
c40b0d72b7d9,12.912656,77.555697,theft,2016-11-21T20:30:00,K S Layout
1df6fa8013bf,12.899314,77.544091,theft,2017-08-21T19:00:00,K S Layout
968fc84e5937,12.910876,77.544745,theft,2017-10-22T11:00:00,K S Layout
9fa90d6014aa,12.903594,77.559256,theft,2017-01-14T15:30:00,K S Layout
6b4632df5326,12.945085,77.548612,theft,2018-07-06T12:30:00,K S Layout
6ae3d64dc890,12.909084,77.555635,theft,2019-01-11T17:00:00,K S Layout
5482ab011d9a,12.909045,77.551971,theft,2019-03-12T14:00:00,K S Layout
d395fd3babca,12.938298,77.544986,theft,2019-03-18T12:30:00,K S Layout
af032a1029bc,12.931394,77.544233,theft,2019-03-29T19:30:00,K S Layout
42078f9b8ebb,12.900687,77.54811,theft,2019-04-26T12:00:00,K S Layout
55ea240005dd,12.939574,77.542507,theft,2019-06-14T17:30:00,K S Layout
605037b4320a,12.90408,77.54898,theft,2019-07-12T13:10:00,K S Layout
f525657d1319,12.941095,77.553129,theft,2019-08-14T12:45:00,K S Layout
28547823116b,12.957826,77.559417,theft,2015-11-27T18:00:00,K S Layout
e67cc693ae66,12.957826,77.559417,theft,2016-02-09T17:15:00,K S Layout
e3a41e978b07,12.94983,77.56041,theft,2018-08-18T16:15:00,K S Layout
1f783b8f3d87,12.9556,77.56883,theft,2015-08-12T08:15:00,K S Layout
3ef981ccf47e,12.952067,77.579281,theft,2015-10-07T16:30:00,K S Layout
0e5318811145,12.952067,77.579281,theft,2016-09-06T12:15:00,K S Layout
7ee74540852b,12.962991,77.572155,theft,2017-03-06T12:00:00,K S Layout
ea9731dbd8fc,12.954287,77.577682,theft,2018-05-09T11:30:00,K S Layout
dd4d12a1ef74,12.953218,77.577722,theft,2018-07-20T13:50:00,K S Layout
7db9fe852c85,12.962125,77.571578,theft,2019-07-25T10:45:00,K S Layout
52b48aa702bc,12.94253,77.55534,theft,2016-01-13T13:45:00,K S Layout
6595f935330d,12.94176,77.55656,theft,2016-04-11T11:15:00,K S Layout
e588f8ddea13,12.93526,77.56042,theft,2016-08-21T11:00:00,K S Layout
b48a1ac55849,12.943648,77.549789,theft,2016-12-09T12:30:00,K S Layout
00e1cab91729,12.9422,77.552401,theft,2017-11-03T10:30:00,K S Layout
c6c10d55b8fa,12.930861,77.554069,theft,2015-01-29T20:00:00,K S Layout
0cedfbce5be9,12.926837,77.544735,theft,2015-03-29T08:00:00,K S Layout
ca0925b942d6,12.924688,77.548142,theft,2015-01-31T08:00:00,K S Layout
361f7e9117e4,12.930228,77.547624,theft,2015-04-24T23:00:00,K S Layout
55a2dbbf732c,12.924729,77.558486,theft,2015-07-23T07:00:00,K S Layout
338a4cb1ad16,12.929702,77.553766,theft,2015-08-31T18:00:00,K S Layout
699936d6ab80,12.921265,77.549996,theft,2016-08-17T11:30:00,K S Layout
943f8d2766b9,12.906151,77.543484,theft,2017-03-10T10:00:00,K S Layout
d3aac48b1538,12.906938,77.545373,theft,2018-09-11T11:00:00,K S Layout
91cdade0c10a,12.932284,77.54988,theft,2019-05-22T10:15:00,K S Layout
6a9d7283e41a,12.929298,77.54597,theft,2019-09-23T09:30:00,K S Layout
db1b55986758,12.926366,77.549813,theft,2019-10-18T00:00:00,K S Layout
0617eff8b439,12.92256,77.58698,theft,2015-01-01T12:30:00,K S Layout
022298db668d,12.902355,77.543496,theft,2015-01-14T22:40:00,K S Layout
33b11cbd73c3,12.927461,77.586288,theft,2015-01-29T19:25:00,K S Layout
b10a68ff5bb4,12.936928,77.578995,theft,2015-04-02T20:00:00,K S Layout
0ea37e40fb99,12.934423,77.592768,theft,2015-09-02T13:30:00,K S Layout
3c6356939a48,12.91856,77.58466,theft,2015-03-03T18:00:00,K S Layout
e5a048bd6164,12.947111,77.594474,theft,2015-09-03T19:30:00,K S Layout
f19c072b2dee,12.929333,77.58168,theft,2015-03-28T19:30:00,K S Layout
0d2d17a00da5,12.952429,77.543605,theft,2015-07-04T20:00:00,K S Layout
a9e46f491e48,12.905417,77.55576,theft,2015-07-04T21:40:00,K S Layout
28624b0f7b51,12.919098,77.589485,theft,2015-04-29T13:00:00,K S Layout
198e34c9485c,12.912976,77.573242,theft,2015-01-05T15:00:00,K S Layout
218393cadc9f,12.903972,77.547531,theft,2015-02-05T00:20:00,K S Layout
e93071a93bc2,12.946444,77.579988,theft,2015-02-05T11:40:00,K S Layout
8d9e5141d55f,12.928613,77.585359,theft,2015-06-05T11:00:00,K S Layout
089e0f90a1f2,12.918025,77.58835,theft,2015-05-22T17:30:00,K S Layout
f83932f30e9f,12.930433,77.549761,theft,2015-05-26T19:20:00,K S Layout
a88878fe8285,12.924603,77.588906,theft,2015-05-30T13:30:00,K S Layout
5f8b0522e3bb,12.93349,77.576628,theft,2015-03-06T13:30:00,K S Layout
f7d675544eb1,12.928613,77.585359,theft,2015-06-18T13:00:00,K S Layout
085a6c4ef8e2,12.927136,77.5907,theft,2015-07-07T14:15:00,K S Layout
80569f76a7fd,12.926523,77.579647,theft,2015-07-15T19:00:00,K S Layout
dc98c424bfca,12.916757,77.593434,theft,2015-05-09T21:15:00,K S Layout
28a828f80e6a,12.909694,77.634426,theft,2015-07-09T17:30:00,K S Layout
2c568fb970c8,12.910571,77.545378,theft,2015-09-15T14:30:00,K S Layout
057b892d2f93,12.91756,77.58486,theft,2015-09-23T16:00:00,K S Layout
cf545027eff2,12.922536,77.587568,theft,2015-12-10T20:45:00,K S Layout
5a6cfac189e2,12.92253,77.585898,theft,2015-10-18T12:15:00,K S Layout
98d9979e443e,12.918028,77.58842,theft,2015-10-25T20:20:00,K S Layout
c92a075adf5d,12.922535,77.58565,theft,2015-11-14T18:00:00,K S Layout
d6901f30dd59,12.915152,77.551373,theft,2015-12-29T09:15:00,K S Layout
919534b21441,12.93443,77.592708,theft,2015-07-02T13:00:00,K S Layout
7ad1dbcf8b28,12.916588,77.589965,theft,2015-09-02T13:10:00,K S Layout
376ff7e6ceee,12.931988,77.590196,theft,2015-01-03T13:30:00,K S Layout
2eb64f4e1bbe,12.931921,77.58029,theft,2015-05-21T10:30:00,K S Layout
5806940a92a9,12.88605,77.494843,theft,2015-06-19T13:00:00,K S Layout
1e97c276fdb0,13.05669,77.625669,theft,2015-04-08T19:30:00,K S Layout
ae87780d6963,12.919774,77.577703,theft,2015-12-08T15:00:00,K S Layout
17ae4e0d8504,12.907056,77.552069,theft,2015-03-09T21:00:00,K S Layout
07129899b55c,12.928613,77.585359,theft,2015-10-09T14:30:00,K S Layout
78af2b8d7f1b,12.93192,77.58016,theft,2015-11-14T13:00:00,K S Layout
c5e6100cbc27,12.88605,77.494843,theft,2015-09-12T04:00:00,K S Layout
ba3af184cb2a,12.93192,77.580106,theft,2015-11-12T19:35:00,K S Layout
507776ccf574,12.924857,77.583759,theft,2015-03-24T11:00:00,K S Layout
de34443b7f76,12.92885,77.5785,theft,2015-06-01T15:00:00,K S Layout
e6b0085c88f1,12.9273,77.57806,theft,2015-01-18T16:30:00,K S Layout
7365d203740a,12.930535,77.586997,theft,2015-03-23T17:00:00,K S Layout
fc554f19b14d,12.928613,77.585359,theft,2015-04-15T12:00:00,K S Layout
342405add6d4,12.934891,77.581991,theft,2015-02-05T14:00:00,K S Layout
a1379c417af4,12.936652,77.576437,theft,2015-07-22T15:40:00,K S Layout
589b5bb0d0d5,12.923852,77.576402,theft,2015-01-15T19:30:00,K S Layout
f11ce3037cae,12.93067,77.581281,theft,2015-01-16T21:20:00,K S Layout
990a8cbe0f6b,12.923852,77.576402,theft,2015-03-03T12:30:00,K S Layout
a3e2c1b66702,12.923852,77.576402,theft,2015-09-03T17:30:00,K S Layout
f4066ef1f3f9,12.930397,77.585753,theft,2015-08-04T11:30:00,K S Layout
02bb3fa69734,12.919817,77.58481,theft,2015-04-30T19:40:00,K S Layout
da6f95ab5154,12.927082,77.588137,theft,2015-04-05T14:45:00,K S Layout
111d85216962,12.925458,77.584816,theft,2015-06-25T09:50:00,K S Layout
3e5858f549f9,12.932553,77.580342,theft,2015-08-28T19:10:00,K S Layout
431115630a27,12.935566,77.589964,theft,2015-11-26T09:15:00,K S Layout
7f02b6c753b2,12.901983,77.553098,theft,2016-02-24T19:00:00,K S Layout
7e04c197f9ed,12.905533,77.558342,theft,2016-03-05T10:30:00,K S Layout
52017cee7dc0,12.902033,77.55113,theft,2016-12-05T10:00:00,K S Layout
36801af8673b,12.926858,77.583552,theft,2016-08-11T13:00:00,K S Layout
9bee66c9bc05,12.91945,77.58582,theft,2016-04-20T15:00:00,K S Layout
3f59bba9c3f4,12.917758,77.588496,theft,2016-12-01T12:00:00,K S Layout
45a2ac556de2,12.923975,77.579868,theft,2016-06-28T12:30:00,K S Layout
885373eb832c,12.916869,77.589571,theft,2016-05-07T13:30:00,K S Layout
17565cc36207,12.91845,77.584881,theft,2016-03-09T14:00:00,K S Layout
2d6d2159155b,12.921458,77.58764,theft,2016-09-21T13:30:00,K S Layout
b7b8417f0d2a,12.92556,77.59763,theft,2016-09-28T14:00:00,K S Layout
90d7c7879f7d,12.92556,77.59763,theft,2016-11-22T17:00:00,K S Layout
5c94e7ff0032,12.92074,77.59957,theft,2016-01-16T18:00:00,K S Layout
0eef6f4737a4,12.92847,77.58374,theft,2016-01-21T13:30:00,K S Layout
c0fb6cbcb666,12.92825,77.57483,theft,2016-09-04T16:30:00,K S Layout
cdda69988876,12.922084,77.589585,theft,2016-04-22T12:00:00,K S Layout
8a5bbb1f80f0,12.935688,77.586954,theft,2016-10-20T10:00:00,K S Layout
e8075423d5b0,12.92847,77.58374,theft,2016-12-11T08:30:00,K S Layout
f8b231ed2808,12.9167,77.59763,theft,2016-03-01T18:50:00,K S Layout
ca59adbd77c9,12.91945,77.58582,theft,2016-01-22T17:00:00,K S Layout
c6ed775e8e60,12.92556,77.57561,theft,2016-02-19T18:00:00,K S Layout
29b75df1e82a,12.92367,77.58014,theft,2016-02-27T16:00:00,K S Layout
e6c16f9d6147,12.92556,77.57591,theft,2016-04-22T12:00:00,K S Layout
2b54fd9efbfd,12.915868,77.58954,theft,2016-05-31T09:00:00,K S Layout
c506ab3034d8,12.91699,77.58934,theft,2016-07-22T10:35:00,K S Layout
f810b328bfbd,12.92367,77.58014,theft,2016-08-09T22:15:00,K S Layout
40725795833d,12.92556,77.57561,theft,2016-06-11T15:35:00,K S Layout
7588b24dac99,12.909645,77.632545,theft,2016-11-29T10:25:00,K S Layout
e82ea72e5cf0,12.92556,77.57591,theft,2016-01-24T22:30:00,K S Layout
5270fd151188,12.915785,77.58695,theft,2016-02-29T18:30:00,K S Layout
4ee774a9321d,12.91945,77.58582,theft,2016-01-03T12:35:00,K S Layout
a52460067efc,12.91945,77.58582,theft,2016-01-03T13:30:00,K S Layout
2b5ebe7aad60,12.92311,77.5807,theft,2016-11-03T18:40:00,K S Layout
91032ac98d13,12.91945,77.58582,theft,2016-04-13T10:30:00,K S Layout
e98e93287cbb,12.923675,77.580145,theft,2016-04-28T19:30:00,K S Layout
79a8144f7020,12.923789,77.589685,theft,2016-06-15T16:45:00,K S Layout
5e0b3a04fc04,12.92367,77.58014,theft,2016-06-22T10:00:00,K S Layout
d2cc8fc2da4d,12.92397,77.57968,theft,2016-07-07T23:10:00,K S Layout
afff39e089b6,12.93047,77.57957,theft,2016-07-19T02:45:00,K S Layout
f237cc9c853b,12.93091,77.57812,theft,2016-09-08T17:00:00,K S Layout
d4b5d9364c1d,12.91945,77.585805,theft,2016-08-15T23:15:00,K S Layout
f0a79deb6207,12.92164,77.59149,theft,2016-06-10T19:35:00,K S Layout
fd3fd302dd3d,12.92178,77.57923,theft,2016-08-10T21:30:00,K S Layout
2d0865471d95,12.92239,77.58076,theft,2016-11-18T13:15:00,K S Layout
a318cff0d8ee,12.92266,77.5854,theft,2016-01-19T21:00:00,K S Layout
1bf4909b52b4,12.921455,77.587621,theft,2016-01-21T17:30:00,K S Layout
f3b8af325e84,12.92297,77.5807,theft,2016-01-29T12:30:00,K S Layout
0758582935f8,12.92234,77.58076,theft,2016-09-02T13:30:00,K S Layout
5fc9969876a6,12.914568,77.587485,theft,2016-02-15T10:30:00,K S Layout
bfcd069e2f1b,12.91945,77.58582,theft,2016-02-19T12:30:00,K S Layout
8248b2bac022,12.92458,77.584796,theft,2016-02-26T10:30:00,K S Layout
cabc3cdb34e4,12.919458,77.585795,theft,2016-06-29T17:15:00,K S Layout
ebeafe783a41,12.919458,77.585795,theft,2016-01-07T11:30:00,K S Layout
db3761c371e8,12.914758,77.587965,theft,2016-07-20T21:45:00,K S Layout
4ad729bac527,12.93457,77.578685,theft,2016-07-26T14:45:00,K S Layout
712960483ce3,12.92266,77.585845,theft,2016-03-10T17:30:00,K S Layout
500304513ddd,12.916576,77.586945,theft,2016-05-10T17:30:00,K S Layout
663aa97714a9,12.86984,77.575962,theft,2016-11-17T17:45:00,K S Layout
229ef9ed74f8,12.92234,77.582254,theft,2016-10-09T13:00:00,K S Layout
148e0a2997e1,12.9167,77.59763,theft,2017-12-21T16:40:00,K S Layout
a790b6a848da,12.91992,77.59044,theft,2017-10-01T18:15:00,K S Layout
0ee91c82dc7a,12.92556,77.57561,theft,2017-01-30T16:00:00,K S Layout
a27745cb3cdf,12.92865,77.58178,theft,2017-01-30T20:15:00,K S Layout
7422ce10c3e6,12.93183,77.58355,theft,2017-04-21T18:00:00,K S Layout
e717b097e544,12.94158,77.58758,theft,2017-04-23T09:45:00,K S Layout
dc35517b2c38,12.9179,77.58718,theft,2017-06-14T20:30:00,K S Layout
137dbc78ca4d,12.92316,77.59376,theft,2017-05-07T20:40:00,K S Layout
e019ffeff2d4,12.92367,77.58014,theft,2017-09-16T11:00:00,K S Layout
1ea697f93414,12.92367,77.58014,theft,2017-01-17T11:30:00,K S Layout
9bde27573499,12.92023,77.5819,theft,2017-07-18T13:25:00,K S Layout
214490108fd0,12.92458,77.584685,theft,2017-09-17T08:45:00,K S Layout
eacbfca6d052,12.914686,77.577695,theft,2017-09-17T12:30:00,K S Layout
656db0ff33ec,12.945852,77.576951,theft,2017-09-17T14:30:00,K S Layout
e6166082c416,12.92952,77.57891,theft,2017-08-12T18:00:00,K S Layout
dfcddd73490d,12.92963,77.57702,theft,2017-12-15T11:00:00,K S Layout
74dcccac2e4f,12.92085,77.58139,theft,2017-12-16T11:30:00,K S Layout
5a43f9b210b7,12.92125,77.57905,theft,2017-05-26T17:40:00,K S Layout
6ff861363b9a,12.92596,77.55321,theft,2017-07-23T11:45:00,K S Layout
8ba06ec64267,12.93006,77.57958,theft,2017-07-26T15:00:00,K S Layout
2c0e912b5d24,12.92367,77.58014,theft,2017-07-27T10:50:00,K S Layout
c8579db45b12,12.91986,77.58274,theft,2017-09-21T10:30:00,K S Layout
1eb7e90966db,12.92141,77.58077,theft,2017-10-18T09:30:00,K S Layout
dcbcf2b9c353,12.92603,77.57362,theft,2017-11-09T22:00:00,K S Layout
0a1ca7c1fdf4,12.92115,77.58075,theft,2017-12-15T12:30:00,K S Layout
5ede042f225d,12.92847,77.58374,theft,2017-04-07T13:00:00,K S Layout
a6e2ee85cc64,12.929578,77.585484,theft,2017-03-08T14:00:00,K S Layout
008a2ad77590,12.92234,77.58076,theft,2017-05-08T13:00:00,K S Layout
143e2967d95b,12.9321,77.59005,theft,2017-08-30T11:00:00,K S Layout
1642050c2ee3,12.924845,77.586384,theft,2017-10-16T12:00:00,K S Layout
b08cef54b99a,12.92028,77.58801,theft,2017-10-19T14:15:00,K S Layout
0660a7d7abf2,12.91945,77.58582,theft,2017-11-08T19:00:00,K S Layout
28197d5702c3,12.923852,77.576401,theft,2017-02-12T10:00:00,K S Layout
a188c789b230,12.924855,77.58965,theft,2017-08-01T14:15:00,K S Layout
4ddf9baa654d,12.92367,77.58014,theft,2017-05-03T18:00:00,K S Layout
45ac87030d8d,12.9218,77.58027,theft,2017-09-03T20:00:00,K S Layout
44292107074e,12.92338,77.58074,theft,2017-04-25T12:20:00,K S Layout
5974af1ffef9,12.9218,77.58027,theft,2017-05-31T13:00:00,K S Layout
96a72f820d71,12.9184,77.58268,theft,2017-01-06T14:30:00,K S Layout
f341ea10eaab,12.92161,77.580742,theft,2017-07-27T18:30:00,K S Layout
1540f9d8fc5a,12.92367,77.58014,theft,2017-04-08T16:30:00,K S Layout
4c5a422b474c,12.91945,77.58582,theft,2017-09-10T19:00:00,K S Layout
73c2717b1c97,12.92367,77.58014,theft,2017-11-18T21:00:00,K S Layout
9220c9d01a16,12.92239,77.580757,theft,2017-05-12T11:50:00,K S Layout
e9d81b4694ae,12.9167,77.59763,theft,2017-12-15T23:50:00,K S Layout
f953f8c4bd5b,12.92053,77.58274,theft,2017-03-22T00:45:00,K S Layout
187e11dc81ba,12.924885,77.586855,theft,2017-08-29T16:00:00,K S Layout
1fbbbb61f420,12.92367,77.58014,theft,2017-07-10T17:00:00,K S Layout
dc9da9f7f0fa,12.9218,77.58027,theft,2018-01-13T15:10:00,K S Layout
98df436db89e,12.91457,77.586042,theft,2018-03-02T14:00:00,K S Layout
6ac3e9525d59,12.918458,77.58458,theft,2018-04-17T08:45:00,K S Layout
bf3778965152,12.91945,77.58582,theft,2018-04-21T19:30:00,K S Layout
51d93f5bbbc8,12.92367,77.58014,theft,2018-05-05T14:30:00,K S Layout
4262e74b2840,12.925458,77.57486,theft,2018-05-16T10:45:00,K S Layout
27f865825c24,12.92397,77.579678,theft,2018-12-06T19:30:00,K S Layout
e58a1cc94151,12.930948,77.57875,theft,2018-06-23T13:30:00,K S Layout
367d505e451b,12.92847,77.585475,theft,2018-06-25T18:00:00,K S Layout
ad489f1888f7,12.93443,77.5927,theft,2018-08-24T15:30:00,K S Layout
4c954ee892e7,12.899592,77.54848,theft,2018-10-15T11:00:00,K S Layout
6d065bb39ca2,12.9167,77.58953,theft,2018-10-27T18:00:00,K S Layout
8f82afdbdb17,12.925648,77.575869,theft,2018-01-23T12:05:00,K S Layout
d69f7a8a9231,12.921648,77.580745,theft,2018-02-17T21:30:00,K S Layout
e79efffc5e27,12.924586,77.580145,theft,2018-07-21T14:30:00,K S Layout
224791d8688e,12.930911,77.578156,theft,2018-10-09T17:15:00,K S Layout
61acbf06443b,12.925684,77.575458,theft,2018-10-13T17:30:00,K S Layout
e38f7cdb00ef,12.925568,77.580145,theft,2018-10-29T20:45:00,K S Layout
a5ed589c7943,12.923549,77.58948,theft,2018-09-02T17:35:00,K S Layout
098c8d294a3a,12.921645,77.580286,theft,2018-02-27T10:40:00,K S Layout
a417cb61df0e,12.921645,77.580286,theft,2018-02-27T11:00:00,K S Layout
19b81a5922f6,12.914589,77.58514,theft,2018-02-27T11:30:00,K S Layout
194f42573644,12.914589,77.58514,theft,2018-02-27T13:00:00,K S Layout
9cd527ebd581,12.921458,77.580478,theft,2018-12-16T12:30:00,K S Layout
7cdeab5ba2bd,12.917775,77.585477,theft,2018-11-11T17:00:00,K S Layout
97c2d3593821,12.912486,77.585478,theft,2018-12-19T13:00:00,K S Layout
bf88be6b2eda,12.92861,77.58447,theft,2019-08-01T11:00:00,K S Layout
4f17090e5526,12.92457,77.57899,theft,2019-10-01T10:36:00,K S Layout
6718f5fd9168,12.91965,77.5924,theft,2019-01-21T14:00:00,K S Layout
3c4e06204c4b,12.92385,77.576402,theft,2019-01-26T14:00:00,K S Layout
7c862d1d2737,12.92367,77.58014,theft,2019-01-31T10:00:00,K S Layout
06722ca6718f,12.92385,77.576402,theft,2019-03-02T03:29:00,K S Layout
d73e761d4321,12.91945,77.58582,theft,2019-09-02T05:45:00,K S Layout
66c58207d708,12.92367,77.58374,theft,2019-02-14T14:30:00,K S Layout
34f9b19195ce,12.914588,77.587654,theft,2019-02-17T11:00:00,K S Layout
cb5070e976be,12.94247,77.55049,theft,2019-02-24T11:30:00,K S Layout
190bbbfbb16f,12.92253,77.58589,theft,2019-02-26T10:00:00,K S Layout
b8513b374b5f,12.92847,77.58347,theft,2019-02-03T21:00:00,K S Layout
846898e6bdb4,12.92009,77.58204,theft,2019-04-03T22:00:00,K S Layout
11abaaeee07f,12.92861,77.58447,theft,2019-03-15T11:30:00,K S Layout
150ddcc25096,12.93486,77.58008,theft,2019-03-17T12:00:00,K S Layout
4b1e9e060113,12.91921,77.57745,theft,2019-04-04T23:15:00,K S Layout
8cb01e166850,12.92178,77.58074,theft,2019-04-16T23:45:00,K S Layout
3add8518ce69,12.922657,77.589563,theft,2019-04-24T12:00:00,K S Layout
cb82352da0cb,12.900495,77.558069,theft,2019-12-05T11:30:00,K S Layout
d4e7471e21be,12.91347,77.551096,theft,2019-05-26T18:00:00,K S Layout
0d5681aada74,12.92819,77.62512,theft,2019-05-27T18:30:00,K S Layout
4668b3714819,12.91691,77.585701,theft,2019-01-06T18:45:00,K S Layout
4387e57c9db8,12.92253,77.58589,theft,2019-06-20T12:00:00,K S Layout
c513f1aafe00,12.92253,77.58589,theft,2019-06-23T17:00:00,K S Layout
679254f10590,12.91953,77.57458,theft,2019-08-07T21:45:00,K S Layout
8edefb21948c,12.916417,77.54948,theft,2019-07-23T19:00:00,K S Layout
3b1e6c5fa4fb,12.92253,77.58589,theft,2019-08-14T20:00:00,K S Layout
61033a2c2ede,12.916723,77.554104,theft,2019-08-14T21:00:00,K S Layout
b7d8a5ead6a4,12.92334,77.58484,theft,2019-12-09T11:00:00,K S Layout
d4a7a187b155,12.92875,77.5801,theft,2019-09-27T11:35:00,K S Layout
1a9c0666d9be,12.928459,77.576972,theft,2019-10-29T20:30:00,K S Layout
24c51ebb8270,12.926192,77.586141,theft,2019-11-13T20:00:00,K S Layout
8f90c7e39408,12.91743,77.583465,theft,2019-11-15T18:00:00,K S Layout
a75b8de53c08,12.92367,77.58374,theft,2019-05-12T23:40:00,K S Layout
1f8494d6072b,12.92556,77.57561,theft,2019-12-14T12:00:00,K S Layout
61adc5fd3460,12.910427,77.544825,theft,2015-01-15T05:57:00,K S Layout
ae7b39a77b43,12.906694,77.544756,theft,2015-01-23T04:24:00,K S Layout
e7e6631c71b5,12.900667,77.5423,theft,2015-01-27T19:33:00,K S Layout
e29735853b8d,12.90277,77.548764,theft,2015-01-02T02:27:00,K S Layout
ea6ab3d7246f,12.914454,77.556898,theft,2015-03-02T17:05:00,K S Layout
bf53e7153ce9,12.911788,77.547568,theft,2015-12-02T10:01:00,K S Layout
ef0ba0dcfbac,12.913795,77.550247,theft,2015-02-17T20:23:00,K S Layout
ce0bac6e59d2,12.907896,77.557068,theft,2015-02-21T15:20:00,K S Layout
a77a897508bf,12.901026,77.543369,theft,2015-02-23T00:20:00,K S Layout
18abb19f401e,12.906561,77.558493,theft,2015-02-26T18:46:00,K S Layout
fae1154d6a2b,12.902437,77.553103,theft,2015-11-03T22:47:00,K S Layout
b369dd14abbf,12.909392,77.555401,theft,2015-03-17T11:10:00,K S Layout
2e36085bddc0,12.914193,77.546452,theft,2015-03-28T00:19:00,K S Layout
a77a37bd0346,12.912312,77.543723,theft,2015-01-05T02:39:00,K S Layout
ecfd9186546a,12.89906,77.554358,theft,2015-05-13T05:08:00,K S Layout
0972d8a61a77,12.910798,77.56009,theft,2015-05-14T22:22:00,K S Layout
ab21aae55f27,12.90038,77.548049,theft,2015-05-21T14:37:00,K S Layout
f8d5e29460dc,12.905484,77.543024,theft,2015-05-31T20:52:00,K S Layout
d82f5b43e311,12.91076,77.559102,theft,2015-06-16T11:16:00,K S Layout
5239866956e6,12.912794,77.556332,theft,2015-06-18T12:14:00,K S Layout
8e3f6f9dd947,12.995296,77.568251,theft,2015-07-30T17:50:00,K S Layout
3878af9f1977,12.936777,77.580124,theft,2015-03-08T00:05:00,K S Layout
e7808049ebcc,12.948374,77.580058,theft,2015-10-08T22:58:00,K S Layout
edf7b0abdcfe,12.941681,77.576788,theft,2015-08-25T01:55:00,K S Layout
f12d6f84b0c9,12.942909,77.567924,theft,2015-10-09T13:37:00,K S Layout
2b3484f51630,12.938699,77.578183,theft,2015-09-15T13:35:00,K S Layout
6f40d656d7ef,12.938661,77.575417,theft,2015-09-17T20:07:00,K S Layout
56da3b04e917,12.939818,77.577399,theft,2015-09-21T02:18:00,K S Layout
2c8cb5e39435,12.943393,77.57127,theft,2015-04-10T13:58:00,K S Layout
8374e59922da,12.906604,77.542534,theft,2015-05-10T23:13:00,K S Layout
08b52ef3053f,12.915533,77.546934,theft,2015-10-30T15:56:00,K S Layout
2a62744602fd,12.936507,77.575417,theft,2015-07-11T18:45:00,K S Layout
78b121e2b3b0,12.915401,77.555695,theft,2015-11-25T08:27:00,K S Layout
74574905e998,12.943401,77.57713,theft,2015-02-12T19:44:00,K S Layout
6fb6e40813a3,12.94495,77.571928,theft,2015-07-12T06:13:00,K S Layout
f80b8009cbd6,12.948048,77.56886,theft,2015-12-19T08:58:00,K S Layout
583b7178bfd2,12.94232,77.573877,theft,2015-12-26T22:56:00,K S Layout
4b7dcd3ea34a,12.944929,77.571964,theft,2015-12-27T18:46:00,K S Layout
b8155b81dd3c,12.942268,77.573885,theft,2015-12-31T19:13:00,K S Layout
7168398c13ca,12.944837,77.574089,theft,2016-01-29T23:37:00,K S Layout
32253a66f600,12.947853,77.575218,theft,2016-02-28T20:35:00,K S Layout
e71cfe6bc6cc,12.938653,77.576544,theft,2016-01-03T07:16:00,K S Layout
0547ab375f6f,12.936295,77.572469,theft,2016-02-03T08:32:00,K S Layout
7a4a50c30658,12.944845,77.570056,theft,2016-11-03T23:51:00,K S Layout
0bcfcf55b53c,12.947549,77.579284,theft,2016-03-17T13:10:00,K S Layout
5f1a578bd17f,12.945891,77.5708,theft,2016-03-20T20:34:00,K S Layout
bce7580ca82d,12.946253,77.570347,theft,2016-10-04T08:58:00,K S Layout
7a90fd88b487,12.94742,77.57992,theft,2016-04-13T13:29:00,K S Layout
0ecaa9f8657b,12.947495,77.579916,theft,2016-04-25T08:03:00,K S Layout
55c8a5a1085d,12.946918,77.568723,theft,2016-09-06T03:27:00,K S Layout
925f5274eb39,12.946633,77.570452,theft,2016-06-16T07:01:00,K S Layout
a1e725c91d44,12.942899,77.571827,theft,2016-07-29T08:45:00,K S Layout
dc415f5dc4cc,12.94064,77.57925,theft,2016-10-08T21:40:00,K S Layout
b154d9a30565,12.945878,77.56945,theft,2016-12-08T23:54:00,K S Layout
28d323f8d310,12.995296,77.568251,theft,2016-08-15T15:28:00,K S Layout
9cf6d584d027,12.936777,77.580124,theft,2016-08-20T16:47:00,K S Layout
af5068063009,12.948374,77.580058,theft,2016-12-03T10:45:00,K S Layout
7fb5cb50c7f5,12.941681,77.576788,theft,2016-10-09T17:20:00,K S Layout
557f90437dd3,12.942909,77.567924,theft,2016-09-21T20:04:00,K S Layout
f55d4c785681,12.938699,77.578183,theft,2016-10-17T15:19:00,K S Layout
a974e889b71b,12.938661,77.575417,theft,2016-10-17T04:02:00,K S Layout
c87e700cce04,12.939818,77.577399,theft,2016-10-27T11:32:00,K S Layout
fce85af163d6,12.943393,77.57127,theft,2016-01-11T20:08:00,K S Layout
112edf59e9cd,12.915381,77.554128,theft,2016-11-15T16:33:00,K S Layout
d7ebbe2a6074,12.914828,77.552327,theft,2016-11-19T12:22:00,K S Layout
d0d87d081ff0,12.936507,77.575417,theft,2016-01-12T14:39:00,K S Layout
779ee58830a6,12.904702,77.549791,theft,2016-09-12T14:14:00,K S Layout
6dc63005355f,12.943401,77.57713,theft,2016-12-14T08:18:00,K S Layout
bc40b9192869,12.94495,77.571928,theft,2016-12-30T19:28:00,K S Layout
4d4f638de150,12.948048,77.56886,theft,2017-01-27T21:39:00,K S Layout
b64725e9acf9,12.94232,77.573877,theft,2017-05-02T20:50:00,K S Layout
d6c4a06fd708,12.944929,77.571964,theft,2017-06-02T05:19:00,K S Layout
fb1dbe31d96a,12.942268,77.573885,theft,2017-11-02T18:03:00,K S Layout
fea5c703676a,12.944837,77.574089,theft,2017-02-14T22:06:00,K S Layout
b1012a5788b0,12.944602,77.576862,theft,2017-07-03T03:21:00,K S Layout
c6aadb29df08,12.945881,77.575738,theft,2017-11-03T11:44:00,K S Layout
0358b33cab74,12.936943,77.571151,theft,2017-03-26T02:21:00,K S Layout
518f0835e774,12.94914,77.579923,theft,2017-07-04T11:01:00,K S Layout
6e3aeea4abd6,12.94745,77.573955,theft,2017-09-04T23:33:00,K S Layout
91bebe546c38,12.907512,77.559944,theft,2017-12-04T07:22:00,K S Layout
556d7c4172da,12.948385,77.577426,theft,2017-04-27T05:05:00,K S Layout
db9249a3f737,12.935135,77.573827,theft,2017-06-05T21:24:00,K S Layout
cd1243aeb733,12.93867,77.580302,theft,2017-06-05T17:16:00,K S Layout
e4984b332caa,12.944603,77.576862,theft,2017-08-05T11:05:00,K S Layout
d280904868d7,12.945881,77.575738,theft,2017-12-05T07:18:00,K S Layout
8ab8c0ac729a,12.936943,77.571151,theft,2017-05-14T09:00:00,K S Layout
486318634588,12.94914,77.579923,theft,2017-05-29T12:48:00,K S Layout
53c5a4d380f1,12.94745,77.573955,theft,2017-06-15T02:39:00,K S Layout
4be67e43b2bb,12.907455,77.550029,theft,2017-06-16T19:55:00,K S Layout
b68f8602bb1f,12.948385,77.577426,theft,2017-07-21T16:12:00,K S Layout
cc89d41742c6,12.935135,77.573827,theft,2017-02-08T05:48:00,K S Layout
5786907ef71f,12.93867,77.580302,theft,2017-03-08T13:48:00,K S Layout
9d428426bc7c,12.944603,77.576862,theft,2017-07-08T07:42:00,K S Layout
0fdfe23c9afd,12.945881,77.575738,theft,2017-11-08T19:59:00,K S Layout
00ece96b8ec2,12.936943,77.571151,theft,2017-08-21T00:25:00,K S Layout
5ac0da775e31,12.94914,77.579923,theft,2017-08-29T06:20:00,K S Layout
849e65671909,12.94745,77.573955,theft,2017-09-22T20:48:00,K S Layout
d5acf7d52209,12.929235,77.534782,theft,2016-12-28T21:00:00,K S Layout
5ede62b829d5,12.902928,77.549092,theft,2017-01-30T14:30:00,K S Layout
2f9db76af0bb,12.899791,77.546893,theft,2017-02-28T06:30:00,K S Layout
f705c7b33ad5,12.913706,77.547018,theft,2017-02-03T16:23:00,K S Layout
4b7e2c3cfb8d,12.908569,77.558022,theft,2017-12-04T22:40:00,K S Layout
2d9cd894f380,12.899526,77.554243,theft,2017-10-06T13:18:00,K S Layout
18a37f1871a0,12.934203,77.546257,theft,2017-06-20T12:45:00,K S Layout
b7f5262c59da,12.922214,77.538914,theft,2017-09-07T10:12:00,K S Layout
faa314104448,12.930782,77.53998,theft,2017-10-08T13:44:00,K S Layout
e3fc664b4d34,12.935149,77.537055,theft,2017-09-16T14:20:00,K S Layout
f29860f69133,12.9061,77.549555,theft,2017-09-27T11:30:00,K S Layout
f55554e20ebb,12.906397,77.558535,theft,2017-09-28T10:30:00,K S Layout
bf109807b877,12.928692,77.540906,theft,2017-10-10T20:44:00,K S Layout
b716e90da53b,12.938683,77.551304,theft,2017-10-14T17:30:00,K S Layout
0694120bcfca,12.909944,77.547476,theft,2017-08-21T18:00:00,K S Layout
3800137db84d,12.913834,77.559412,theft,2017-08-21T19:00:00,K S Layout
42821643decf,12.913787,77.541786,theft,2017-12-25T19:30:00,K S Layout
c00043fef651,12.935612,77.54536,theft,2017-12-27T12:05:00,K S Layout
0dbff48dfe8c,12.910458,77.542703,theft,2017-12-31T12:30:00,K S Layout
752093434831,12.939623,77.528977,theft,2018-01-15T12:46:00,K S Layout
546760faaecb,12.93866,77.548997,theft,2018-01-29T22:48:00,K S Layout
e48ac9414551,12.940213,77.547241,theft,2018-02-14T14:19:00,K S Layout
79269e187a73,12.930844,77.539062,theft,2018-03-12T17:17:00,K S Layout
93b3f6370ddc,12.934568,77.542365,theft,2018-03-18T01:03:00,K S Layout
551b1bfe9b1a,12.905907,77.550191,theft,2018-05-08T17:36:00,K S Layout
259aa3180c13,12.901172,77.549502,theft,2018-05-25T19:48:00,K S Layout
0b03d03a8482,12.936884,77.536097,theft,2018-05-25T00:11:00,K S Layout
fb82cfc462f6,12.934381,77.539059,theft,2018-06-19T18:14:00,K S Layout
9917b3b6194c,12.912502,77.549386,theft,2018-07-21T08:09:00,K S Layout
dc8d6dd47203,12.905512,77.552731,theft,2018-08-26T09:13:00,K S Layout
9c0c997e728e,12.938641,77.543143,theft,2018-12-20T17:50:00,K S Layout
7fff764afb29,12.915447,77.553081,theft,2019-01-10T02:19:00,K S Layout
057bccbc7789,12.928676,77.545563,theft,2019-02-04T05:26:00,K S Layout
4ef795ae0039,12.912342,77.551554,theft,2019-02-06T02:15:00,K S Layout
272c089e7ab7,12.929708,77.53311,theft,2019-05-07T07:01:00,K S Layout
ff003d0185b4,12.930817,77.539821,theft,2019-08-19T16:40:00,K S Layout
55e5e343bb74,12.938422,77.543215,theft,2019-10-18T11:34:00,K S Layout
8186d478f21c,12.940936,77.547361,theft,2019-12-07T10:00:00,K S Layout
52b8162fa43b,12.938095,77.543951,theft,2019-05-22T22:44:00,K S Layout
7234ccc67701,12.948212,77.562999,theft,2015-03-02T04:30:00,K S Layout
fa000a9a3f66,12.906187,77.558581,theft,2015-04-04T14:15:00,K S Layout
ecf02ae2041d,12.952299,77.564412,theft,2015-04-15T14:30:00,K S Layout
90cecc44f2b1,12.94801,77.56771,theft,2015-07-24T17:30:00,K S Layout
be4029acf2d2,12.94801,77.56771,theft,2015-10-23T18:00:00,K S Layout
2bd2a16ca915,12.9508,77.56371,theft,2015-11-29T17:00:00,K S Layout
c5254d8dc545,12.953286,77.561639,theft,2016-02-15T10:00:00,K S Layout
a9c8f33552ea,12.95388,77.56341,theft,2016-07-03T13:00:00,K S Layout
7bea063b91ff,12.91355,77.545751,theft,2016-05-23T18:30:00,K S Layout
028481c3935f,12.955074,77.562575,theft,2016-08-09T17:00:00,K S Layout
32a07c9ee1f2,12.949169,77.56629,theft,2016-09-27T18:00:00,K S Layout
974adacfc0af,12.907398,77.556855,theft,2016-09-30T18:30:00,K S Layout
4e2537662060,12.900205,77.548918,theft,2016-10-19T13:00:00,K S Layout
cf6277430465,12.914339,77.549224,theft,2016-12-20T12:54:00,K S Layout
39e450640d61,12.908766,77.557687,theft,2016-12-27T12:00:00,K S Layout
10de888353c6,12.909627,77.54594,theft,2016-12-27T15:00:00,K S Layout
6dbb0d3097f9,12.905914,77.550078,theft,2016-12-31T12:30:00,K S Layout
63913647eae3,12.955174,77.567121,theft,2017-07-01T11:30:00,K S Layout
7ef5cab07e3e,12.909428,77.555794,theft,2017-01-30T11:30:00,K S Layout
03f72e69ea75,12.956997,77.564332,theft,2017-02-03T14:30:00,K S Layout
60d2dc91548f,12.900772,77.558203,theft,2017-01-04T12:00:00,K S Layout
1e7e8748dad1,12.957033,77.564308,theft,2017-04-26T18:15:00,K S Layout
7dbd326dc6b3,12.956953,77.561451,theft,2017-05-05T18:15:00,K S Layout
e9d8bbdc6e8d,12.899213,77.548598,theft,2017-02-06T15:30:00,K S Layout
3b06f064e23b,12.899485,77.549022,theft,2017-01-07T19:00:00,K S Layout
1b46d4c1af7c,12.908465,77.551216,theft,2017-07-16T15:00:00,K S Layout
ca4f56f9607b,12.901975,77.553694,theft,2017-07-23T15:00:00,K S Layout
2c16cf0b7e10,12.899798,77.555841,theft,2017-07-23T15:30:00,K S Layout
e8309912b364,12.953503,77.56495,theft,2017-09-22T13:00:00,K S Layout
b8e722d345ac,12.948212,77.562999,theft,2017-08-19T11:00:00,K S Layout
51238b51ce87,12.948212,77.562999,theft,2017-11-15T15:00:00,K S Layout
40a5102f8ecd,12.948212,77.562999,theft,2017-11-25T11:45:00,K S Layout
e870d8e9a923,12.94896,77.56008,theft,2017-12-27T14:00:00,K S Layout
bc2bf57b0f60,12.94896,77.56008,theft,2017-12-28T15:00:00,K S Layout
2a8324888ea3,12.951642,77.567167,theft,2018-01-17T14:00:00,K S Layout
a0679439289f,12.95522,77.56742,theft,2018-10-03T19:00:00,K S Layout
269174ea063d,12.949169,77.56629,theft,2018-05-29T11:40:00,K S Layout
3c6958059156,12.94868,77.55791,theft,2018-05-06T20:30:00,K S Layout
339b0ab0b441,12.9542,77.56451,theft,2018-06-25T15:30:00,K S Layout
2ff606005958,12.916048,77.548038,theft,2018-06-29T16:45:00,K S Layout
b06f9d7ea0fc,12.95707,77.56642,theft,2018-07-24T10:45:00,K S Layout
ea1ea0674e9e,12.95521,77.56497,theft,2018-07-08T18:15:00,K S Layout
a06d65295878,12.957826,77.559417,theft,2018-01-10T14:30:00,K S Layout
02d49c4a23e2,12.956997,77.564332,theft,2018-10-22T16:00:00,K S Layout
4712443c2c9e,12.94966,77.55928,theft,2018-10-12T15:10:00,K S Layout
612f62fb57d0,12.908311,77.548762,theft,2019-01-18T16:30:00,K S Layout
a398c3ecba64,12.95709,77.56445,theft,2019-02-16T18:50:00,K S Layout
31a2f8b24c4a,12.955052,77.566014,theft,2019-02-25T17:00:00,K S Layout
192cf9d75885,12.957028,77.565483,theft,2019-03-21T09:00:00,K S Layout
48b1c00db74c,12.957045,77.562861,theft,2019-03-22T17:30:00,K S Layout
e010e027e153,12.94973,77.56443,theft,2019-07-20T11:30:00,K S Layout
7f97f9cb6c0a,12.899112,77.54889,theft,2019-11-21T08:35:00,K S Layout
b5e4263195ff,12.906723,77.57351,theft,2017-08-08T10:48:00,Konanakunte
566daea62a6a,12.908461,77.580869,theft,2017-08-14T16:30:00,Konanakunte
2d5435962188,12.918711,77.58562,theft,2017-08-17T21:45:00,Konanakunte
6473c9f3051e,12.908113,77.581852,theft,2017-12-09T16:37:00,Konanakunte
8d7d7e3482ba,12.908681,77.594306,theft,2017-12-09T04:07:00,Konanakunte
2b50af3bc180,12.907103,77.581911,theft,2017-12-09T01:47:00,Konanakunte
8981739f133c,12.90719,77.54908,theft,2017-09-14T12:00:00,Konanakunte
144bc45a3d35,12.915587,77.576883,theft,2017-09-19T11:00:00,Konanakunte
8c605482f8d5,12.906872,77.570582,theft,2017-09-20T09:30:00,Konanakunte
9b0ef912f841,12.908553,77.581365,theft,2017-09-22T10:30:00,Konanakunte
e82fda285430,12.905497,77.573281,theft,2017-09-22T11:00:00,Konanakunte
c75317b41bd7,12.908448,77.588062,theft,2017-09-24T13:30:00,Konanakunte
bc4020528341,12.911939,77.594314,theft,2017-10-10T19:55:00,Konanakunte
d24edb6de5e4,12.898444,77.546274,theft,2017-10-15T10:30:00,Konanakunte
473930d57522,12.907051,77.582624,theft,2017-10-17T17:00:00,Konanakunte
19f8e4d4b9fe,12.887715,77.567398,theft,2017-10-26T12:00:00,Konanakunte
a5f71a30acd0,12.909989,77.585045,theft,2017-12-21T12:20:00,Konanakunte
5bb911565f43,12.909405,77.585278,theft,2017-12-21T12:40:00,Konanakunte
071f8cef7b7b,12.913899,77.592263,theft,2017-12-25T11:00:00,Konanakunte
f68a3ca8817c,12.913925,77.585697,theft,2017-12-27T12:00:00,Konanakunte
187995101da1,12.921753,77.58257,theft,2018-03-01T11:37:00,Konanakunte
a65f0e882554,12.911134,77.589347,theft,2018-04-01T00:30:00,Konanakunte
d3fb3aa8bab5,12.91116,77.582781,theft,2018-01-24T13:00:00,Konanakunte
f8427a90e1ac,12.917492,77.590566,theft,2018-01-24T15:00:00,Konanakunte
be5dedbaf41f,12.906723,77.57351,theft,2018-03-02T03:48:00,Konanakunte
f7b22b25d396,12.909398,77.574349,theft,2018-02-20T11:00:00,Konanakunte
65be2e497cc6,12.911796,77.582691,theft,2018-09-03T12:49:00,Konanakunte
19ce559e9f59,12.90845,77.574202,theft,2018-09-04T04:29:00,Konanakunte
632f79603653,12.910295,77.601432,theft,2018-05-30T19:00:00,Konanakunte
986462433511,12.903783,77.564933,theft,2018-03-06T23:23:00,Konanakunte
f7adec593a94,12.910934,77.576891,theft,2018-06-15T10:00:00,Konanakunte
3b830726936a,12.916478,77.590186,theft,2018-08-13T20:50:00,Konanakunte
13b7f66f9abf,12.916525,77.574865,theft,2018-07-09T02:10:00,Konanakunte
566d4a9cb845,12.906723,77.57351,theft,2018-09-10T12:03:00,Konanakunte
96be0a192997,12.913374,77.574403,theft,2018-07-11T13:53:00,Konanakunte
6e8fd632b2e3,12.912173,77.590494,theft,2018-12-16T15:00:00,Konanakunte
ba16b2169a12,12.91545,77.588667,theft,2018-12-29T13:00:00,Konanakunte
6777f0f6fa6c,12.914452,77.580104,theft,2019-01-18T12:00:00,Konanakunte
359ad713627f,12.909432,77.570654,theft,2019-12-02T10:26:00,Konanakunte
efc801ef22f3,12.909479,77.555333,theft,2019-02-13T18:00:00,Konanakunte
410ae8529f81,12.907725,77.597832,theft,2019-11-04T09:50:00,Konanakunte
5556b3bc7a15,12.906843,77.572815,theft,2019-04-06T17:05:00,Konanakunte
3e9a76e1ba08,12.919912,77.551078,theft,2019-07-06T14:52:00,Konanakunte
87d7323f41bc,12.911796,77.582691,theft,2019-08-16T09:10:00,Konanakunte
eec632717bb3,12.91549,77.594723,theft,2019-09-26T10:45:00,Konanakunte
4d53e516de78,12.910402,77.589069,theft,2019-10-24T18:00:00,Konanakunte
9ced39338899,12.915174,77.575377,theft,2019-06-11T09:36:00,Konanakunte
e61d5cabb361,12.91152,77.570878,theft,2019-11-25T21:15:00,Konanakunte
1fddfc338d62,12.914292,77.590983,theft,2019-12-29T04:30:00,Konanakunte
d6dfb3afb6cc,12.916786,77.560833,theft,2015-02-26T13:30:00,Konanakunte
b0f6817663aa,12.931156,77.576111,theft,2015-11-03T16:00:00,Konanakunte
adc8a3d002f0,12.929547,77.564167,theft,2015-04-23T14:00:00,Konanakunte
43f3d81ae2ae,12.925886,77.564167,theft,2015-06-23T17:30:00,Konanakunte
b6ba108b31eb,12.921722,77.573611,theft,2015-07-31T14:45:00,Konanakunte
c4d9244d460d,12.927933,77.565278,theft,2015-08-24T14:00:00,Konanakunte
f7ba27ea2842,12.922486,77.595,theft,2015-01-12T17:00:00,Konanakunte
78b550aacf9c,12.925589,77.563056,theft,2015-12-17T15:00:00,Konanakunte
8571d69817ce,12.923939,77.560556,theft,2016-03-24T12:00:00,Konanakunte
5a0bb72c7c1a,12.918542,77.571389,theft,2016-11-04T19:45:00,Konanakunte
26f0f92e0f9d,12.929453,77.573611,theft,2016-05-17T10:30:00,Konanakunte
85ba787bf86a,12.923939,77.560556,theft,2016-05-22T16:30:00,Konanakunte
4f614077e5ec,12.915697,77.558889,theft,2016-06-06T18:00:00,Konanakunte
e241e3e6661f,12.915697,77.558889,theft,2016-04-07T14:30:00,Konanakunte
67c3d7516156,12.916158,77.57,theft,2016-06-08T16:00:00,Konanakunte
7a4d9c4c31e7,12.915669,77.561667,theft,2016-08-25T18:00:00,Konanakunte
13441f49bab3,12.922794,77.571389,theft,2016-03-09T13:00:00,Konanakunte
0831127eb658,12.918372,77.566389,theft,2016-09-19T17:50:00,Konanakunte
750ce50c4f26,12.915656,77.561583,theft,2016-06-10T11:30:00,Konanakunte
7db002d7effb,12.929167,77.564153,theft,2016-07-10T10:30:00,Konanakunte
cc5ca403d43f,12.923481,77.554967,theft,2016-10-26T20:45:00,Konanakunte
7a5f07ee7502,12.929614,77.568164,theft,2016-10-17T17:20:00,Konanakunte
ddaaa0c9b580,12.926275,77.562333,theft,2016-10-31T17:00:00,Konanakunte
5a8e81a0c2ad,12.917519,77.573053,theft,2016-12-25T15:00:00,Konanakunte
82141209ef2c,12.920494,77.559969,theft,2017-01-28T21:00:00,Konanakunte
f00e9426885a,12.923644,77.573606,theft,2017-05-02T09:30:00,Konanakunte
57a59750faff,12.923208,77.569086,theft,2017-06-03T17:15:00,Konanakunte
6ac774b66756,12.87743,77.500191,theft,2017-09-03T14:40:00,Konanakunte
3d3d42a9f0c8,12.901045,77.564604,theft,2017-12-05T10:45:00,Konanakunte
7c24407e5f0e,12.922333,77.556306,theft,2017-05-29T15:00:00,Konanakunte
f6e2a3aac7fd,12.926356,77.576931,theft,2017-08-06T13:30:00,Konanakunte
15637b1b6b6c,12.925061,77.564661,theft,2017-09-06T16:00:00,Konanakunte
c4a3404d0d0b,12.927628,77.570539,theft,2017-06-16T15:30:00,Konanakunte
77aa961ef235,12.892744,77.56652,theft,2017-01-09T17:30:00,Konanakunte
5ef19ff00863,12.930739,77.576489,theft,2017-09-27T17:30:00,Konanakunte
08ea0fd588d9,12.893993,77.576147,theft,2017-04-10T18:30:00,Konanakunte
1c01e0230e4f,12.895818,77.559388,theft,2017-01-12T10:30:00,Konanakunte
ce3b23ce849d,12.9214,77.572903,theft,2017-05-12T14:00:00,Konanakunte
94e13af9d6f0,12.929653,77.572911,theft,2017-08-12T22:45:00,Konanakunte
b1b968edff04,12.92578,77.566693,theft,2018-07-29T11:45:00,Konanakunte
6822f2eb3ee9,12.91762,77.55959,theft,2018-09-21T15:00:00,Konanakunte
c0b68a96945f,12.896926,77.56056,theft,2018-11-21T11:00:00,Konanakunte
4110185040c4,12.886548,77.575701,theft,2018-11-23T13:30:00,Konanakunte
c59c61fbf694,12.94351,77.546,theft,2018-12-15T13:30:00,Konanakunte
8554783cedad,12.91191,77.56723,theft,2019-10-01T19:00:00,Konanakunte
9ea40b8dc1d0,12.927296,77.56474,theft,2019-01-02T15:45:00,Konanakunte
f6079d35ee7c,12.899929,77.575874,theft,2019-12-02T16:10:00,Konanakunte
aa53462b33c1,12.92666,77.54795,theft,2019-03-27T11:30:00,Konanakunte
dd6ee9486e3a,12.92199,77.5692,theft,2019-07-04T15:00:00,Konanakunte
4fef29eab656,12.88999,77.5614,theft,2019-04-20T12:00:00,Konanakunte
525a9201846e,12.97194,77.593689,theft,2019-04-24T11:00:00,Konanakunte
6e83c5a9f8db,12.92804,77.562111,theft,2019-11-08T17:30:00,Konanakunte
65840496bd80,12.92804,77.562111,theft,2019-12-08T11:45:00,Konanakunte
bb565f4cbde6,12.931156,77.576006,theft,2019-06-17T18:30:00,Konanakunte
1c3c0c8621a3,12.894601,77.567596,theft,2019-09-26T12:00:00,Konanakunte
30188d9c9b3c,12.91714,77.570906,theft,2019-10-17T11:00:00,Konanakunte
8eba1398c75f,12.942789,77.5632,theft,2019-12-15T12:15:00,Konanakunte
5351653cf070,12.942789,77.596405,theft,2015-08-01T09:30:00,Konanakunte
cf3738aff5d1,12.935919,77.585853,theft,2015-11-01T10:30:00,Konanakunte
e44965f41af9,12.935211,77.585661,theft,2015-01-15T12:30:00,Konanakunte
ff42bb43eb5d,12.952192,77.585083,theft,2015-01-18T18:30:00,Konanakunte
6a7c245d4cdd,12.942789,77.596405,theft,2015-01-21T16:30:00,Konanakunte
a3ef7065323e,12.943529,77.58517,theft,2015-01-21T18:00:00,Konanakunte
823763dc2b04,12.941945,77.585178,theft,2015-02-02T15:00:00,Konanakunte
c2c11706c849,12.936654,77.585267,theft,2015-02-20T23:00:00,Konanakunte
b7cc048ae308,12.943529,77.58517,theft,2015-03-16T19:00:00,Konanakunte
5aa26d6ed5a1,12.941945,77.585178,theft,2015-03-20T16:30:00,Konanakunte
704920c63bdc,12.941058,77.586061,theft,2015-03-24T18:00:00,Konanakunte
e1c3abae7daf,12.940924,77.580135,theft,2015-03-27T11:30:00,Konanakunte
e967421dda7e,12.952192,77.585083,theft,2015-10-04T13:30:00,Konanakunte
d86078856511,12.944089,77.597031,theft,2015-04-13T17:00:00,Konanakunte
a2a48e1aab6b,12.952192,77.585083,theft,2015-01-06T10:30:00,Konanakunte
1bc96fc5eb78,12.941116,77.587038,theft,2015-06-15T10:30:00,Konanakunte
22706d05ed93,12.939949,77.597681,theft,2015-06-24T14:00:00,Konanakunte
62b1eac14b5d,12.944009,77.59594,theft,2015-11-07T20:00:00,Konanakunte
a120cad4d45d,12.948133,77.580087,theft,2015-07-21T20:00:00,Konanakunte
8279daaf03f4,12.944045,77.597072,theft,2015-07-28T18:40:00,Konanakunte
6a9cd9ccfc0b,12.944045,77.597072,theft,2015-05-09T17:00:00,Konanakunte
cf5fa651c76a,12.951199,77.591267,theft,2015-06-09T10:00:00,Konanakunte
02b36ea1486d,12.944045,77.597072,theft,2015-09-28T13:00:00,Konanakunte
6e5d74b780cc,12.939261,77.585214,theft,2015-06-10T13:30:00,Konanakunte
3329f50ddab8,12.938621,77.580436,theft,2015-10-10T10:30:00,Konanakunte
f301d3f6dead,12.940924,77.580135,theft,2015-10-30T14:00:00,Konanakunte
1ac2174a81ea,12.941866,77.59739,theft,2015-11-14T06:00:00,Konanakunte
45eb3fdc2741,12.939172,77.594614,theft,2015-11-17T15:00:00,Konanakunte
733597f07575,12.944323,77.587775,theft,2015-11-24T19:00:00,Konanakunte
2d99e57993be,12.944045,77.597072,theft,2015-03-12T11:00:00,Konanakunte
29373d52a7c3,12.945061,77.585683,theft,2015-12-16T10:50:00,Konanakunte
773ea79994f7,12.940163,77.597572,theft,2015-12-29T19:40:00,Konanakunte
991b858703c3,12.950296,77.584509,theft,2016-01-27T10:30:00,Konanakunte
cc9e06c34a28,12.938784,77.593298,theft,2016-01-27T14:20:00,Konanakunte
e492434de737,12.942789,77.596405,theft,2016-06-02T21:30:00,Konanakunte
eb2f5c303ec7,12.938784,77.593298,theft,2016-08-02T14:00:00,Konanakunte
eee72627a97b,12.941866,77.59739,theft,2016-12-02T11:00:00,Konanakunte
a3ee2244e75c,12.944045,77.597072,theft,2016-03-24T18:20:00,Konanakunte
e4378831d09e,12.938889,77.582073,theft,2016-03-30T14:00:00,Konanakunte
4ac87169d57c,12.938784,77.593298,theft,2016-04-13T16:30:00,Konanakunte
960b82864bc0,12.951485,77.590503,theft,2016-01-05T23:30:00,Konanakunte
03822254223f,12.951485,77.590503,theft,2016-01-05T23:35:00,Konanakunte
a42a1c3bce0e,12.939261,77.585214,theft,2016-06-17T13:00:00,Konanakunte
c79d95e18540,12.946087,77.588063,theft,2016-06-19T17:00:00,Konanakunte
c79500e95af9,12.94296,77.585117,theft,2016-06-20T15:00:00,Konanakunte
2648eab0dd30,12.951485,77.590503,theft,2016-06-26T11:45:00,Konanakunte
255f2051f0fd,12.940373,77.58702,theft,2016-02-07T12:00:00,Konanakunte
6a3081456ed2,12.939543,77.584092,theft,2016-08-27T09:30:00,Konanakunte
1a5b1c877eaa,12.940163,77.597572,theft,2016-09-16T11:00:00,Konanakunte
92a915735baf,12.93455,77.588483,theft,2017-07-24T13:00:00,Konanakunte
c252bcf08a46,12.935164,77.592701,theft,2017-07-25T17:30:00,Konanakunte
344f44538e0c,12.947819,77.593877,theft,2017-10-19T18:40:00,Konanakunte
a75b3ca34ec7,12.953955,77.585205,theft,2017-10-27T12:30:00,Konanakunte
604c13ef42f6,12.941771,77.585065,theft,2017-07-11T15:00:00,Konanakunte
908323803ea6,12.947183,77.593819,theft,2018-12-07T13:00:00,Konanakunte
f18bc51a73c3,12.942983,77.583639,theft,2018-07-08T13:30:00,Konanakunte
4ee65aa50d95,12.94783,77.59203,theft,2019-04-15T13:00:00,Konanakunte
5a7784d25197,12.937991,77.598547,theft,2019-03-09T17:30:00,Konanakunte
1b4d52f3977f,12.951485,77.590503,theft,2019-09-21T20:00:00,Konanakunte
d5f6c4c26b28,12.940004,77.597646,theft,2019-10-25T13:30:00,Konanakunte
c2683936822e,12.880121,77.558533,theft,2015-01-29T23:45:00,Konanakunte
537666243dfc,12.907165,77.535915,theft,2015-02-02T12:30:00,Konanakunte
ac1f241f6964,12.882117,77.557294,theft,2015-02-21T16:15:00,Konanakunte
a5be6213002e,12.905722,77.535581,theft,2015-02-28T16:40:00,Konanakunte
0ddbd8b5fad5,12.90694,77.535621,theft,2015-03-15T17:30:00,Konanakunte
8f8f260e840c,12.913963,77.539326,theft,2015-03-23T18:00:00,Konanakunte
b9eb0f602044,12.880166,77.574977,theft,2015-06-22T18:50:00,Konanakunte
fb38fa5f81a8,12.913901,77.55882,theft,2015-03-07T10:45:00,Konanakunte
55838b626d49,12.882769,77.557563,theft,2015-01-10T18:40:00,Konanakunte
6b174abf83ad,12.906267,77.550575,theft,2015-10-17T10:45:00,Konanakunte
76491d4545ce,12.88858,77.561203,theft,2015-07-12T11:30:00,Konanakunte
8c3d44135d57,12.911476,77.540123,theft,2015-11-26T21:35:00,Konanakunte
a0cc2a9d6ded,12.883167,77.55774,theft,2015-05-12T23:10:00,Konanakunte
4dc6620bfeb1,12.906456,77.542538,theft,2015-07-12T18:30:00,Konanakunte
da691895c6f5,12.90471,77.544888,theft,2016-07-01T17:40:00,Konanakunte
f3b0354ebef0,12.915921,77.539574,theft,2016-01-14T12:21:00,Konanakunte
a068ca019cbd,12.882931,77.56709,theft,2016-01-21T20:58:00,Konanakunte
e8ba3ad88af5,12.886831,77.569929,theft,2016-02-23T23:15:00,Konanakunte
7a55f640e3de,12.892469,77.575408,theft,2016-12-03T22:50:00,Konanakunte
02a29bdf0009,12.888674,77.573122,theft,2016-03-30T08:40:00,Konanakunte
433eb5fa5f00,12.9066,77.537565,theft,2016-01-04T02:45:00,Konanakunte
672e1a1d82de,12.883141,77.564983,theft,2016-12-04T06:00:00,Konanakunte
7afde63e124b,12.894122,77.550707,theft,2016-07-05T11:06:00,Konanakunte
351419525baa,12.867172,77.5831,theft,2016-05-23T16:00:00,Konanakunte
ed675ecfde7d,12.909314,77.555266,theft,2016-05-23T16:30:00,Konanakunte
5c9d31282360,12.908622,77.555316,theft,2016-05-31T13:50:00,Konanakunte
28257730e7ff,12.905722,77.535581,theft,2016-08-29T20:00:00,Konanakunte
20642bb3bd7f,12.905195,77.544912,theft,2016-08-30T17:00:00,Konanakunte
fe0ef2eeb2e0,12.907957,77.536441,theft,2016-09-27T17:00:00,Konanakunte
90239b26af6d,12.87795,77.536441,theft,2016-06-10T18:30:00,Konanakunte
f83951eb7567,12.906267,77.550575,theft,2016-10-21T12:45:00,Konanakunte
43fc421cde8a,12.875476,77.570418,theft,2016-10-27T18:40:00,Konanakunte
b276c70367d1,12.90616,77.529827,theft,2016-12-27T10:40:00,Konanakunte
4878a02e358f,12.915647,77.539104,theft,2017-06-03T14:00:00,Konanakunte
7cb5eb67168a,12.895372,77.550324,theft,2017-04-04T18:00:00,Konanakunte
392d59f5e56c,12.883141,77.564983,theft,2017-06-14T13:45:00,Konanakunte
386a87f379a0,12.889924,77.5808,theft,2017-06-15T13:00:00,Konanakunte
e5737f2d0a71,12.904705,77.53011,theft,2017-06-16T11:30:00,Konanakunte
c15525744ec8,12.89977,77.548657,theft,2017-07-16T21:30:00,Konanakunte
b7cc1feb3c9e,12.914494,77.550214,theft,2017-07-19T10:00:00,Konanakunte
97460f47f843,12.882965,77.557359,theft,2017-07-25T15:45:00,Konanakunte
9d98469f8df5,12.905722,77.535581,theft,2017-07-29T10:30:00,Konanakunte
becbb8b430bd,12.908687,77.544119,theft,2017-09-14T02:41:00,Konanakunte
52b2dad13b13,12.883141,77.564983,theft,2017-08-16T14:00:00,Konanakunte
5a1ae50cc828,12.883766,77.568425,theft,2017-08-27T17:15:00,Konanakunte
b047dca8f1a7,12.913867,77.542839,theft,2017-05-09T01:31:00,Konanakunte
4f89b09943ab,12.909584,77.551597,theft,2017-05-10T22:30:00,Konanakunte
964ace8eaac3,12.883167,77.55774,theft,2017-11-30T11:30:00,Konanakunte
bca45883af6b,12.909121,77.551549,theft,2018-01-14T11:00:00,Konanakunte
3a215319801a,12.885666,77.553498,theft,2018-01-28T04:00:00,Konanakunte
4b1a35a7879e,12.905905,77.542732,theft,2018-06-02T01:30:00,Konanakunte
21dfa5b41d09,12.89977,77.548657,theft,2018-02-19T02:00:00,Konanakunte
3ec3de7f686e,12.898766,77.561033,theft,2018-02-20T11:00:00,Konanakunte
14510cbe4e95,12.876385,77.578353,theft,2018-03-05T04:45:00,Konanakunte
2f6185c44300,12.908096,77.548538,theft,2018-05-20T07:30:00,Konanakunte
a12fb051bac9,12.892469,77.575408,theft,2018-05-07T09:30:00,Konanakunte
6eb0390fe36d,12.891089,77.554977,theft,2018-07-17T08:20:00,Konanakunte
cac85d747658,12.915901,77.547469,theft,2018-03-08T05:30:00,Konanakunte
996a4d220281,12.895134,77.570279,theft,2018-07-08T12:00:00,Konanakunte
c580d2e6493e,12.905722,77.535581,theft,2018-01-10T01:11:00,Konanakunte
32f2440b7ab6,12.915921,77.539574,theft,2018-05-11T10:30:00,Konanakunte
5664f8470109,12.906572,77.546447,theft,2018-11-12T04:00:00,Konanakunte
7b17bd33cd86,12.882931,77.56709,theft,2019-01-24T06:30:00,Konanakunte
be2cd8a08e34,12.890226,77.573113,theft,2019-04-02T11:00:00,Konanakunte
f1d506ac327f,12.906982,77.552059,theft,2019-11-02T04:00:00,Konanakunte
11e231de5b7a,12.899001,77.544042,theft,2019-12-02T11:30:00,Konanakunte
75d311562a9d,12.906982,77.552059,theft,2019-12-02T09:45:00,Konanakunte
2c989b544151,12.909121,77.551549,theft,2019-05-24T05:00:00,Konanakunte
8fa82bef7d54,12.912424,77.548518,theft,2019-05-28T10:30:00,Konanakunte
5b90941c5515,12.905722,77.535581,theft,2019-05-07T11:50:00,Konanakunte
0e84f9d949dd,12.91209,77.546292,theft,2019-04-08T05:30:00,Konanakunte
e088ffb62cd1,12.9112,77.546707,theft,2019-12-09T02:00:00,Konanakunte
46071f59d2e1,12.913815,77.548619,theft,2019-09-14T07:00:00,Konanakunte
ae1a7802cacb,12.905722,77.535581,theft,2019-10-17T05:30:00,Konanakunte
a99e81cfb3ac,12.879085,77.56781,theft,2019-11-25T09:00:00,Konanakunte
e0de298a9f51,12.885537,77.542174,theft,2015-01-15T17:00:00,Konanakunte
1080ad98e4ba,12.898497,77.531456,theft,2015-01-21T12:00:00,Konanakunte
d9be1ff00b68,12.882547,77.531487,theft,2015-04-02T10:30:00,Konanakunte
c118c3d918a4,12.894879,77.531497,theft,2015-11-02T10:30:00,Konanakunte
b64f3f40132e,12.882457,77.534879,theft,2015-04-24T08:00:00,Konanakunte
0adeba10e555,12.894578,77.543257,theft,2015-06-16T10:00:00,Konanakunte
2b54dbcac1ca,12.883578,77.546789,theft,2015-06-21T11:30:00,Konanakunte
ef4fc3bc005a,12.897588,77.548791,theft,2015-08-27T20:10:00,Konanakunte
e48e3ec4f17a,12.887891,77.545712,theft,2015-08-28T13:45:00,Konanakunte
f6496d0de18d,12.882457,77.545721,theft,2015-07-10T19:00:00,Konanakunte
543a22075fb9,12.892457,77.565478,theft,2015-04-11T13:00:00,Konanakunte
ead7e3f25b45,12.882487,77.545321,theft,2015-04-11T13:00:00,Konanakunte
4f29935de478,12.875461,77.545211,theft,2015-11-28T11:00:00,Konanakunte
b774188811bb,12.887489,77.546881,theft,2015-12-21T15:00:00,Konanakunte
9bb6e2038f69,12.894781,77.546621,theft,2016-01-16T12:30:00,Konanakunte
ce1854454ca3,12.889541,77.546913,theft,2016-01-25T12:40:00,Konanakunte
44f23de7ab59,12.891231,77.543871,theft,2016-04-02T13:00:00,Konanakunte
4e5b4a3aa6ca,12.88381,77.546289,theft,2016-02-18T11:45:00,Konanakunte
3ddf364e7a1f,12.893471,77.552697,theft,2016-02-25T19:00:00,Konanakunte
7c40c49f0c1a,12.882138,77.542211,theft,2016-02-29T11:00:00,Konanakunte
4e8140c5949a,12.884451,77.546187,theft,2016-03-03T11:30:00,Konanakunte
7abf92d43ef1,12.872431,77.546971,theft,2016-03-20T19:00:00,Konanakunte
46f7fcca2761,12.88591,77.546978,theft,2016-03-22T14:30:00,Konanakunte
8c60fb008378,12.88112,77.54662,theft,2016-04-14T21:40:00,Konanakunte
549d0281e313,12.894257,77.54691,theft,2016-05-21T18:00:00,Konanakunte
face28e8b828,12.883891,77.5413,theft,2016-11-19T12:00:00,Konanakunte
602645e36fec,12.884496,77.541287,theft,2016-12-29T15:20:00,Konanakunte
b9d7a5ea2c41,12.875419,77.551481,theft,2017-01-29T22:30:00,Konanakunte
89ab389725cb,12.882148,77.545514,theft,2017-04-02T10:00:00,Konanakunte
1ccc3a43d0a8,12.885124,77.546871,theft,2017-02-21T14:30:00,Konanakunte
7a8d36e38f50,12.881133,77.541236,theft,2017-02-21T12:00:00,Konanakunte
38afe99a61d0,12.889457,77.541887,theft,2017-08-26T21:00:00,Konanakunte
13816cf1dfcc,12.881137,77.54461,theft,2017-10-26T15:15:00,Konanakunte
834b58d838c2,12.881497,77.54487,theft,2017-05-12T15:00:00,Konanakunte
7de7bcc8757e,12.88991,77.544001,theft,2017-05-12T16:30:00,Konanakunte
a6ec46c2315f,12.881128,77.541978,theft,2017-07-12T18:00:00,Konanakunte
5dc4de3ac07d,12.876128,77.546139,theft,2017-12-19T13:00:00,Konanakunte
90199703d369,12.881276,77.554612,theft,2018-05-01T21:00:00,Konanakunte
bb3b1d24526d,12.894257,77.55461,theft,2018-04-19T19:30:00,Konanakunte
596e35aeb5d4,12.894438,77.559917,theft,2018-02-05T10:15:00,Konanakunte
9dec535bdfea,12.884297,77.543971,theft,2018-06-20T13:00:00,Konanakunte
9de66ce9c037,12.894781,77.546913,theft,2018-10-29T14:00:00,Konanakunte
dec681cd1ff5,12.884331,77.549177,theft,2018-11-11T13:00:00,Konanakunte
6c5953b12b71,12.89771,77.551288,theft,2018-12-30T10:00:00,Konanakunte
b47ae0f9c194,12.886114,77.554697,theft,2018-06-07T18:30:00,Konanakunte
483b750be100,12.88921,77.546991,theft,2019-04-03T23:30:00,Konanakunte
dd35fe1948c2,12.879241,77.54813,theft,2019-06-27T14:30:00,Konanakunte
45ad5a40d6d8,12.88411,77.548118,theft,2019-08-13T17:00:00,Konanakunte
ec788fd5bad0,12.897001,77.55416,theft,2019-10-26T14:45:00,Konanakunte
5a692b0919e6,12.87161,77.54891,theft,2019-10-30T19:00:00,Konanakunte
1e5a610bb0be,12.861944,77.589989,theft,2017-07-01T12:30:00,Konanakunte
910bdca3f048,12.888968,77.568534,theft,2017-02-20T02:12:00,Konanakunte
17b4cb63fce4,12.852366,77.58176,theft,2017-02-28T14:33:00,Konanakunte
cb3717b84dbe,12.881514,77.565853,theft,2017-07-03T17:00:00,Konanakunte
bb2c60cc26a6,12.885954,77.575194,theft,2017-03-18T19:00:00,Konanakunte
ef985e3fb266,12.880369,77.575178,theft,2017-03-24T10:35:00,Konanakunte
3780a3b45332,12.88365,77.567108,theft,2017-03-27T18:16:00,Konanakunte
d9ad2039b016,12.899227,77.563312,theft,2017-06-04T21:56:00,Konanakunte
d15038cb22c3,12.88365,77.567108,theft,2017-04-20T23:57:00,Konanakunte
a870e48f4bae,12.88365,77.567108,theft,2017-04-20T16:00:00,Konanakunte
47b13616e925,12.889014,77.581716,theft,2017-02-07T13:40:00,Konanakunte
e2765d02e9d2,12.854933,77.588491,theft,2017-08-18T20:45:00,Konanakunte
bf31ea22471c,12.882116,77.574506,theft,2017-08-22T15:40:00,Konanakunte
f3cb0f3e0822,12.88207,77.57099,theft,2017-09-20T18:15:00,Konanakunte
640888abb936,12.884707,77.55162,theft,2017-06-10T18:25:00,Konanakunte
537fb5a57ee3,12.892301,77.570581,theft,2017-07-10T07:35:00,Konanakunte
3663d194cbd2,12.86121,77.579766,theft,2017-01-12T14:00:00,Konanakunte
7b32290f5d72,12.884707,77.55162,theft,2017-08-12T19:15:00,Konanakunte
27af8dcbecc7,12.884587,77.569498,theft,2018-01-14T10:00:00,Konanakunte
23b41cee5229,12.894305,77.571266,theft,2018-10-02T19:30:00,Konanakunte
6e4eb61d51dd,12.888657,77.573517,theft,2018-12-02T20:20:00,Konanakunte
b0175ab80912,12.883196,77.566016,theft,2018-02-14T11:30:00,Konanakunte
8d5ac9371abc,12.891883,77.5783,theft,2018-07-03T18:30:00,Konanakunte
efbd44a6dbfc,12.869362,77.581945,theft,2018-03-21T12:00:00,Konanakunte
c5bea494f9b1,12.88861,77.582243,theft,2018-05-05T04:35:00,Konanakunte
4e591ca94cf2,12.87046,77.557984,theft,2018-05-24T11:00:00,Konanakunte
4532a137cf1b,12.89046,77.567984,theft,2018-10-07T11:00:00,Konanakunte
f73f49f349d7,12.856442,77.589423,theft,2018-07-23T12:00:00,Konanakunte
a1fda2580a17,12.866,77.580872,theft,2018-10-30T19:05:00,Konanakunte
ae0a7c0c43ed,12.885353,77.567029,theft,2018-12-18T11:00:00,Konanakunte
bfc7c32f73a3,12.885016,77.577965,theft,2019-11-03T15:00:00,Konanakunte
17581ad3693c,12.885887,77.566884,theft,2019-04-21T14:00:00,Konanakunte
7539f4ff736c,12.884592,77.551678,theft,2019-03-07T19:00:00,Konanakunte
cb54756535d7,12.888167,77.570945,theft,2019-10-08T18:30:00,Konanakunte
118692ad735a,12.887851,77.573581,theft,2019-09-21T13:00:00,Konanakunte
015223b520d0,12.886114,77.582478,theft,2017-01-20T21:18:00,Konanakunte
831900eb9b15,12.907794,77.585681,theft,2017-05-09T20:33:00,Konanakunte
067bc0502799,12.90496,77.580906,theft,2017-06-04T10:53:00,Konanakunte
acce081ff234,12.895106,77.584717,theft,2017-07-03T12:46:00,Konanakunte
29a11f25c5f2,12.897886,77.572981,theft,2017-07-31T11:53:00,Konanakunte
3908e98ef6d4,12.888345,77.57237,theft,2017-08-18T04:16:00,Konanakunte
b7449cb447ee,12.886114,77.582478,theft,2017-09-02T23:19:00,Konanakunte
d16071febf55,12.887456,77.59245,theft,2017-09-27T08:45:00,Konanakunte
8e6329ae28fb,12.903939,77.582658,theft,2017-11-23T11:05:00,Konanakunte
2b4a0147bcc7,12.894797,77.581756,theft,2017-12-07T16:50:00,Konanakunte
76db0f02a851,12.893844,77.59875,theft,2018-01-09T18:25:00,Konanakunte
c848d2c31c42,12.887456,77.59245,theft,2018-05-29T15:43:00,Konanakunte
3d5433966172,12.894701,77.57372,theft,2018-06-15T22:57:00,Konanakunte
40c9f4f9395d,12.888006,77.571019,theft,2018-06-28T03:37:00,Konanakunte
8c08cbbe4cf1,12.902403,77.581975,theft,2018-07-19T10:32:00,Konanakunte
80ae4dfc9398,12.882375,77.595464,theft,2018-07-23T23:22:00,Konanakunte
ecee8720a47f,12.897033,77.570894,theft,2018-08-03T14:26:00,Konanakunte
6f0090aefebc,12.887456,77.59245,theft,2018-08-07T10:56:00,Konanakunte
7de0d036e720,12.904562,77.585546,theft,2018-08-24T18:49:00,Konanakunte
4330d282ca59,12.904194,77.573639,theft,2018-09-19T16:50:00,Konanakunte
e1c435017692,12.901281,77.581419,theft,2018-11-05T20:13:00,Konanakunte
8fbde988c091,12.894797,77.581756,theft,2018-11-19T17:27:00,Konanakunte
58f0a441a31b,12.893694,77.581685,theft,2019-01-05T18:46:00,Konanakunte
952c5ec55770,12.897033,77.570894,theft,2019-03-24T14:03:00,Konanakunte
51becd839b54,12.887456,77.59245,theft,2019-04-02T06:44:00,Konanakunte
0354fe32fbba,12.893844,77.59875,theft,2019-05-10T02:47:00,Konanakunte
d2250773e63b,12.905797,77.600328,theft,2019-06-15T08:07:00,Konanakunte
32cca52b1c01,12.887733,77.592453,theft,2019-08-10T19:44:00,Konanakunte
694687655900,12.897,77.571152,theft,2019-10-19T16:16:00,Konanakunte
f713afdf0444,12.890028,77.59122,theft,2019-11-16T16:32:00,Konanakunte
5fab2b57eb98,12.899697,77.571612,theft,2015-01-05T14:30:00,Konanakunte
31781c22fcfb,12.892813,77.56663,theft,2015-01-07T13:00:00,Konanakunte
0e18f890e238,12.892813,77.56663,theft,2015-01-14T11:30:00,Konanakunte
cac0b056f4f4,12.902083,77.558912,theft,2015-02-05T15:00:00,Konanakunte
b11b2bda6b54,12.892813,77.56663,theft,2015-03-18T19:20:00,Konanakunte
a09db1bdcd9a,12.916672,77.573455,theft,2015-03-20T10:40:00,Konanakunte
873c4f423625,12.912494,77.572406,theft,2015-03-23T10:00:00,Konanakunte
16f287072577,12.900893,77.569881,theft,2015-04-03T14:15:00,Konanakunte
320942d543ef,12.914207,77.561865,theft,2015-04-17T15:45:00,Konanakunte
d07918e10177,12.907695,77.571985,theft,2015-05-11T11:30:00,Konanakunte
659e8536c97e,12.913305,77.568035,theft,2015-05-21T10:00:00,Konanakunte
f9ccb0430e20,12.90849,77.559769,theft,2015-06-09T12:45:00,Konanakunte
5ef78353815f,12.892813,77.56663,theft,2015-06-19T11:30:00,Konanakunte
07b2178bb0c9,12.892813,77.56663,theft,2015-06-28T12:45:00,Konanakunte
cb06c5d55204,12.915572,77.573216,theft,2015-07-30T17:00:00,Konanakunte
5ba99c26656b,12.892813,77.56663,theft,2015-08-27T16:00:00,Konanakunte
67f368286bbe,12.896673,77.560751,theft,2015-09-01T15:00:00,Konanakunte
61ab752facd7,12.915572,77.573216,theft,2015-09-22T21:45:00,Konanakunte
492949fc8309,12.910745,77.561412,theft,2015-10-28T18:00:00,Konanakunte
b2159f35498c,12.892813,77.56663,theft,2015-12-04T15:30:00,Konanakunte
e70806e5a13c,12.909453,77.565095,theft,2015-12-08T10:00:00,Konanakunte
a0235380609e,12.902187,77.572624,theft,2015-12-16T10:10:00,Konanakunte
06eb58ea3d1c,12.907211,77.569758,theft,2016-01-14T13:00:00,Konanakunte
d0bbb7a1eb7f,12.916672,77.573455,theft,2016-01-25T10:30:00,Konanakunte
42f31078c0fe,12.901149,77.570647,theft,2016-03-02T21:30:00,Konanakunte
7fb58f4c88fc,12.905882,77.571481,theft,2016-07-02T21:15:00,Konanakunte
4d26608f917b,12.912418,77.564105,theft,2016-02-19T15:45:00,Konanakunte
a135f358f235,12.892813,77.56663,theft,2016-04-03T14:20:00,Konanakunte
7baf1fa84b1f,12.892813,77.56663,theft,2016-04-03T14:35:00,Konanakunte
17b41c3a2927,12.902187,77.572624,theft,2016-03-21T13:15:00,Konanakunte
9df93e4fbbdb,12.898557,77.569145,theft,2016-04-18T09:10:00,Konanakunte
a37a966c417d,12.900893,77.569881,theft,2016-04-22T05:02:00,Konanakunte
03bba71f3054,12.898241,77.558385,theft,2016-04-25T04:12:00,Konanakunte
6bd34204328c,12.902607,77.561489,theft,2016-05-16T20:00:00,Konanakunte
e80c050ab2c5,12.910618,77.566894,theft,2016-06-18T21:30:00,Konanakunte
e83c8a724ef5,12.907695,77.571985,theft,2016-06-26T10:00:00,Konanakunte
c80121d5fa99,12.892813,77.56663,theft,2016-11-07T13:30:00,Konanakunte
5d8ca88f5ccb,12.904526,77.566152,theft,2016-07-18T14:00:00,Konanakunte
d1cdbd42118a,12.90208,77.565152,theft,2016-09-28T17:30:00,Konanakunte
df62b8ae9b0e,12.902187,77.572624,theft,2016-07-10T14:00:00,Konanakunte
d9107202aca4,12.912418,77.564105,theft,2016-11-10T13:00:00,Konanakunte
2d3725251ef2,12.892813,77.56663,theft,2016-10-15T11:30:00,Konanakunte
49aa218cb270,12.90852,77.572527,theft,2016-10-21T23:40:00,Konanakunte
bd2326283c29,12.90852,77.572527,theft,2016-10-31T15:00:00,Konanakunte
315552bc102e,12.895284,77.566213,theft,2016-12-14T17:20:00,Konanakunte
c8297579d421,12.898359,77.561396,theft,2016-12-15T15:00:00,Konanakunte
c3449bf8bc25,12.892813,77.56663,theft,2016-12-23T14:00:00,Konanakunte
945736d89632,12.916672,77.573455,theft,2017-01-06T16:00:00,Konanakunte
35d92fc79add,12.892813,77.56663,theft,2017-01-12T14:15:00,Konanakunte
9d22d477cc6f,12.910822,77.568245,theft,2017-01-14T11:00:00,Konanakunte
e473d4320a42,12.907911,77.566737,theft,2017-01-15T16:00:00,Konanakunte
4fa840adf631,12.912494,77.572406,theft,2017-01-19T11:30:00,Konanakunte
c6e75d9ee17f,12.91142,77.562077,theft,2017-03-03T14:45:00,Konanakunte
be80523fa071,12.910822,77.568245,theft,2017-03-17T17:00:00,Konanakunte
a432ce7ee8de,12.892813,77.56663,theft,2017-03-24T22:15:00,Konanakunte
b7e27434fa81,12.892813,77.56663,theft,2017-04-07T03:00:00,Konanakunte
8bdef35c9d7e,12.898359,77.561396,theft,2017-04-11T14:00:00,Konanakunte
37429a34d407,12.916672,77.573455,theft,2017-04-28T16:00:00,Konanakunte
d91f1a9b54ec,12.910822,77.568245,theft,2017-06-13T17:31:00,Konanakunte
255801375d72,12.90852,77.572527,theft,2017-06-16T21:28:00,Konanakunte
dbd19b772c73,12.913305,77.568035,theft,2017-06-26T14:00:00,Konanakunte
94aeb8fccc0f,12.907695,77.571985,theft,2017-08-06T21:42:00,Konanakunte
a8c02fc01f64,12.915536,77.561626,theft,2017-09-08T02:53:00,Konanakunte
686f3aef2176,12.916672,77.573455,theft,2017-09-25T09:41:00,Konanakunte
aed1d104ca31,12.892813,77.56663,theft,2017-09-28T20:15:00,Konanakunte
01f400a98ce2,12.910936,77.56467,theft,2017-10-14T11:01:00,Konanakunte
6bc3af62260a,12.892813,77.56663,theft,2017-10-16T08:23:00,Konanakunte
d7ba078a71b2,12.916672,77.573455,theft,2017-11-03T02:55:00,Konanakunte
c7765b991f40,12.912494,77.572406,theft,2017-11-17T14:34:00,Konanakunte
1e177ae0b5a0,12.913305,77.568035,theft,2017-11-30T14:00:00,Konanakunte
901c7a5d346c,12.916672,77.568035,theft,2017-12-11T18:49:00,Konanakunte
fffbe6463874,12.916672,77.573455,theft,2017-12-16T07:25:00,Konanakunte
a365bb206e4d,12.910961,77.563952,theft,2017-12-25T09:00:00,Konanakunte
2809cb42a90f,12.892813,77.56663,theft,2018-02-13T09:00:00,Konanakunte
a2404325a480,12.916672,77.573455,theft,2018-04-01T16:39:00,Konanakunte
393919778c98,12.900893,77.569881,theft,2018-04-19T06:29:00,Konanakunte
0f010f423558,12.892719,77.566816,theft,2018-04-20T03:45:00,Konanakunte
06d13335f9a3,12.892813,77.56663,theft,2018-04-27T06:02:00,Konanakunte
baea022fcfef,12.892813,77.56663,theft,2018-05-04T00:35:00,Konanakunte
435377798cd1,12.916672,77.573455,theft,2018-06-22T04:00:00,Konanakunte
c559e4c03ff1,12.916672,77.573455,theft,2018-07-13T14:36:00,Konanakunte
653d7980e596,12.916672,77.573455,theft,2018-07-13T12:39:00,Konanakunte
f7794be1a3fe,12.910961,77.563952,theft,2018-07-27T07:04:00,Konanakunte
495bc5c8d224,12.916672,77.573455,theft,2018-08-04T08:00:00,Konanakunte
d7182450cfd7,12.906171,77.569846,theft,2018-08-09T03:34:00,Konanakunte
206aedd49ca0,12.892813,77.56663,theft,2018-08-26T01:39:00,Konanakunte
13dbe4306105,12.892813,77.56663,theft,2018-10-26T22:08:00,Konanakunte
a9c5e0f7d8ff,12.916672,77.573455,theft,2018-11-06T01:45:00,Konanakunte
26b324154b4a,12.916672,77.573455,theft,2018-11-15T13:03:00,Konanakunte
a4f55a3e3abe,12.910936,77.56467,theft,2018-12-06T22:00:00,Konanakunte
3af5807ebe94,12.899914,77.572491,theft,2018-12-08T12:30:00,Konanakunte
1eb8fceaa712,12.892813,77.56663,theft,2019-01-11T17:20:00,Konanakunte
d506aa7c5e71,12.916672,77.573455,theft,2019-01-22T17:30:00,Konanakunte
4188606fb666,12.892813,77.56663,theft,2019-01-23T17:00:00,Konanakunte
0fce100944ee,12.898359,77.561396,theft,2019-02-02T19:00:00,Konanakunte
2a8ee8956e9d,12.912494,77.572406,theft,2019-03-29T13:30:00,Konanakunte
f5ee3adecce7,12.906171,77.569846,theft,2019-05-17T11:30:00,Konanakunte
e5cc8882aed7,12.901535,77.562886,theft,2019-06-15T14:30:00,Konanakunte
5cf5ed8cae52,12.916672,77.573455,theft,2019-06-16T16:00:00,Konanakunte
b89f275db736,12.91366,77.565267,theft,2019-08-15T05:10:00,Konanakunte
b02dad4ce853,12.906171,77.569846,theft,2019-09-03T02:07:00,Konanakunte
f47df5c7cdf2,12.907341,77.572612,theft,2019-09-22T12:30:00,Konanakunte
63c362a13dfd,12.890344,77.564278,theft,2019-11-02T12:45:00,Konanakunte
4366008837dd,12.915667,77.561565,theft,2019-11-15T12:45:00,Konanakunte
8f686751a8f8,12.912494,77.572406,theft,2019-11-19T11:45:00,Konanakunte
08e96ad209c7,12.898598,77.556898,theft,2019-11-23T19:30:00,Konanakunte
40da887e93cb,12.887991,77.572697,theft,2015-10-06T12:31:00,Konanakunte
7586388917a6,12.940137,77.540757,theft,2015-06-20T19:00:00,Konanakunte
7f4c71e51fec,12.933405,77.537907,theft,2015-07-13T11:30:00,Konanakunte
3bf72196064f,12.932997,77.535741,theft,2015-07-27T12:30:00,Konanakunte
64f4161f1d87,12.887294,77.575412,theft,2015-10-22T11:30:00,Konanakunte
4f4bc0925cee,12.938936,77.555474,theft,2015-01-11T05:15:00,Konanakunte
8c933d511bf1,12.898275,77.559845,theft,2015-07-11T01:41:00,Konanakunte
12d3204e60dc,12.930253,77.539685,theft,2015-11-11T15:37:00,Konanakunte
c2a057ec312d,12.93719,77.539685,theft,2016-02-17T18:30:00,Konanakunte
1c35522a93f4,12.929235,77.534782,theft,2016-03-28T11:30:00,Konanakunte
66eb276a164b,12.941071,77.545496,theft,2016-06-30T11:45:00,Konanakunte
15d01e1f2d21,12.928816,77.545496,theft,2016-11-08T01:01:00,Konanakunte
d98325f6fd33,12.898786,77.570084,theft,2016-10-13T23:00:00,Konanakunte
ec2864e6c119,12.934489,77.535962,theft,2016-12-13T11:00:00,Konanakunte
fbe3fac37370,12.889795,77.573717,theft,2016-12-28T13:15:00,Konanakunte
80f376225a62,12.95142,77.558217,theft,2019-12-30T01:30:00,Puttenahalli
1b948d7b2cc3,12.95481,77.567816,theft,2015-05-03T20:25:00,Puttenahalli
5475f8c2a662,12.955014,77.570221,theft,2015-07-16T20:45:00,Puttenahalli
d0ac1bed846d,12.95682,77.56796,theft,2015-08-27T15:00:00,Puttenahalli
219b78aa5a8b,12.955688,77.56907,theft,2015-09-15T07:30:00,Puttenahalli
01753e260c7c,12.898222,77.571165,theft,2015-09-21T15:00:00,Puttenahalli
455988f9273e,12.95682,77.56796,theft,2015-07-10T12:15:00,Puttenahalli
7aadc06096fa,12.95682,77.56796,theft,2015-11-10T15:00:00,Puttenahalli
f01c8b267b8d,12.951764,77.568407,theft,2015-10-30T17:30:00,Puttenahalli
759d99175d39,12.94951,77.5674,theft,2016-02-19T12:30:00,Puttenahalli
6550acfc3487,12.95682,77.56796,theft,2016-07-20T15:00:00,Puttenahalli
0baaa506aa41,12.893736,77.570678,theft,2017-01-28T10:15:00,Puttenahalli
953a65f10219,12.95682,77.56796,theft,2017-03-17T14:30:00,Puttenahalli
325625fdfa96,12.95289,77.57194,theft,2017-05-08T12:30:00,Puttenahalli
962026497555,12.95682,77.56796,theft,2017-11-19T18:00:00,Puttenahalli
c849985bac95,12.94946,77.5713,theft,2017-11-26T17:15:00,Puttenahalli
0b4d354a4d13,12.94946,77.5713,theft,2018-05-06T11:00:00,Puttenahalli
d495e8b74c90,12.95722,77.57187,theft,2018-11-29T15:00:00,Puttenahalli
bb9cc81b7d7e,12.950731,77.568905,theft,2019-12-06T11:45:00,Puttenahalli
34a4df693906,12.951548,77.575554,theft,2015-06-07T16:30:00,Puttenahalli
6f0a2f08e588,12.95962,77.572266,theft,2015-05-07T15:00:00,Puttenahalli
487b1bfda046,12.960463,77.571372,theft,2015-08-01T19:00:00,Puttenahalli
1e6952e6af2f,12.954326,77.579097,theft,2015-01-17T10:30:00,Puttenahalli
d69a922ebb6a,12.958829,77.570071,theft,2015-09-21T12:00:00,Puttenahalli
5bef58e51fa0,12.952254,77.577034,theft,2015-05-19T09:00:00,Puttenahalli
b41fea035a47,12.958829,77.570071,theft,2015-05-19T17:50:00,Puttenahalli
78af7780c0de,12.958829,77.570071,theft,2015-09-25T12:10:00,Puttenahalli
54bb243a56c9,12.962152,77.571578,theft,2015-06-17T21:15:00,Puttenahalli
e17088314dfb,12.962568,77.571112,theft,2015-01-08T21:30:00,Puttenahalli
3f409e55dad5,12.951484,77.574778,theft,2015-07-23T12:00:00,Puttenahalli
886c7c1ae998,12.952379,77.579864,theft,2015-10-10T11:30:00,Puttenahalli
aca51a24dd31,12.952067,77.579281,theft,2015-04-08T15:30:00,Puttenahalli
66d30d435c1d,12.949254,77.573875,theft,2015-06-20T12:10:00,Puttenahalli
3ed0745c20d9,12.948643,77.575867,theft,2015-11-01T10:30:00,Puttenahalli
6db30c835917,12.957286,77.570095,theft,2015-04-18T14:30:00,Puttenahalli
c751f426c35c,12.951266,77.577439,theft,2015-05-04T16:00:00,Puttenahalli
1085fe1df1f0,12.951266,77.577439,theft,2015-04-01T13:45:00,Puttenahalli
5d1cfc763501,12.963508,77.573711,theft,2015-05-01T11:30:00,Puttenahalli
a16113b8aea5,12.951266,77.577439,theft,2015-05-01T12:30:00,Puttenahalli
58fbdf90db4d,12.950726,77.576926,theft,2015-10-01T17:00:00,Puttenahalli
352e51ca14a0,12.954782,77.577846,theft,2015-11-01T11:00:00,Puttenahalli
0f65ff856432,12.950726,77.576926,theft,2015-11-01T13:45:00,Puttenahalli
85650e8a73ba,12.950726,77.576926,theft,2015-11-01T22:30:00,Puttenahalli
b4626126e37f,12.950726,77.576926,theft,2015-12-01T20:45:00,Puttenahalli
3eff2081c9c2,12.950726,77.576926,theft,2015-12-01T12:45:00,Puttenahalli
50e1132ad292,12.950726,77.576926,theft,2015-12-01T13:30:00,Puttenahalli
77212cc674d0,12.950726,77.576926,theft,2015-12-01T15:00:00,Puttenahalli
b8a4039ff6a3,12.957085,77.578979,theft,2015-11-01T15:15:00,Puttenahalli
c62886a1f24c,12.957085,77.578979,theft,2015-12-01T15:30:00,Puttenahalli
6ed49e4571c9,12.956739,77.57548,theft,2015-02-28T18:10:00,Puttenahalli
3e8ef607f0ed,12.964347,77.573164,theft,2015-09-02T08:30:00,Puttenahalli
fa9776cb754d,12.962661,77.570267,theft,2015-04-21T14:30:00,Puttenahalli
9605f5ac2500,12.953332,77.57621,theft,2015-08-15T22:30:00,Puttenahalli
fee83f85236d,12.950762,77.578107,theft,2015-02-03T06:30:00,Puttenahalli
4513082764e0,12.951675,77.577141,theft,2015-03-27T21:29:00,Puttenahalli
d18fedfb9d2f,12.961402,77.572058,theft,2015-02-04T13:30:00,Puttenahalli
3ef0176360c2,12.955689,77.573887,theft,2015-04-13T20:30:00,Puttenahalli
cd815521d4d5,12.95685,77.573805,theft,2015-11-23T15:00:00,Puttenahalli
3ee463bdf291,12.956738,77.57548,theft,2015-04-07T16:00:00,Puttenahalli
6f01cc6e2592,12.959559,77.570685,theft,2015-08-18T15:45:00,Puttenahalli
d3a284ff922d,12.948463,77.575679,theft,2015-12-23T19:00:00,Puttenahalli
884acb696852,12.952742,77.576388,theft,2015-02-18T20:30:00,Puttenahalli
58b269450e23,12.951266,77.577439,theft,2015-08-02T20:30:00,Puttenahalli
a3bbf5991a89,12.95685,77.573805,theft,2015-11-09T11:00:00,Puttenahalli
b80727e00026,12.952379,77.579866,theft,2015-12-17T10:30:00,Puttenahalli
1a3947f20495,12.950668,77.577766,theft,2015-09-17T21:00:00,Puttenahalli
1a0bd27de5e7,12.951266,77.577439,theft,2015-08-10T21:00:00,Puttenahalli
9e6e3c957d83,12.951266,77.575554,theft,2015-10-26T17:00:00,Puttenahalli
6949264ef194,12.962991,77.572155,theft,2015-02-22T07:00:00,Puttenahalli
1a3c32439d65,12.956738,77.57548,theft,2015-06-17T12:30:00,Puttenahalli
2bde2565139d,12.952612,77.5765,theft,2015-08-12T11:30:00,Puttenahalli
0eaff361973f,12.956738,77.57548,theft,2015-11-12T15:00:00,Puttenahalli
a5e7597f6cd6,12.951918,77.577217,theft,2015-07-24T11:00:00,Puttenahalli
ed7eb24f3b5b,12.951266,77.577439,theft,2016-11-01T13:00:00,Puttenahalli
2c7dabcf06f2,12.952067,77.579281,theft,2016-02-08T10:15:00,Puttenahalli
8edb14fe8bc5,12.951918,77.577217,theft,2016-01-02T12:30:00,Puttenahalli
563a8856c0c3,12.963285,77.57056,theft,2016-07-02T17:30:00,Puttenahalli
fa79938d4601,12.960463,77.571372,theft,2016-09-06T18:45:00,Puttenahalli
f25f7cd8f2ba,12.895438,77.579453,theft,2016-12-11T11:45:00,Puttenahalli
93117e0d1f57,12.948645,77.578162,theft,2016-09-01T12:00:00,Puttenahalli
9ddc98ce11b3,12.952132,77.577152,theft,2016-11-19T11:30:00,Puttenahalli
716ba59de843,12.950668,77.577766,theft,2016-08-05T14:30:00,Puttenahalli
dfe5c9367b17,12.952742,77.576388,theft,2016-09-27T16:00:00,Puttenahalli
45b4551b2569,12.951134,77.577472,theft,2016-02-12T14:30:00,Puttenahalli
71ca7b063634,12.951548,77.575554,theft,2016-12-07T11:30:00,Puttenahalli
78a4e001e54c,12.951904,77.577052,theft,2016-04-08T14:10:00,Puttenahalli
f48cad6177f4,12.951548,77.575554,theft,2016-04-04T15:00:00,Puttenahalli
6f3ef65f797e,12.951942,77.577579,theft,2016-02-15T18:30:00,Puttenahalli
f85b5e6202f6,12.951548,77.577913,theft,2016-12-01T17:00:00,Puttenahalli
b6b2f00031cc,12.951266,77.577439,theft,2016-03-13T13:30:00,Puttenahalli
a3dd0f08675b,12.959665,77.570406,theft,2016-03-17T21:30:00,Puttenahalli
23c070273dff,12.958829,77.570071,theft,2016-06-16T11:45:00,Puttenahalli
19357d718308,12.955159,77.573899,theft,2016-08-12T11:00:00,Puttenahalli
54ae91e6d6e3,12.963637,77.571072,theft,2016-03-05T18:15:00,Puttenahalli
c5ee2917332a,12.95962,77.572266,theft,2016-01-26T18:30:00,Puttenahalli
a01c6778437b,12.951284,77.577454,theft,2016-07-26T20:40:00,Puttenahalli
c3d46484416c,12.950726,77.576926,theft,2016-01-28T16:30:00,Puttenahalli
5fc891ccab56,12.960783,77.568795,theft,2016-04-07T14:00:00,Puttenahalli
7392fcd64c91,12.954542,77.57479,theft,2016-11-25T13:00:00,Puttenahalli
3f18040c1d7e,12.960783,77.568765,theft,2017-08-23T14:10:00,Puttenahalli
06aa25922d1d,12.963921,77.571623,theft,2017-10-15T11:30:00,Puttenahalli
38d63be25bbd,12.949273,77.577578,theft,2017-06-02T19:55:00,Puttenahalli
3c6de01ecc19,12.963285,77.57056,theft,2017-12-02T06:00:00,Puttenahalli
9f4b35abcbe4,12.95685,77.573805,theft,2017-07-21T12:30:00,Puttenahalli
e9c00d04d6e8,12.950406,77.574966,theft,2017-05-11T18:00:00,Puttenahalli
22b8c0eea30a,12.957376,77.571432,theft,2017-05-01T17:00:00,Puttenahalli
dc779c83f0d4,12.948547,77.578779,theft,2017-08-12T15:00:00,Puttenahalli
653d4ad449ff,12.954718,77.579119,theft,2017-06-09T16:00:00,Puttenahalli
7b59bb08e559,12.956833,77.574449,theft,2017-07-10T17:30:00,Puttenahalli
f4552fee204d,12.950998,77.578535,theft,2017-11-17T21:00:00,Puttenahalli
91d88d9f4c11,12.951134,77.577472,theft,2017-04-15T09:45:00,Puttenahalli
5443f4eee15c,12.948463,77.575679,theft,2017-09-09T09:00:00,Puttenahalli
f3e87e7445c1,12.963921,77.571623,theft,2017-05-20T12:00:00,Puttenahalli
1c48186757b6,12.949692,77.57486,theft,2017-03-19T09:30:00,Puttenahalli
9a3514d47f13,12.956744,77.574427,theft,2018-02-01T17:00:00,Puttenahalli
08ce0ec84cdc,12.956833,77.574449,theft,2018-12-05T13:00:00,Puttenahalli
514c376fca26,12.948703,77.578742,theft,2018-10-17T10:15:00,Puttenahalli
820592b6f01f,12.948703,77.578742,theft,2018-05-02T12:00:00,Puttenahalli
2c72bc357f9f,12.948703,77.578742,theft,2018-01-03T20:00:00,Puttenahalli
d4f3e4d55b64,12.954542,77.57479,theft,2018-11-04T20:50:00,Puttenahalli
5cccc4040ab7,12.954853,77.574849,theft,2018-01-06T17:10:00,Puttenahalli
986a986d447b,12.950785,77.576837,theft,2018-09-06T20:30:00,Puttenahalli
be7df4ce926e,12.954542,77.57479,theft,2018-05-22T19:00:00,Puttenahalli
75f2f510a598,12.952254,77.577034,theft,2018-06-08T10:15:00,Puttenahalli
d80c7d79060e,12.951266,77.577439,theft,2018-01-09T21:30:00,Puttenahalli
1f8cb8507aad,12.958015,77.569486,theft,2018-07-28T15:00:00,Puttenahalli
2c67c99c844e,12.951904,77.577052,theft,2018-09-03T12:00:00,Puttenahalli
e4cde83faaae,12.951548,77.575554,theft,2019-02-14T07:30:00,Puttenahalli
ca75c22f5c7e,12.955159,77.573938,theft,2019-03-05T11:30:00,Puttenahalli
8c37dde05ef4,12.962566,77.571605,theft,2019-08-06T10:15:00,Puttenahalli
3a712ef43643,12.952048,77.577145,theft,2019-12-08T11:30:00,Puttenahalli
7d854f103efd,12.960285,77.572617,theft,2019-12-10T19:00:00,Puttenahalli
62ac164c4487,12.94103,77.5482,theft,2015-02-02T20:45:00,Puttenahalli
fa4e55a241b2,12.938832,77.55328,theft,2015-02-19T16:15:00,Puttenahalli
b4559d7a2f21,12.934955,77.566136,theft,2015-12-03T12:30:00,Puttenahalli
d66f36f5de27,12.94103,77.5482,theft,2015-01-04T12:00:00,Puttenahalli
bffd4b4929f5,12.938832,77.55328,theft,2015-11-04T19:00:00,Puttenahalli
d135296a9ec4,12.938832,77.55328,theft,2015-12-05T14:15:00,Puttenahalli
36b3889c1a21,12.938832,77.55328,theft,2015-05-20T16:45:00,Puttenahalli
995c199cee82,12.938822,77.55128,theft,2015-08-08T21:30:00,Puttenahalli
bbb7122aa8c3,12.938102,77.55128,theft,2015-08-31T20:25:00,Puttenahalli
2507baddcba0,12.948832,77.55328,theft,2015-09-22T13:00:00,Puttenahalli
b1393c3e9ef5,12.938722,77.55128,theft,2015-08-10T03:00:00,Puttenahalli
59cfca8d144b,12.938832,77.55328,theft,2015-08-11T00:00:00,Puttenahalli
94ecbeab1d70,12.938832,77.55328,theft,2015-04-12T10:20:00,Puttenahalli
010a493ad42c,12.938822,77.55328,theft,2015-08-12T17:00:00,Puttenahalli
f97f7919d32b,12.938822,77.55328,theft,2015-12-29T18:30:00,Puttenahalli
29b713b5f236,12.938822,77.55328,theft,2016-08-01T11:00:00,Puttenahalli
0e67cecb3d59,12.938822,77.55328,theft,2016-01-25T22:30:00,Puttenahalli
d1207ca91d2d,12.938822,77.55328,theft,2016-01-28T16:00:00,Puttenahalli
f2f46be485e9,12.938832,77.55328,theft,2016-02-20T11:15:00,Puttenahalli
ae76b58c3577,12.938832,77.55328,theft,2016-02-29T10:30:00,Puttenahalli
596d37903673,12.937832,77.55328,theft,2016-12-03T11:10:00,Puttenahalli
5a79d36d7ac1,12.937832,77.55329,theft,2016-05-26T13:00:00,Puttenahalli
c676a5c0f438,12.937832,77.55329,theft,2016-05-30T20:30:00,Puttenahalli
e8f26dd3f40e,12.938102,77.55128,theft,2016-08-20T15:00:00,Puttenahalli
f8ee8687b7bc,12.94103,77.5482,theft,2016-09-22T17:00:00,Puttenahalli
0395c3d59a87,12.94103,77.5482,theft,2016-11-24T14:30:00,Puttenahalli
47a579a22a51,12.94103,77.5482,theft,2016-12-27T10:30:00,Puttenahalli
24becb6262f3,12.934955,77.566136,theft,2017-09-01T15:30:00,Puttenahalli
0f3e20c069e2,12.934955,77.566136,theft,2017-10-01T16:00:00,Puttenahalli
ba26fe96a0de,12.934855,77.566137,theft,2017-01-23T21:00:00,Puttenahalli
873dbce75889,12.934955,77.566138,theft,2017-08-02T17:00:00,Puttenahalli
6ae231535a4c,12.934955,77.566139,theft,2017-02-20T14:30:00,Puttenahalli
572d714cdb41,12.934955,77.56614,theft,2017-02-25T21:20:00,Puttenahalli
f29088210793,12.94103,77.5482,theft,2017-01-04T10:30:00,Puttenahalli
ba18a4e436df,12.934955,77.566138,theft,2017-10-06T19:00:00,Puttenahalli
1731cab32942,12.94103,77.5482,theft,2017-06-30T03:00:00,Puttenahalli
efd01b60ea09,12.94103,77.5482,theft,2017-07-08T16:30:00,Puttenahalli
2e882a9dd999,12.934955,77.566138,theft,2017-10-11T07:30:00,Puttenahalli
54e3ca66601b,12.94103,77.5482,theft,2017-12-16T15:00:00,Puttenahalli
bdbfc9510a7d,12.94103,77.5482,theft,2018-01-26T13:45:00,Puttenahalli
ecf76f04f269,12.934955,77.566138,theft,2018-02-22T15:30:00,Puttenahalli
4c11d021bd84,12.94103,77.5482,theft,2018-06-20T14:00:00,Puttenahalli
74e2b375e011,12.937832,77.55328,theft,2018-12-08T23:30:00,Puttenahalli
185ca3add055,12.94103,77.5482,theft,2018-09-10T09:45:00,Puttenahalli
d6b3d91f4770,12.937932,77.55328,theft,2018-10-18T13:15:00,Puttenahalli
9b864e31426e,12.934955,77.566138,theft,2019-03-15T18:00:00,Puttenahalli
b8aab1f020ba,12.934955,77.566138,theft,2019-08-04T21:15:00,Puttenahalli
a6a1bb3dd24a,12.94103,77.5482,theft,2019-07-05T13:15:00,Puttenahalli
b66a5c90f8a1,12.934955,77.566138,theft,2019-05-21T19:00:00,Puttenahalli
002735a8df7a,12.94103,77.5482,theft,2019-01-06T23:30:00,Puttenahalli
c9ba7deeff95,12.934955,77.566138,theft,2019-10-10T18:00:00,Puttenahalli
36ea6ecbd79f,12.94103,77.5482,theft,2019-11-26T10:30:00,Puttenahalli
10c7327470d3,12.934955,77.566138,theft,2019-11-27T20:00:00,Puttenahalli
ac773b7817e2,12.926291,77.547338,theft,2015-02-01T19:00:00,Puttenahalli
f8fa5472db53,12.934434,77.56055,theft,0201-02-12T15:25:00,Puttenahalli
de469724c355,12.928179,77.55161,theft,2015-02-18T09:00:00,Puttenahalli
7c17743b6fdf,12.928197,77.550652,theft,2015-03-24T15:20:00,Puttenahalli
a5d3e3f1b316,12.935006,77.543755,theft,2015-10-04T11:00:00,Puttenahalli
c2385b9c430a,12.930121,77.560592,theft,2015-04-24T11:00:00,Puttenahalli
0e03a90fa664,12.946995,77.552044,theft,2015-05-21T15:00:00,Puttenahalli
13ed5504a130,12.930147,77.560524,theft,2015-06-17T21:00:00,Puttenahalli
903cb76c45c7,12.923311,77.549288,theft,2015-06-22T18:00:00,Puttenahalli
bcdd7e924d7f,12.934049,77.548061,theft,2015-07-21T12:45:00,Puttenahalli
fc95b80081dd,12.928378,77.556654,theft,2015-06-09T09:00:00,Puttenahalli
7911271e3fc3,12.921303,77.549263,theft,2015-09-21T12:30:00,Puttenahalli
d79732933037,12.925561,77.554801,theft,2016-02-24T11:00:00,Puttenahalli
da3f6814db85,12.926701,77.56077,theft,2016-05-26T22:42:00,Puttenahalli
a591a7fd1120,12.930108,77.560549,theft,2016-06-23T11:00:00,Puttenahalli
547b86b23bdc,12.923209,77.550565,theft,2016-08-11T15:30:00,Puttenahalli
d6ed4912a3e7,12.904879,77.565811,theft,2016-07-12T12:00:00,Puttenahalli
3197f1f7fe06,12.923029,77.553841,theft,2016-10-12T14:45:00,Puttenahalli
1d157892eaf9,12.930108,77.560549,theft,2017-01-16T17:00:00,Puttenahalli
6d3886dfeeca,12.930108,77.560549,theft,2017-01-18T12:30:00,Puttenahalli
29df8f026db3,12.930106,77.555115,theft,2017-01-22T15:30:00,Puttenahalli
a46eb08166a9,12.925223,77.550043,theft,2017-05-04T23:15:00,Puttenahalli
a9c3d477380e,12.925255,77.550376,theft,2017-04-27T14:45:00,Puttenahalli
afcb6a02a215,12.934218,77.553412,theft,2017-05-05T06:40:00,Puttenahalli
f9812c7f52de,12.928742,77.556882,theft,2017-08-19T10:30:00,Puttenahalli
788af9ae1474,12.92286,77.543799,theft,2017-08-20T06:30:00,Puttenahalli
84a1f45a7d0b,12.93079,77.774284,theft,2017-08-22T09:30:00,Puttenahalli
3de046b49c44,12.894343,77.575962,theft,2017-01-09T03:30:00,Puttenahalli
7dc33c7e4049,12.922719,77.559596,theft,2017-09-13T10:15:00,Puttenahalli
773e2a56a6d0,12.926616,77.551001,theft,2017-10-06T01:15:00,Puttenahalli
8bcd5526bd66,12.929455,77.55393,theft,2017-06-16T03:00:00,Puttenahalli
e3c6e98aa42e,12.928169,77.556016,theft,2017-09-19T12:45:00,Puttenahalli
da6f869bc275,12.924486,77.55189,theft,2017-09-24T10:00:00,Puttenahalli
dc60e4b6389a,12.922643,77.532899,theft,2017-09-24T02:30:00,Puttenahalli
2fb28a36ba51,12.923575,77.553426,theft,2017-09-27T10:00:00,Puttenahalli
bb1d7933d0ab,12.928425,77.555103,theft,2017-04-10T08:08:00,Puttenahalli
12a303ded821,12.932863,77.556597,theft,2017-12-10T05:10:00,Puttenahalli
302aec0734be,12.919271,77.539332,theft,2017-08-11T21:55:00,Puttenahalli
970b6c4f519f,12.934249,77.560608,theft,2017-11-24T10:30:00,Puttenahalli
0242fae1ebd2,12.925357,77.551042,theft,2017-11-26T11:15:00,Puttenahalli
0ec47f06c923,12.924286,77.549405,theft,2017-12-11T21:32:00,Puttenahalli
49364fda481f,12.926615,77.559433,theft,2018-01-18T03:30:00,Puttenahalli
02d3af15543a,12.922988,77.543718,theft,2018-01-23T07:00:00,Puttenahalli
1cd0dc3bc874,12.928717,77.546084,theft,2018-03-02T03:44:00,Puttenahalli
683ed4d377ad,12.925671,77.548944,theft,2018-02-22T03:30:00,Puttenahalli
ba0628f92c64,12.925293,77.549804,theft,2018-02-24T02:00:00,Puttenahalli
319a22ed2b18,12.926135,77.550311,theft,2018-03-21T10:50:00,Puttenahalli
ca30e83eb89e,12.932048,77.549266,theft,2018-08-17T07:30:00,Puttenahalli
b8e64ec9ecd3,12.928496,77.545938,theft,2018-08-23T09:15:00,Puttenahalli
40925b623f08,12.919309,77.53946,theft,2018-08-29T12:15:00,Puttenahalli
02df8448db3f,12.904577,77.566422,theft,2018-08-31T10:30:00,Puttenahalli
c1bcc14aa954,12.898103,77.582963,theft,2018-06-09T03:17:00,Puttenahalli
ee5392eca10b,12.904272,77.583773,theft,2018-08-09T11:20:00,Puttenahalli
873dfa90c579,12.930316,77.553379,theft,2018-04-10T07:53:00,Puttenahalli
ed1438323eed,12.923881,77.553337,theft,2018-11-22T11:50:00,Puttenahalli
0630120d7611,12.921312,77.548304,theft,2018-07-12T21:00:00,Puttenahalli
d2e829718116,12.923268,77.547984,theft,2018-12-17T05:30:00,Puttenahalli
ee1cb1b047ad,12.928504,77.562012,theft,2019-02-22T06:37:00,Puttenahalli
3c0a292d9cca,12.923777,77.553303,theft,2019-02-27T10:00:00,Puttenahalli
d156ad765b78,12.929218,77.552071,theft,2019-07-04T03:20:00,Puttenahalli
5dff1a54f036,12.924268,77.551878,theft,2019-05-27T02:00:00,Puttenahalli
e7211754d3d2,12.93263,77.556518,theft,2019-09-07T10:34:00,Puttenahalli
416d662d94d2,12.903007,77.580976,kidnapping,2016-02-24T13:30:00,Puttenahalli
3ba46319e7a7,12.926974,77.576626,kidnapping,2016-01-09T12:35:00,Puttenahalli
06e429d45979,12.919712,77.575901,kidnapping,2017-09-01T11:20:00,Puttenahalli
141f91fc8640,12.912479,77.574069,kidnapping,2017-09-13T16:00:00,Puttenahalli
735544310cae,12.922032,77.575659,kidnapping,2017-10-24T12:45:00,Puttenahalli
7e9ac75e264c,12.933466,77.584554,kidnapping,2017-10-31T18:15:00,Puttenahalli
cb15a7be272b,12.929851,77.585404,kidnapping,2018-03-20T13:00:00,Puttenahalli
6dea3d027261,12.932018,77.586094,kidnapping,2018-10-04T16:15:00,Puttenahalli
5eddf7936ba8,12.91974,77.578194,kidnapping,2018-04-24T11:00:00,Puttenahalli
4a80b0c851b6,12.922096,77.57601,kidnapping,2018-07-29T17:00:00,Puttenahalli
2a311ad6aa17,12.905081,77.57581,kidnapping,2018-02-11T10:00:00,Puttenahalli
78b86f76279d,12.93091,77.57812,kidnapping,2019-03-30T20:45:00,Puttenahalli
1046c65f572b,12.935478,77.589671,kidnapping,2019-06-27T21:30:00,Puttenahalli
0ea0950df60d,12.92924,77.57816,kidnapping,2019-10-08T18:00:00,Puttenahalli
b48de2c0f1ce,12.89279,77.578476,kidnapping,2019-11-19T20:30:00,Puttenahalli
9105f87150bb,12.895349,77.582598,kidnapping,2019-11-20T16:00:00,Puttenahalli
1cce1c615395,12.943265,77.574663,kidnapping,2015-07-18T20:45:00,Puttenahalli
75595c833d5c,12.940063,77.573045,kidnapping,2015-11-26T18:15:00,Puttenahalli
f05da9c831b7,12.940191,77.568224,kidnapping,2015-11-30T23:50:00,Puttenahalli
85eed220071d,12.947992,77.573527,kidnapping,2015-12-19T20:45:00,Puttenahalli
623bad137129,12.94156,77.567074,kidnapping,2016-01-13T12:30:00,Puttenahalli
8365157ff474,12.913479,77.593381,kidnapping,2016-02-09T01:21:00,Puttenahalli
1537b8f731d5,12.946572,77.572895,kidnapping,2017-03-02T16:35:00,Puttenahalli
83f3b2b07275,12.908087,77.566339,kidnapping,2017-03-28T14:00:00,Puttenahalli
afc776fa8007,12.935384,77.570115,kidnapping,2017-07-05T02:46:00,Puttenahalli
3302b4fe6dac,12.943671,77.578616,kidnapping,2017-09-06T05:16:00,Puttenahalli
802d98008600,12.940277,77.572097,kidnapping,2017-06-25T14:30:00,Puttenahalli
2566f798cdc7,12.93543,77.5668,kidnapping,2017-10-16T21:10:00,Puttenahalli
47b187ff3f46,12.943663,77.574706,kidnapping,2017-12-26T17:00:00,Puttenahalli
48e949dd4a61,12.935384,77.570115,kidnapping,2017-07-05T11:53:00,Puttenahalli
302175c5d8a0,12.935967,77.567808,kidnapping,2018-10-02T19:23:00,Puttenahalli
b49f3faf0809,12.944817,77.578516,kidnapping,2018-07-19T22:30:00,Puttenahalli
0464db996391,12.942306,77.57861,kidnapping,2018-05-08T10:24:00,Puttenahalli
f2906292ebab,12.940079,77.577179,kidnapping,2018-10-09T03:57:00,Puttenahalli
023b07d0014f,12.946418,77.573537,kidnapping,2018-06-11T05:00:00,Puttenahalli
4a139443a3c3,12.940471,77.572534,kidnapping,2015-01-02T19:54:00,Puttenahalli
937e0a7c8563,12.941435,77.571215,kidnapping,2019-02-16T10:40:00,Puttenahalli
553c437a5aa4,12.943343,77.574201,kidnapping,2019-01-10T15:46:00,Puttenahalli
0cad968590e9,12.936851,77.568538,kidnapping,2019-11-11T16:39:00,Puttenahalli
027917a398d2,12.906409,77.57147,kidnapping,2015-01-14T04:10:00,Puttenahalli
39b427cb37e4,12.893361,77.581601,kidnapping,2015-10-03T21:52:00,Puttenahalli
242e0997d3f0,12.911698,77.591605,kidnapping,2015-02-05T09:58:00,Puttenahalli
c096a371d035,12.900087,77.570261,kidnapping,2015-12-07T14:29:00,Puttenahalli
d24512333f02,12.917755,77.540084,kidnapping,2015-06-08T08:33:00,Puttenahalli
29a10d1ce12f,12.897693,77.580896,kidnapping,2015-08-24T07:30:00,Puttenahalli
8d830f724d09,12.897797,77.583673,kidnapping,2015-09-24T03:05:00,Puttenahalli
3a886228525d,12.904077,77.581431,kidnapping,2015-09-11T04:05:00,Puttenahalli
5f5a3ddac0f0,12.896943,77.565377,kidnapping,2015-02-12T06:31:00,Puttenahalli
29785e13dcd6,12.913153,77.533638,kidnapping,2015-02-12T20:24:00,Puttenahalli
75a3256f11f2,12.905962,77.579399,kidnapping,2015-12-24T01:45:00,Puttenahalli
0b4ecd73da93,12.898682,77.569052,kidnapping,2015-12-30T05:05:00,Puttenahalli
013ebf0b0ccf,12.898007,77.593972,kidnapping,2016-01-23T01:00:00,Puttenahalli
346e9fe59a0e,12.884238,77.574865,kidnapping,2016-07-02T00:54:00,Puttenahalli
ece6d321bef2,12.884238,77.559544,kidnapping,2016-04-14T06:10:00,Puttenahalli
78007e64c43c,12.907089,77.578195,kidnapping,2016-01-07T06:51:00,Puttenahalli
e0f9a6b7f712,12.908996,77.575645,kidnapping,2016-09-08T11:15:00,Puttenahalli
8cbf440a641a,12.905288,77.576498,kidnapping,2016-08-17T03:25:00,Puttenahalli
1281a44c2d8d,12.909671,77.579069,kidnapping,2016-08-18T08:30:00,Puttenahalli
f1a4612d234a,12.898003,77.568863,kidnapping,2016-03-12T15:42:00,Puttenahalli
fbedcc25fa02,12.911281,77.590284,kidnapping,2016-12-25T09:30:00,Puttenahalli
ef59b853d14d,12.915219,77.581895,kidnapping,2017-01-28T04:00:00,Puttenahalli
29ed454b70d4,12.908519,77.579662,kidnapping,2018-09-28T04:00:00,Puttenahalli
9ea80cf47b05,12.908519,77.579662,kidnapping,2018-11-17T04:00:00,Puttenahalli
1554514e17ba,12.909694,77.579253,kidnapping,2018-11-17T04:45:00,Puttenahalli
1ed7e0344ec4,12.90747,77.590475,kidnapping,2018-12-13T04:25:00,Puttenahalli
e826de36c904,12.908519,77.579662,kidnapping,2018-12-19T10:00:00,Puttenahalli
315f1c5ccd18,12.911341,77.579419,kidnapping,2019-02-02T20:35:00,Puttenahalli
2fd1d5b1a059,12.91129,77.576071,kidnapping,2019-02-03T12:06:00,Puttenahalli
2b701c6f64d5,12.910758,77.576742,kidnapping,2019-08-20T12:00:00,Puttenahalli
c84858fc9eab,12.910756,77.543911,kidnapping,2019-03-11T03:46:00,Puttenahalli
29ee58e0a0e2,12.911783,77.592962,kidnapping,2019-11-21T08:35:00,Puttenahalli
63a5c42fe1db,12.923992,77.566242,kidnapping,2015-10-01T14:30:00,Puttenahalli
7aa89feccc44,12.923114,77.573453,kidnapping,2015-02-27T20:00:00,Puttenahalli
100793e9c126,12.917019,77.566869,kidnapping,2015-12-05T23:30:00,Puttenahalli
a8640ab85c96,12.918964,77.553711,kidnapping,2015-05-19T16:00:00,Puttenahalli
7cd331a91450,12.915408,77.564283,kidnapping,2015-05-20T13:30:00,Puttenahalli
8d1853c8e624,12.924872,77.566242,kidnapping,2015-04-06T13:00:00,Puttenahalli
ef004ce5ddad,12.929883,77.569969,kidnapping,2015-07-06T12:00:00,Puttenahalli
64b2125a6abf,12.929883,77.569969,kidnapping,2015-06-13T09:30:00,Puttenahalli
b6b147f887b0,12.903164,77.575868,kidnapping,2018-06-23T19:30:00,Puttenahalli
d8f853ba9792,12.924606,77.570278,kidnapping,2018-10-08T09:30:00,Puttenahalli
6a1ab90cfe4b,12.917378,77.567886,kidnapping,2015-12-08T18:30:00,Puttenahalli
9fa9149f55ec,12.926127,77.575693,kidnapping,2018-12-29T10:30:00,Puttenahalli
d9deff9d1f2e,12.927756,77.56015,kidnapping,2015-10-10T09:30:00,Puttenahalli
ffb4856bcccc,12.923567,77.570003,kidnapping,2015-04-12T01:45:00,Puttenahalli
1f627763119c,12.929653,77.572911,kidnapping,2016-07-01T17:00:00,Puttenahalli
e76bdf2420cc,12.917689,77.573633,kidnapping,2016-01-02T20:30:00,Puttenahalli
07eaf33c62c7,12.927289,77.572597,kidnapping,2016-08-02T04:30:00,Puttenahalli
2306b71934d8,12.928339,77.560644,kidnapping,2016-02-28T12:30:00,Puttenahalli
7e2e58e1175d,12.905942,77.576962,kidnapping,2016-03-24T23:15:00,Puttenahalli
59c873f08915,12.91555,77.566078,kidnapping,2016-03-27T14:20:00,Puttenahalli
359bd0011d49,12.927756,77.56015,kidnapping,2016-06-04T19:45:00,Puttenahalli
0972c90674b4,12.923567,77.570003,kidnapping,2016-04-13T13:00:00,Puttenahalli
4ded254befd2,12.917467,77.566264,kidnapping,2016-08-05T21:30:00,Puttenahalli
82a6b6db6fb9,12.923567,77.570003,kidnapping,2016-05-20T17:00:00,Puttenahalli
65d6c5696765,12.92,77.571808,kidnapping,2016-05-07T13:45:00,Puttenahalli
df36c9e98fb7,12.92,77.571808,kidnapping,2016-05-07T14:15:00,Puttenahalli
dc797b4df2f5,12.915408,77.564283,kidnapping,2016-07-20T10:30:00,Puttenahalli
4a5e873f11f8,12.915408,77.564283,kidnapping,2016-07-23T18:30:00,Puttenahalli
2d63ed9cbac1,12.915569,77.556772,kidnapping,2016-10-09T17:30:00,Puttenahalli
4c5743f0e265,12.896237,77.569586,kidnapping,2017-05-09T15:30:00,Puttenahalli
86f0f6c90742,12.91685,77.555772,kidnapping,2017-05-09T20:15:00,Puttenahalli
fcd7fb519028,12.916644,77.564086,kidnapping,2016-10-28T20:20:00,Puttenahalli
bf15aacd27ce,12.893736,77.582384,kidnapping,2016-11-15T17:55:00,Puttenahalli
77bbbe1037b5,12.92,77.571808,kidnapping,2016-11-18T15:00:00,Puttenahalli
3af5f938f9a5,12.919653,77.574047,kidnapping,2016-12-25T12:30:00,Puttenahalli
0246e1424b9b,12.927628,77.570539,kidnapping,2017-06-01T00:30:00,Puttenahalli
7bf94169d456,12.903786,77.583085,kidnapping,2017-01-16T13:00:00,Puttenahalli
b6a236a31cad,12.917661,77.573272,kidnapping,2017-05-24T20:45:00,Puttenahalli
16700de96fc7,12.919497,77.564822,kidnapping,2017-06-19T16:00:00,Puttenahalli
48a09f0f345f,12.923567,77.570003,kidnapping,2017-05-09T14:00:00,Puttenahalli
7e8eeb16e401,12.929278,77.57365,kidnapping,2017-11-15T17:00:00,Puttenahalli
56c1b2b68a63,12.915569,77.556772,kidnapping,2018-03-22T13:00:00,Puttenahalli
201f4ee50b06,12.901861,77.574508,kidnapping,2018-11-04T14:00:00,Puttenahalli
5b7522c1f4ca,12.915569,77.556772,kidnapping,2018-08-05T04:30:00,Puttenahalli
dd4594e27b78,12.924872,77.566242,kidnapping,2015-04-06T14:30:00,Puttenahalli
97e862f0708c,12.922644,77.567431,kidnapping,2018-06-23T15:00:00,Shankarapua
4c7f43e7794e,12.924606,77.570278,kidnapping,2018-10-08T15:40:00,Shankarapua
6237925116b4,12.926127,77.575693,kidnapping,2018-11-10T21:00:00,Shankarapua
b315155be893,12.94355,77.60976,kidnapping,2018-10-25T11:30:00,Shankarapua
52b66c393252,12.913636,77.55515,kidnapping,2018-10-11T08:45:00,Shankarapua
d7579653b6cc,12.926127,77.575693,kidnapping,2018-12-29T18:30:00,Shankarapua
313f70dbedbc,12.915569,77.556772,kidnapping,2019-07-18T21:30:00,Shankarapua
79851bbab0a1,12.934299,77.591433,kidnapping,2015-04-05T15:30:00,Shankarapua
4a643f35130b,12.946052,77.591889,kidnapping,2015-06-13T19:30:00,Shankarapua
cfb6e6c2c904,12.944562,77.592138,kidnapping,2015-07-13T18:45:00,Shankarapua
ea1a16895887,12.936308,77.593096,kidnapping,2015-08-29T11:00:00,Shankarapua
718a19d08f43,12.934135,77.591152,kidnapping,2015-04-09T13:00:00,Shankarapua
37a239f13464,12.934263,77.592712,kidnapping,2016-01-15T12:30:00,Shankarapua
061aae315813,12.943446,77.594168,kidnapping,2016-02-23T12:40:00,Shankarapua
84ae7cdc62bd,12.946683,77.594379,kidnapping,2016-03-30T11:10:00,Shankarapua
9f055ce92002,12.936308,77.593096,kidnapping,2016-06-16T14:00:00,Shankarapua
c259e514b2b5,12.943578,77.591104,kidnapping,2016-07-15T17:30:00,Shankarapua
479399bf9f89,12.942478,77.589838,kidnapping,2016-07-28T15:00:00,Shankarapua
e1d4dd8d85c6,12.942789,77.596405,kidnapping,2016-10-17T18:30:00,Shankarapua
693095ee1cd0,12.936244,77.596173,kidnapping,2017-07-01T08:20:00,Shankarapua
076fcef475ab,12.945109,77.592747,kidnapping,2017-04-29T22:05:00,Shankarapua
b1649a672664,12.946168,77.591807,kidnapping,2017-01-05T18:00:00,Shankarapua
c2737cbdf957,12.942161,77.592299,kidnapping,2017-04-07T17:00:00,Shankarapua
17f1c764419e,12.945109,77.592747,kidnapping,2017-08-07T15:00:00,Shankarapua
241f16c487d1,12.935645,77.591333,kidnapping,2017-07-17T20:00:00,Shankarapua
8ccc2936d56b,12.945109,77.592747,kidnapping,2017-10-24T17:00:00,Shankarapua
b4608f1fda51,12.940933,77.580283,kidnapping,2018-05-02T20:00:00,Shankarapua
bb030130243e,12.940022,77.594191,kidnapping,2018-04-30T14:00:00,Shankarapua
b38b78e1d100,12.944786,77.592797,kidnapping,2018-05-17T16:00:00,Shankarapua
34263ffc31c5,12.942787,77.58337,kidnapping,2018-04-07T10:00:00,Shankarapua
322cb438f4dd,12.936244,77.596173,kidnapping,2018-09-19T14:30:00,Shankarapua
9492ed50ae95,12.935678,77.597567,kidnapping,2019-07-24T14:00:00,Shankarapua
da4215560fc0,12.933417,77.590693,kidnapping,2019-05-09T12:00:00,Shankarapua
d3691a7f5e64,12.942787,77.58337,kidnapping,2019-09-16T16:00:00,Shankarapua
0fb3f5c6df0f,12.944786,77.592797,kidnapping,2019-11-16T18:00:00,Shankarapua
eabc9a8217b7,12.903534,77.541246,kidnapping,2015-09-01T05:00:00,Shankarapua
0010cdace8e3,12.910942,77.556233,kidnapping,2015-02-24T18:15:00,Shankarapua
651ac4fc999b,12.906028,77.545556,kidnapping,2015-12-03T09:15:00,Shankarapua
3941cda7db9d,12.911476,77.540123,kidnapping,2015-08-05T14:20:00,Shankarapua
5634a45af59a,12.882737,77.556523,kidnapping,2015-12-06T11:45:00,Shankarapua
d9f68c41dba6,12.947067,77.583173,kidnapping,2015-03-07T21:00:00,Shankarapua
f8d4210072ef,12.882896,77.566478,kidnapping,2015-08-18T13:00:00,Shankarapua
5d5b0d3a5786,12.905579,77.55646,kidnapping,2015-01-09T15:00:00,Shankarapua
4f4e438433a8,12.914298,77.550758,kidnapping,2015-10-15T14:10:00,Shankarapua
009da2d0536e,12.889821,77.579747,kidnapping,2015-10-26T16:00:00,Shankarapua
6bfb3684220b,12.907957,77.536441,kidnapping,2015-10-30T10:00:00,Shankarapua
d6b7aba47168,12.889446,77.571524,kidnapping,2015-11-20T12:00:00,Shankarapua
2ccdffcd6a06,12.908746,77.555466,kidnapping,2015-07-12T17:50:00,Shankarapua
cbe8a7bde7a3,12.917661,77.576535,kidnapping,2015-12-16T01:00:00,Shankarapua
2179fd2ad200,12.912424,77.548518,kidnapping,2016-03-24T17:50:00,Shankarapua
35b3b2fb6421,12.891531,77.581149,kidnapping,2016-03-30T22:10:00,Shankarapua
5e7dddb5c17a,12.889484,77.562321,kidnapping,2016-12-04T13:30:00,Shankarapua
40fdd0eb6da2,12.891531,77.581149,kidnapping,2016-04-13T22:50:00,Shankarapua
4de1af4d8979,12.881685,77.565995,kidnapping,2016-04-21T03:30:00,Shankarapua
1377b64c2dea,12.890471,77.57081,kidnapping,2016-02-05T05:00:00,Shankarapua
7658339c75c4,12.891579,77.581429,kidnapping,2016-09-05T14:00:00,Shankarapua
ed11700279a7,12.889446,77.571524,kidnapping,2016-05-16T10:30:00,Shankarapua
914a98e7f036,12.896773,77.544564,kidnapping,2016-05-18T17:40:00,Shankarapua
c7af6207c5dc,12.916845,77.549857,kidnapping,2016-05-23T18:30:00,Shankarapua
4c5c60e54ce1,12.895948,77.55219,kidnapping,2016-02-06T07:30:00,Shankarapua
56dba06606fa,12.876856,77.581855,kidnapping,2016-07-06T10:00:00,Shankarapua
2bf01586dfeb,12.882744,77.557273,kidnapping,2016-06-25T14:00:00,Shankarapua
ec00177e0aa6,12.883766,77.568425,kidnapping,2016-07-18T20:00:00,Shankarapua
515c328b5a9f,12.886138,77.571795,kidnapping,2016-07-22T13:00:00,Shankarapua
872176ea4a51,12.891389,77.570092,kidnapping,2016-12-11T10:45:00,Shankarapua
fcadd36cde84,12.908687,77.544119,kidnapping,2016-12-25T03:25:00,Shankarapua
f674754770fa,12.907114,77.543992,kidnapping,2016-12-26T13:50:00,Shankarapua
f5bb3e21e588,12.882555,77.556355,kidnapping,2017-01-17T16:30:00,Shankarapua
35454352ebc5,12.895281,77.550675,kidnapping,2017-06-02T11:00:00,Shankarapua
21fd30da6564,12.908276,77.550227,kidnapping,2017-02-21T12:30:00,Shankarapua
b6f2d86a61d2,12.891898,77.552369,kidnapping,2017-02-22T11:30:00,Shankarapua
9b43e8cd4b9c,12.890435,77.563539,kidnapping,2017-03-25T14:00:00,Shankarapua
fbb715696e49,12.886138,77.571795,kidnapping,2017-03-28T12:45:00,Shankarapua
b2549c7b3c6e,12.914298,77.550758,kidnapping,2017-04-26T16:00:00,Shankarapua
5d77b39101fb,12.895948,77.55219,kidnapping,2017-05-05T17:00:00,Shankarapua
f69d8697362c,12.872366,77.566843,kidnapping,2017-05-31T23:00:00,Shankarapua
d143c8fd8c61,12.963833,77.575177,kidnapping,2017-08-18T18:40:00,Shankarapua
4c6db81835e3,12.919006,77.545398,kidnapping,2017-10-09T08:30:00,Shankarapua
7a7ac38591bf,12.912425,77.53558,kidnapping,2017-08-10T17:45:00,Shankarapua
fa965566fe03,12.955554,77.582791,kidnapping,2017-10-25T13:00:00,Shankarapua
3658b11e4b6c,12.904705,77.53011,kidnapping,2017-09-11T12:30:00,Shankarapua
e9cc8124d14e,12.915901,77.547469,kidnapping,2018-01-10T10:14:00,Shankarapua
d6633920bb67,12.885848,77.567732,kidnapping,2018-01-31T21:40:00,Shankarapua
08e669a3a520,12.906572,77.546447,kidnapping,2018-02-14T23:00:00,Shankarapua
11a7ee207f01,12.880232,77.573846,kidnapping,2018-02-19T15:30:00,Shankarapua
1534f41d2727,12.889484,77.562321,kidnapping,2018-02-22T08:50:00,Shankarapua
f8de5066319f,12.868814,77.580834,kidnapping,2018-02-03T14:00:00,Shankarapua
9a399a550344,12.910319,77.556393,kidnapping,2018-03-17T21:40:00,Shankarapua
b67c747a0e92,12.910229,77.548159,kidnapping,2018-04-17T12:15:00,Shankarapua
d9959a86ad97,12.882908,77.566906,kidnapping,2018-05-19T15:45:00,Shankarapua
eb0f5a227151,12.90533,77.5449,kidnapping,2018-06-07T18:30:00,Shankarapua
779ebc48467e,12.905759,77.542703,kidnapping,2018-07-26T10:30:00,Shankarapua
243b2d8234f2,12.917397,77.545338,kidnapping,2018-05-08T19:10:00,Shankarapua
9dcd9eb3f44b,12.888887,77.5718,kidnapping,2018-08-13T17:45:00,Shankarapua
6b06435c0abd,12.894866,77.551295,kidnapping,2018-08-16T06:50:00,Shankarapua
b8e5dc2af04c,12.904765,77.537155,kidnapping,2018-08-29T10:15:00,Shankarapua
e0696a684bf1,12.909135,77.553253,kidnapping,2018-11-09T14:30:00,Shankarapua
3c20e22477e2,12.890435,77.563539,kidnapping,2018-09-22T12:30:00,Shankarapua
6183b5a5a22f,12.915551,77.539477,kidnapping,2018-10-24T18:00:00,Shankarapua
80baa2ec36a0,12.905123,77.543751,kidnapping,2018-10-27T11:10:00,Shankarapua
26fc5d288cac,12.870249,77.575793,kidnapping,2018-11-14T18:30:00,Shankarapua
f8c3c7822bf4,12.912981,77.558154,kidnapping,2018-11-17T12:10:00,Shankarapua
58db37f2d0ce,12.917986,77.553778,kidnapping,2018-11-20T16:00:00,Siddapura
5cd03f445b2a,12.895281,77.550675,kidnapping,2018-04-12T12:15:00,Siddapura
0b03679f0f3e,12.896773,77.544564,kidnapping,2018-12-17T13:00:00,Siddapura
c8c7df87c230,12.929684,77.600171,kidnapping,2018-12-31T21:00:00,Siddapura
7f4216883ec6,12.882925,77.582069,kidnapping,2019-01-28T08:15:00,Siddapura
df374188f693,12.889924,77.5808,kidnapping,2019-03-13T13:10:00,Siddapura
48d9113e9d97,12.917397,77.545338,kidnapping,2019-04-15T23:00:00,Siddapura
0fefefa4a598,12.901082,77.547538,kidnapping,2019-04-22T17:40:00,Siddapura
4b2cc675a9a4,12.905722,77.535581,kidnapping,2019-04-24T23:15:00,Siddapura
9cd45f2d0e3f,12.897602,77.545754,kidnapping,2019-03-05T14:45:00,Siddapura
eab1b682da2e,12.883653,77.581779,kidnapping,2019-05-29T21:00:00,Siddapura
4ccdb85ef622,12.909583,77.556962,kidnapping,2019-06-09T06:41:00,Siddapura
0a546040e253,12.891579,77.581429,kidnapping,2019-03-07T12:30:00,Siddapura
fb7f3d11148b,12.909583,77.556962,kidnapping,2019-07-28T20:45:00,Siddapura
0f1cabb53921,12.87992,77.557494,kidnapping,2019-09-26T14:10:00,Siddapura
21d8f2a590bc,12.889623,77.572132,kidnapping,2019-10-26T12:45:00,Siddapura
91e1dc8e4353,12.910085,77.556566,kidnapping,2019-12-11T14:30:00,Siddapura
6a013270c1dd,12.895948,77.55219,kidnapping,2019-11-26T11:45:00,Siddapura
a70482210c51,12.868638,77.533289,kidnapping,2015-12-03T12:30:00,Siddapura
882785ffd35b,12.874392,77.567161,kidnapping,2015-07-13T14:00:00,Siddapura
f13c2e0c88a5,12.86388,77.535496,kidnapping,2015-11-30T14:00:00,Siddapura
ec53bb285d09,12.859705,77.580537,kidnapping,2015-07-12T12:30:00,Siddapura
c0cdb914cd83,12.865177,77.51857,kidnapping,2016-01-29T08:45:00,Siddapura
d3c737141f1c,12.859851,77.574956,kidnapping,2016-01-30T20:00:00,Siddapura
0853b18d89d1,12.874882,77.539331,kidnapping,2016-03-18T23:10:00,Siddapura
90d1116657e2,12.868078,77.53468,kidnapping,2016-03-26T00:00:00,Siddapura
6cb79f3dbb87,12.863415,77.527177,kidnapping,2016-04-13T16:00:00,Siddapura
11f3343b9e21,12.885824,77.546078,kidnapping,2016-09-20T19:45:00,Siddapura
993cbde024b6,12.875491,77.537771,kidnapping,2017-06-02T20:00:00,Siddapura
0255b4e46817,12.891469,77.541803,kidnapping,2017-01-04T05:30:00,Siddapura
bcdfcfa739ee,12.863955,77.556258,kidnapping,2017-04-27T17:00:00,Siddapura
efed76af431e,12.86562,77.537673,kidnapping,2017-05-14T15:00:00,Siddapura
6bd758a02d0a,12.873222,77.534888,kidnapping,2017-08-07T04:00:00,Siddapura
67b9a534e5fa,12.866595,77.529815,kidnapping,2017-08-17T12:00:00,Siddapura
e800ea0a1816,12.889883,77.544416,kidnapping,2017-08-22T16:00:00,Siddapura
ac3d03ddb4a2,12.871322,77.532192,kidnapping,2017-01-11T12:00:00,Siddapura
a516b7dd41c2,12.864404,77.554397,kidnapping,2017-11-16T11:00:00,Siddapura
660707b93ad4,12.886135,77.545482,kidnapping,2017-10-12T10:00:00,Siddapura
c0cb7c39b1cd,12.857223,77.548885,kidnapping,2017-12-16T13:00:00,Siddapura
66d71a44fbd1,12.870656,77.536163,kidnapping,2017-12-18T22:00:00,Siddapura
cff6edaec497,12.852892,77.553711,kidnapping,2018-06-01T13:00:00,Siddapura
3f991fe97aeb,12.878402,77.55041,kidnapping,2018-01-29T16:00:00,Siddapura
198b2339f21b,12.875019,77.529843,kidnapping,2018-10-13T21:00:00,Siddapura
91a6dfbe7057,12.867056,77.536419,kidnapping,2018-12-17T21:00:00,Siddapura
f1401d09d523,12.878899,77.485867,kidnapping,2018-01-17T15:00:00,Siddapura
ad648d7e2211,12.876592,77.491665,kidnapping,2018-01-19T10:00:00,Siddapura
881428797c92,12.86738,77.563821,kidnapping,2019-02-25T13:13:00,Siddapura
7ce2ca53b648,12.867925,77.563568,kidnapping,2019-03-22T16:00:00,Siddapura
2fb4058a6e92,12.853787,77.573044,kidnapping,2019-03-29T10:00:00,Siddapura
1f07c63c7e6c,12.87418,77.549659,kidnapping,2019-04-13T09:58:00,Siddapura
3664526374b9,12.857401,77.561101,kidnapping,2019-05-24T16:30:00,Siddapura
2706cb07829f,12.869011,77.565298,kidnapping,2019-07-06T21:30:00,Siddapura
b7ce2e3a8c6e,12.880097,77.513418,kidnapping,2019-08-14T16:40:00,Siddapura
daf8d0f247ea,12.861796,77.538009,kidnapping,2019-08-21T04:00:00,Siddapura
00460f475fbc,12.85984,77.575677,kidnapping,2019-09-25T21:15:00,Siddapura
d6326701ef9b,12.870019,77.564431,kidnapping,2019-01-10T18:00:00,Siddapura
235c6c59270a,12.888188,77.570812,kidnapping,2017-05-01T16:35:00,Siddapura
e95bfd0636f7,12.87466,77.579319,kidnapping,2017-01-17T12:18:00,Siddapura
6bb92240cb73,12.87769,77.56715,kidnapping,2017-02-14T17:30:00,Siddapura
619f3c912e85,12.883525,77.563547,kidnapping,2017-02-17T10:50:00,Siddapura
b8cc5bb089f8,12.86409,77.584085,kidnapping,2017-03-03T10:30:00,Siddapura
966aedeefad7,12.89122,77.623724,kidnapping,2017-03-15T10:12:00,Siddapura
a55fe516bb3d,12.878194,77.57011,kidnapping,2017-06-04T09:30:00,Siddapura
1640357219d6,12.884022,77.583093,kidnapping,2017-04-16T17:00:00,Siddapura
2fd0489af66c,12.940606,77.598513,kidnapping,2017-02-05T12:00:00,Siddapura
ef08f9d48c2b,12.878992,77.562182,kidnapping,2017-05-05T15:00:00,Siddapura
2bc00aba5b08,12.887529,77.573481,kidnapping,2017-05-30T16:00:00,Siddapura
3b11f9b30fc8,12.87822,77.570138,kidnapping,2017-09-09T12:00:00,Siddapura
35cf7464d6d2,12.932985,77.599219,kidnapping,2017-10-26T09:00:00,Siddapura
582cabfed2b6,12.930674,77.593138,kidnapping,2017-10-30T08:00:00,Siddapura
b05ff1f767b8,12.860378,77.571322,kidnapping,2018-09-01T13:00:00,Siddapura
68d56b2a7e59,12.942522,77.592127,kidnapping,2018-02-14T14:30:00,Siddapura
c1c862bb57d5,12.886841,77.567815,kidnapping,2018-03-16T21:35:00,Siddapura
85209a1453bf,12.938743,77.587906,kidnapping,2018-10-05T13:15:00,Siddapura
b8615a71ac2a,12.880104,77.567961,kidnapping,2018-05-29T10:30:00,Siddapura
54b5c28fac1f,12.88288,77.578462,kidnapping,2018-01-06T19:15:00,Siddapura
ae3e6db5e72e,12.866799,77.580991,kidnapping,2018-03-06T16:00:00,Siddapura
604dc17e0882,12.8813,77.570951,kidnapping,2018-06-13T15:00:00,Siddapura
cedaf11c7be3,12.928645,77.586901,kidnapping,2018-07-07T12:45:00,Siddapura
59b5fcfd36bf,12.85706,77.58406,kidnapping,2018-07-29T09:30:00,Siddapura
0d80fb5d94a1,12.884005,77.56634,kidnapping,2018-03-11T09:00:00,Siddapura
901240a6e14c,12.878655,77.566708,kidnapping,2018-12-11T17:30:00,Siddapura
c5ead68125a6,12.937359,77.595033,kidnapping,2018-06-12T09:50:00,Siddapura
0da6e2569d9d,12.872893,77.582921,kidnapping,2019-01-17T13:30:00,Siddapura
6f9d0a5cb813,12.87331,77.574396,kidnapping,2019-02-02T11:30:00,Siddapura
b761f01fb8a6,12.886338,77.573795,kidnapping,2019-03-02T19:00:00,Siddapura
dba74f4e4383,12.869624,77.58232,kidnapping,2019-01-03T16:40:00,Siddapura
3d53d512eb39,12.89341,77.580255,kidnapping,2019-08-03T10:30:00,Siddapura
258d3fdad5f1,12.86383,77.57767,kidnapping,2019-09-04T21:00:00,Siddapura
12fa24892a45,12.873437,77.583593,kidnapping,2019-04-29T21:30:00,Siddapura
d435d4b51d6c,12.89065,77.564006,kidnapping,2019-01-05T21:00:00,Siddapura
bfc3ac9ff354,12.882402,77.560456,kidnapping,2019-07-05T15:00:00,Siddapura
23b32f6161cd,12.861253,77.579712,kidnapping,2019-09-05T21:00:00,Siddapura
07a4a9288251,12.92841,77.604466,kidnapping,2019-05-22T13:00:00,Siddapura
ad3896f91bcf,12.885465,77.569815,kidnapping,2019-05-29T21:30:00,Siddapura
83f2cb5ca80e,12.88829,77.580217,kidnapping,2019-06-13T15:15:00,Siddapura
f58e77bb25bf,12.882462,77.569158,kidnapping,2019-10-08T15:30:00,Siddapura
3df192eac775,12.935534,77.591228,kidnapping,2019-08-19T19:00:00,Siddapura
211b07e997b1,12.935011,77.599321,kidnapping,2019-08-25T15:00:00,Siddapura
014e660ae269,12.878746,77.5622,kidnapping,2019-08-31T12:15:00,Siddapura
0358f23fc9c3,12.863913,77.585848,kidnapping,2019-10-21T12:30:00,Siddapura
be3e61814d62,12.881754,77.569001,kidnapping,2019-11-19T14:30:00,Siddapura
f10302830522,12.908547,77.571742,kidnapping,2017-12-01T04:05:00,Siddapura
32c65d7ba114,12.889797,77.5856,kidnapping,2017-09-04T05:21:00,Siddapura
0305a8de8d24,12.897886,77.572981,kidnapping,2017-03-11T17:13:00,Siddapura
9e060ed86a19,12.908547,77.571742,kidnapping,2017-05-12T09:45:00,Siddapura
0617acdaf395,12.897886,77.572981,kidnapping,2018-01-26T11:00:00,Siddapura
4085dfcb37ca,12.877836,77.583787,kidnapping,2018-04-26T21:45:00,Siddapura
b97c80848491,12.897937,77.581866,kidnapping,2018-06-06T12:30:00,Siddapura
14d88dd13e0f,12.893748,77.582169,kidnapping,2018-08-07T02:29:00,Siddapura
dd90cee1e12d,12.894594,77.59806,kidnapping,2018-12-07T05:28:00,Siddapura
e9cb21e8b0e1,12.887819,77.589648,kidnapping,2018-07-13T22:15:00,Siddapura
23cf82f05b32,12.903894,77.575222,kidnapping,2018-07-09T07:43:00,Siddapura
5c6d5f32c0cd,12.897128,77.585597,kidnapping,2018-09-16T11:30:00,Siddapura
ed71f1a7c303,12.877897,77.583659,kidnapping,2018-10-13T14:30:00,Siddapura
45905b4fd9bf,12.942165,77.599223,kidnapping,2018-11-21T13:45:00,Siddapura
c231726013cb,12.893382,77.577596,kidnapping,2018-12-28T14:30:00,Siddapura
60a2daadbd0c,12.900451,77.587543,kidnapping,2019-07-01T16:47:00,Siddapura
675ccb79425e,12.894823,77.59349,kidnapping,2019-06-03T10:12:00,Siddapura
115d8e736d59,12.890461,77.589768,kidnapping,2019-12-04T17:10:00,Siddapura
5b7135ec0050,12.900451,77.587543,kidnapping,2019-01-05T11:05:00,Siddapura
ecf55e6f584b,12.893735,77.578614,kidnapping,2019-05-28T20:00:00,Siddapura
b04f26b64798,12.926562,77.583264,kidnapping,2019-06-13T21:00:00,Siddapura
b4e9a152b6f7,12.927953,77.598524,kidnapping,2019-08-14T10:40:00,Siddapura
bd2b0a3dd2c1,12.902374,77.597165,kidnapping,2019-06-09T15:55:00,Siddapura
9523db4e9b9f,12.889403,77.590344,kidnapping,2019-08-11T11:10:00,Siddapura
acefc8237dd2,12.900451,77.587543,kidnapping,2019-08-12T04:24:00,Siddapura
1ca63f3a8d63,12.892813,77.56663,kidnapping,2015-06-01T17:00:00,Siddapura
5d8f4f8cb0a4,12.892813,77.56663,kidnapping,2015-12-01T17:30:00,Siddapura
6c9010a1fb44,12.905037,77.560909,kidnapping,2016-06-14T13:30:00,Siddapura
1cea07706007,12.942557,77.590012,kidnapping,2015-06-06T09:30:00,Siddapura
28f934ea6945,12.910991,77.561872,kidnapping,2015-03-07T14:00:00,Siddapura
d50843f5f53f,12.904553,77.560433,kidnapping,2015-07-14T18:30:00,Siddapura
642cc8288e8f,12.893906,77.556449,kidnapping,2015-07-30T06:30:00,Siddapura
9338f77d8c09,12.902361,77.56838,kidnapping,2015-11-23T18:45:00,Siddapura
49a9ecfb162a,12.915755,77.571373,kidnapping,2015-06-22T15:30:00,Siddapura
857096510517,12.915755,77.571373,kidnapping,2016-02-13T13:00:00,Siddapura
9d002939a623,12.904553,77.560433,kidnapping,2016-03-31T13:30:00,Siddapura
4fc6004ea26c,12.9116,77.572476,kidnapping,2016-07-22T20:00:00,Siddapura
4bda39196389,12.893906,77.556449,kidnapping,2016-03-10T23:45:00,Siddapura
ebcb3c027c42,12.910991,77.561872,kidnapping,2016-11-18T18:00:00,Siddapura
de7df755a5af,12.894779,77.562256,kidnapping,2016-02-12T16:45:00,Siddapura
2d3ba2b35776,12.906422,77.570394,kidnapping,2017-01-27T12:00:00,Siddapura
ee62d5b62dad,12.893906,77.556449,kidnapping,2017-01-02T23:30:00,Siddapura
07c08da3cd59,12.898577,77.569538,kidnapping,2017-08-02T16:40:00,Siddapura
c65567a32a3b,12.906422,77.570394,kidnapping,2017-02-26T01:35:00,Siddapura
81534ecec099,12.90237,77.55504,kidnapping,2018-11-03T10:30:00,Siddapura
9955c84afc88,12.893906,77.556449,kidnapping,2017-07-05T11:15:00,Siddapura
23b748c4cfde,12.893906,77.556449,kidnapping,2017-05-13T16:00:00,Siddapura
1ad4380ad849,12.91267,77.562103,kidnapping,2017-05-31T10:00:00,Siddapura
f931719948a3,12.900415,77.569332,kidnapping,2017-05-06T13:00:00,Siddapura
03abc0aab70f,12.900415,77.569332,kidnapping,2017-06-27T20:45:00,Siddapura
f81e82cf15ca,12.904553,77.560433,kidnapping,2017-07-17T12:30:00,Siddapura
513261981350,12.91267,77.562103,kidnapping,2017-08-28T13:00:00,Siddapura
236723263b3d,12.894779,77.562256,kidnapping,2017-12-13T14:00:00,Siddapura
d009b172336b,12.904553,77.560433,kidnapping,2018-01-08T10:30:00,Siddapura
6b4637368714,12.904553,77.560433,kidnapping,2018-02-11T16:00:00,Siddapura
fb12c306149a,12.902361,77.56838,kidnapping,2018-02-17T17:00:00,Siddapura
0b4845ef0a8c,12.896566,77.557231,kidnapping,2018-02-22T16:00:00,Siddapura
032c52cf7a19,12.904553,77.560433,kidnapping,2018-02-26T15:10:00,Siddapura
880674dc30e9,12.892813,77.56663,kidnapping,2018-03-02T15:00:00,Siddapura
b71ec202ce3e,12.894779,77.562256,kidnapping,2018-03-13T14:00:00,Siddapura
d78e66458aaf,12.904553,77.560433,kidnapping,2018-04-04T15:00:00,Siddapura
fc9c2a53b7a4,12.915755,77.571373,kidnapping,2018-04-20T19:00:00,Siddapura
8dbe8d6f676b,12.910991,77.561872,kidnapping,2018-05-27T13:00:00,Siddapura
4883150ee5e5,12.904553,77.560433,kidnapping,2018-07-07T18:00:00,Siddapura
fb5890531ec0,12.904553,77.560433,kidnapping,2018-11-07T17:00:00,Siddapura
2eb2ba65b1ef,12.906422,77.570394,kidnapping,2018-07-27T23:00:00,Siddapura
97e1a48d13d6,12.902556,77.562012,kidnapping,2018-10-08T15:00:00,Siddapura
7a6d724e9d5a,12.9116,77.572476,kidnapping,2018-08-17T14:00:00,Siddapura
c38b92ffc1ef,12.915755,77.571373,kidnapping,2018-08-31T18:00:00,Siddapura
88775dc23dfb,12.915755,77.571373,kidnapping,2018-04-09T18:00:00,Siddapura
3a28ae6bf86e,12.894779,77.562256,kidnapping,2018-08-09T18:00:00,Siddapura
09a2b83e345f,12.906422,77.570394,kidnapping,2018-12-12T10:30:00,Siddapura
aa8ace09da33,12.892905,77.561042,kidnapping,2018-12-19T13:00:00,Siddapura
a699bd9e55fb,12.91267,77.562103,kidnapping,2018-12-29T14:15:00,Siddapura
a1bc6cd2241c,12.915755,77.571373,kidnapping,2019-05-01T10:30:00,Siddapura
2d005b96fa5e,12.915755,77.571373,kidnapping,2019-02-15T14:00:00,Siddapura
b11bf2cbbccc,12.910581,77.558642,kidnapping,2019-02-15T20:00:00,Siddapura
7d98044883e9,12.915755,77.571373,kidnapping,2019-02-27T12:00:00,Siddapura
76d97ee87e54,12.904531,77.565234,kidnapping,2019-11-03T12:20:00,Siddapura
40e387201683,12.894779,77.562256,kidnapping,2019-03-15T20:20:00,Siddapura
3651f56dfb30,12.904553,77.560433,kidnapping,2019-04-26T11:50:00,Siddapura
5727b0f4cbe1,12.902361,77.56838,kidnapping,2019-08-05T11:00:00,Siddapura
a99519955bee,12.894779,77.562256,kidnapping,2019-07-21T05:03:00,Siddapura
b240dbd57157,12.915755,77.571373,kidnapping,2019-07-31T15:00:00,Siddapura
ed1a317d5c00,12.904553,77.560433,kidnapping,2019-12-08T12:00:00,Siddapura
d7e6d0325bdc,12.894779,77.562256,kidnapping,2019-10-23T23:00:00,Siddapura
dc57e8a2f124,12.892813,77.56663,kidnapping,2019-10-24T19:30:00,Siddapura
e232644fa7bc,12.904553,77.560433,kidnapping,2019-11-16T11:00:00,Siddapura
6f9c094968d2,12.894779,77.562256,kidnapping,2019-12-14T14:15:00,Siddapura
2b4dd61f0cd1,12.892813,77.56663,kidnapping,2019-12-26T11:30:00,Siddapura
fbcfd6d91799,12.915755,77.571373,kidnapping,2019-12-25T13:00:00,Siddapura
70cae477ef58,12.941058,77.538891,kidnapping,2015-02-07T11:50:00,Siddapura
120b0ea5c7a8,12.930253,77.539685,kidnapping,2015-07-14T21:50:00,Siddapura
dca792395eba,12.932605,77.545341,kidnapping,2015-03-08T01:16:00,Siddapura
0ac2923490bb,12.943291,77.596397,kidnapping,2015-10-24T13:10:00,Siddapura
d8d0c0852b78,12.942079,77.544154,kidnapping,2015-12-26T11:50:00,Siddapura
7b1cddd17cf0,12.93796,77.536465,kidnapping,2015-12-31T13:00:00,Siddapura
431b7b7dab80,12.9436,77.600757,kidnapping,2016-01-02T12:41:00,Siddapura
ac434755c6b3,12.943504,77.551545,kidnapping,2016-08-02T07:29:00,Siddapura
d1ff70780db8,12.921688,77.535582,kidnapping,2016-03-28T18:30:00,Siddapura
c116431bb88e,12.938934,77.591329,kidnapping,2016-09-27T13:00:00,Siddapura
bcf2244693a4,12.937534,77.59908,kidnapping,2016-10-14T11:50:00,Siddapura
26d4d650b9fb,12.942908,77.538157,kidnapping,2016-12-17T11:00:00,Siddapura
2ef1e4f2e09a,12.941531,77.540823,kidnapping,2016-12-21T20:30:00,Siddapura
78f977ea8b2d,12.934989,77.551589,kidnapping,2016-07-29T09:30:00,Siddapura
c8c741e33e4b,12.928223,77.535324,kidnapping,2017-08-01T20:30:00,Siddapura
809e1aa0d5f0,12.938646,77.549677,kidnapping,2017-09-01T19:23:00,Siddapura
4bf86bc73752,12.943098,77.542106,kidnapping,2017-01-17T18:30:00,Siddapura
67aba26f1da8,12.928169,77.536215,kidnapping,2017-07-06T23:00:00,Siddapura
e875476a14c4,12.929142,77.540449,kidnapping,2017-06-28T11:00:00,Siddapura
34bd7f708a43,12.93629,77.539916,kidnapping,2017-07-07T10:30:00,Siddapura
ed16b7c33d8f,12.922056,77.537204,kidnapping,2017-07-19T23:30:00,Siddapura
b7e1687ee9b7,12.939749,77.602567,kidnapping,2017-10-24T18:45:00,Siddapura
95642acff088,12.930393,77.542147,kidnapping,2018-01-12T18:45:00,Siddapura
1eae082103ab,12.93423,77.543063,kidnapping,2018-03-09T12:15:00,Siddapura
1a9a5f8dc39a,12.941407,77.540401,kidnapping,2018-02-20T19:30:00,Siddapura
15a9ab72b6d6,12.946259,77.544006,kidnapping,2018-05-21T18:30:00,Siddapura
224e517ee5c8,12.936859,77.539964,kidnapping,2018-07-27T13:00:00,Siddapura
41a8af59da3c,12.943885,77.54317,kidnapping,2018-08-26T11:30:00,Siddapura
811cdf39a388,12.936857,77.602201,kidnapping,2018-09-02T11:30:00,Siddapura
37a8a5a0b467,12.937898,77.535541,kidnapping,2018-10-15T10:20:00,Siddapura
e7738047faff,12.940125,77.593726,kidnapping,2018-10-31T09:50:00,Siddapura
056407230e03,12.935937,77.601634,kidnapping,2018-12-05T10:00:00,Siddapura
6fd8e021f435,12.938148,77.534806,kidnapping,2018-12-18T20:15:00,Siddapura
bb96b43dc8b7,12.926821,77.601696,kidnapping,2019-01-05T11:15:00,Siddapura
2737819c44be,12.938312,77.536783,kidnapping,2019-01-30T18:00:00,Siddapura
8634e49b7ec7,12.943145,77.545449,kidnapping,2019-02-01T18:00:00,Siddapura
6f38bb77f457,12.931922,77.543705,kidnapping,2019-02-04T12:00:00,Siddapura
b1e71da06ca0,12.929536,77.534776,kidnapping,2019-03-14T13:45:00,Siddapura
e3052a1b2202,12.939643,77.535322,kidnapping,2019-07-24T18:15:00,Siddapura
513b1a3a333f,12.943788,77.541996,kidnapping,2019-10-17T11:30:00,Siddapura
6d416ba0086f,12.94098,77.551554,kidnapping,2019-11-07T13:00:00,Siddapura
e6cc45d28c31,12.925814,77.537995,kidnapping,2019-12-21T22:30:00,Siddapura
ad245f02ce0c,12.929196,77.596271,kidnapping,2016-07-09T11:15:00,Siddapura
efc2ff5afb50,12.940555,77.591449,kidnapping,2016-10-13T17:45:00,Siddapura
8a9e4476cfd1,12.93042,77.594202,kidnapping,2017-05-05T14:00:00,Siddapura
35fd6f9f0363,12.942111,77.586765,kidnapping,2017-07-06T10:15:00,Siddapura
2251f0272447,12.942232,77.5896,kidnapping,2017-07-06T10:40:00,Siddapura
2fbadbbca604,12.94383,77.604409,kidnapping,2017-11-06T13:00:00,Siddapura
8d44276d1ed0,12.934904,77.596235,kidnapping,2017-07-19T12:15:00,Siddapura
43f95f9e5cd8,12.934668,77.598504,kidnapping,2017-09-24T23:00:00,Siddapura
021dac413ebb,12.94655,77.561969,kidnapping,2018-03-16T17:00:00,Siddapura
47c34118b563,12.927626,77.587359,kidnapping,2018-03-04T15:00:00,Siddapura
553bcb07fa16,12.95367,77.55837,kidnapping,2018-03-04T18:00:00,Siddapura
2d913cd4cd22,12.9532,77.562441,kidnapping,2018-07-05T19:30:00,Siddapura
457ee588b6ec,12.953624,77.558171,kidnapping,2018-02-06T23:15:00,Siddapura
9032a0762cc2,12.94739,77.572281,kidnapping,2018-06-21T17:00:00,Siddapura
0750fd6ec905,12.95331,77.55839,kidnapping,2018-08-18T18:30:00,Siddapura
e258fca50f01,12.94682,77.560151,kidnapping,2018-08-10T15:45:00,Siddapura
39c9ce8b7064,12.953238,77.557978,kidnapping,2019-02-25T12:30:00,Siddapura
760b420d21a8,12.95151,77.55573,kidnapping,2019-05-16T18:30:00,Siddapura
1d378e8b7687,12.9562,77.56349,kidnapping,2019-10-06T12:30:00,Siddapura
00bef9f7e24d,12.927031,77.594971,kidnapping,2019-11-11T10:00:00,Siddapura
b93037fda9c4,12.952265,77.569996,kidnapping,2015-04-03T22:15:00,Siddapura
cb2822a12761,12.94946,77.5713,kidnapping,2016-07-28T08:30:00,Siddapura
5877c14db0f1,12.930956,77.598256,kidnapping,2017-10-03T11:30:00,Siddapura
0d9c3fabca5a,12.943873,77.593898,kidnapping,2019-12-03T11:45:00,Siddapura
682b31fd9ab8,12.958896,77.57254,kidnapping,2015-05-27T14:15:00,Siddapura
138964d92214,12.960463,77.571372,kidnapping,2015-02-04T13:30:00,Siddapura
01ce761a532f,12.950409,77.574966,kidnapping,2017-10-03T14:00:00,Siddapura
f2269312802b,12.958829,77.570071,kidnapping,2017-01-18T18:00:00,Siddapura
ae9c15e97cc8,12.950409,77.574966,kidnapping,2017-01-26T15:00:00,Siddapura
7cdf28d9e3e3,12.955851,77.5756,kidnapping,2018-08-01T11:30:00,Siddapura
c1e099d98064,12.962406,77.570569,kidnapping,2018-01-02T12:10:00,Siddapura
f7f363b085d5,12.961706,77.571137,kidnapping,2018-01-03T11:00:00,Siddapura
bcf0211473f9,12.962406,77.570569,kidnapping,2018-10-13T19:45:00,Siddapura
d668dc355b15,12.958015,77.569486,kidnapping,2018-08-08T11:30:00,Siddapura
3e6855599a27,12.959554,77.571612,kidnapping,2018-10-11T11:00:00,Siddapura
a58a1bb6d8d8,12.950785,77.576837,kidnapping,2019-04-20T21:00:00,Siddapura
8bdcaf1463af,12.956084,77.575613,kidnapping,2019-07-10T02:15:00,Siddapura
18d1ba42db84,12.955855,77.577836,kidnapping,2019-11-11T18:30:00,Siddapura
91b7a14ba3fa,12.94525,77.55439,kidnapping,2015-02-02T16:30:00,Siddapura
d7cce4072814,12.94757,77.5507,kidnapping,2015-09-05T23:30:00,Siddapura
c3cf4413a4b5,12.94735,77.55611,kidnapping,2015-07-06T15:00:00,Siddapura
eb7e4b932453,12.94223,77.56522,kidnapping,2015-08-09T15:30:00,Siddapura
c96766f69de8,12.94364,77.55295,kidnapping,2015-10-13T23:50:00,Siddapura
9c56e9fd78c4,12.94503,77.55863,kidnapping,2016-01-13T15:00:00,Siddapura
edf5894990f0,12.94319,77.55245,kidnapping,2016-03-20T20:40:00,Siddapura
b85f533739c6,12.93624,77.55372,kidnapping,2016-04-22T20:00:00,Siddapura
80a0c1eb506a,12.94418,77.55125,kidnapping,2016-10-06T18:30:00,Siddapura
03b029e479ae,12.93655,77.5602,kidnapping,2016-12-06T21:30:00,Siddapura
b6ebf27a6dc7,12.93576,77.56037,kidnapping,2016-07-13T14:15:00,Siddapura
86c64b3fb002,12.9375,77.55484,kidnapping,2016-11-08T09:00:00,Siddapura
98c40941a308,12.94255,77.56258,kidnapping,2016-02-09T19:30:00,Siddapura
461640166b73,12.94242,77.56085,kidnapping,2016-12-12T17:30:00,Siddapura
35269f0d82cd,12.93524,77.56337,kidnapping,2016-12-27T11:00:00,Siddapura
5f0e5812bd5a,12.93471,77.55548,kidnapping,2016-12-27T11:20:00,Siddapura
3987f489fba0,12.94716,77.55464,kidnapping,2017-03-03T12:00:00,Siddapura
0cc3ea9d3c2b,12.93943,77.5542,kidnapping,2017-03-28T11:30:00,Siddapura
ee0ac205344c,12.94234,77.56534,kidnapping,2017-04-22T11:30:00,Siddapura
ff8a57094def,12.94852,77.55155,kidnapping,2017-05-18T11:00:00,Siddapura
567806369310,12.93481,77.56529,kidnapping,2017-08-06T22:15:00,Siddapura
5cbd37b315a1,12.94255,77.56258,kidnapping,2017-08-30T17:30:00,Siddapura
079617a5e228,12.9471,77.5553,kidnapping,2017-09-24T16:00:00,Siddapura
3cf3071e239c,12.95078,77.55267,kidnapping,2017-08-10T12:45:00,Siddapura
5169468685dc,12.94666,77.55441,kidnapping,2017-08-10T18:45:00,Siddapura
48f592f05d4e,12.94486,77.55427,kidnapping,2017-10-27T21:50:00,Siddapura
e9f58e68fdf0,12.94318,77.55112,kidnapping,2017-11-18T20:30:00,Siddapura
421c5bf5bb7a,12.94136,77.55381,kidnapping,2017-12-14T21:00:00,Siddapura
b3d5a2da2a4e,12.94716,77.55464,kidnapping,2018-02-02T19:30:00,Siddapura
2ce914711fda,12.9464,77.55544,kidnapping,2018-04-14T11:15:00,Siddapura
4c73efc3c1fe,12.94584,77.55967,kidnapping,2018-06-20T19:30:00,Siddapura
934efce51bea,12.93524,77.56337,kidnapping,2018-09-21T18:00:00,Siddapura
8572f011a2b7,12.94353,77.56601,kidnapping,2018-09-27T16:30:00,Siddapura
b9222d83b9ab,12.94141,77.56263,kidnapping,2019-02-21T21:00:00,Siddapura
101ce4c3ca77,12.94165,77.56075,kidnapping,2019-09-07T12:00:00,Siddapura
b9f570efcbfb,12.9466,77.56138,kidnapping,2019-08-27T14:15:00,Siddapura
85363c13344f,12.94662,77.55213,kidnapping,2019-09-17T12:30:00,Siddapura
c328f9a658bf,12.96153,77.54295,kidnapping,2019-10-15T18:20:00,Siddapura
fe98766004db,12.94369,77.55238,kidnapping,2019-11-15T20:30:00,Siddapura
ae4146454680,12.9494,77.55375,kidnapping,2019-12-16T21:00:00,Siddapura
77dfc5ab916c,12.920302,77.547338,kidnapping,2015-11-30T07:30:00,Siddapura
97eceeb2880b,12.928069,77.556175,kidnapping,2015-06-12T01:30:00,Siddapura
4dee20a2ac51,12.927006,77.551285,kidnapping,2016-11-02T03:00:00,Siddapura
f9f17d9f5553,12.92678,77.550591,kidnapping,2016-02-27T02:30:00,Siddapura
657c11b8f129,12.927961,77.552001,kidnapping,2016-02-05T05:00:00,Siddapura
5c8c9beb3c1e,12.932815,77.555745,kidnapping,2016-04-05T09:40:00,Siddapura
edf23b02679b,12.921142,77.545256,kidnapping,2016-10-05T01:30:00,Siddapura
8e52257a4b57,12.921812,77.540898,kidnapping,2016-06-06T02:00:00,Siddapura
f8dac0a0ed30,12.926301,77.547585,kidnapping,2016-04-07T11:00:00,Siddapura
765da57ddc89,12.91985,77.54513,kidnapping,2017-03-02T09:15:00,Siddapura
e0924b64704d,12.933133,77.554945,kidnapping,2017-02-22T07:00:00,Siddapura
28dcda0f61be,12.921085,77.545753,kidnapping,2017-05-29T09:45:00,Siddapura
6045998382fd,12.933591,77.550183,kidnapping,2017-06-25T12:30:00,Siddapura
46c535b01930,12.919566,77.541079,kidnapping,2017-10-23T01:45:00,Siddapura
fc9257e66cde,12.921535,77.543298,kidnapping,2017-11-11T01:00:00,Siddapura
5dc381d6ac81,12.927335,77.558155,kidnapping,2017-11-14T05:00:00,Siddapura
24612e3fa5a0,12.919443,77.541827,kidnapping,2018-02-28T03:00:00,Siddapura
683fcd3e92f8,12.929312,77.552932,kidnapping,2018-03-26T10:15:00,Siddapura
624eafa26144,12.924527,77.543744,kidnapping,2018-05-05T01:45:00,Siddapura
63b40489948a,12.927768,77.558389,kidnapping,2018-10-05T11:00:00,Siddapura
42bce6662332,12.923513,77.547378,kidnapping,2018-10-05T12:00:00,Siddapura
2a66468f2fdd,12.922241,77.549207,kidnapping,2018-12-06T04:00:00,Siddapura
792c85a136ed,12.923399,77.542044,kidnapping,2018-06-30T10:30:00,Siddapura
b0893265e8b2,12.92661,77.543612,kidnapping,2018-07-21T05:00:00,Siddapura
dfcf3b1e33d9,12.924851,77.559989,kidnapping,2018-06-08T07:30:00,Siddapura
459f8997ea72,12.920918,77.553001,kidnapping,2018-02-08T10:20:00,Siddapura
0771d1e0ca19,12.931713,77.55831,kidnapping,2018-09-09T05:00:00,Siddapura
cd494085e6be,12.919726,77.540096,kidnapping,2018-05-26T10:45:00,Siddapura
1770e767014c,12.931113,77.562066,kidnapping,2018-01-17T06:10:00,Siddapura
5b22f676a91b,12.934536,77.558654,kidnapping,2018-12-11T04:15:00,Siddapura
83a5676c20ca,12.928254,77.559942,kidnapping,2018-11-17T01:00:00,Siddapura
ca004efa5bcc,12.931165,77.561615,kidnapping,2018-11-28T12:15:00,Siddapura
4fc840ce78a5,12.930523,77.553762,kidnapping,2018-10-12T06:00:00,Siddapura
009475abf437,12.921935,77.552745,kidnapping,2018-12-17T03:30:00,Siddapura
3e5ac536f6ee,12.921096,77.542289,kidnapping,2019-03-01T09:30:00,Siddapura
fab00264292a,12.930533,77.56006,kidnapping,2019-07-02T02:00:00,Siddapura
f4bd31798259,12.919938,77.539316,kidnapping,2019-09-02T10:00:00,Siddapura
edce4988a2c3,12.922189,77.547143,kidnapping,2019-02-16T03:00:00,Siddapura
98aa106fdab2,12.923744,77.553371,kidnapping,2019-02-26T21:33:00,Siddapura
820b1b84bb9c,12.932799,77.563597,kidnapping,2019-03-18T10:35:00,Siddapura
3429e4d1104d,12.931299,77.557662,kidnapping,2019-06-22T23:44:00,Siddapura
d6d8c0f4b124,12.920858,77.545245,kidnapping,2019-06-24T08:28:00,Siddapura
55a5fd600b1a,12.920577,77.543161,kidnapping,2019-07-30T03:04:00,Siddapura
c99e6d9c1694,12.931525,77.56159,kidnapping,2019-10-01T10:55:00,Siddapura
c13e2f035c98,12.94197,77.50588,rape,2015-02-06T18:20:00,Siddapura
8bee97d607aa,12.933274,77.583281,rape,2017-10-26T14:00:00,Siddapura
de5bb26acbd5,12.888238,77.569679,rape,2017-12-26T20:00:00,Siddapura
16335479a4ec,12.939824,77.57269,rape,2015-10-30T13:30:00,Siddapura
d6ad074e99ce,12.943541,77.57964,rape,2019-09-04T02:11:00,Siddapura
3536264cc70f,12.936987,77.568395,rape,2019-05-20T12:00:00,Siddapura
42c00106e42c,12.911783,77.577641,rape,2015-02-23T12:00:00,Siddapura
23e9342fa7c9,12.909427,77.570654,rape,2015-05-18T12:00:00,Siddapura
f9f7ce188a4d,12.914722,77.596809,rape,2016-04-02T18:18:00,Siddapura
0dc54ab17bc9,12.907556,77.570872,rape,2018-03-15T08:30:00,Siddapura
40c76a72d50a,12.906754,77.588294,rape,2018-03-24T12:30:00,Siddapura
25687d7a517f,12.928467,77.57525,rape,2015-06-16T13:30:00,Siddapura
fb02bce643c7,12.922128,77.5547,rape,2016-02-03T12:00:00,Siddapura
fca39eb52780,12.918994,77.556769,rape,2016-08-24T10:00:00,Siddapura
31f2b6437488,12.915569,77.556772,rape,2017-01-25T18:00:00,Siddapura
0015e96d32fa,12.928582,77.594708,rape,2017-04-18T18:00:00,Siddapura
a8b5eace99b3,13.0184,77.6781,rape,2017-01-11T17:00:00,Siddapura
4e0ca82d1673,12.917839,77.564225,rape,2018-03-08T12:10:00,Siddapura
fdcee789cf1f,12.933186,77.591077,rape,2015-02-26T22:30:00,Siddapura
7e9be28b81bc,12.943525,77.594291,rape,2016-04-05T11:00:00,Siddapura
0032bb8cff9c,12.91226,77.59215,rape,2015-01-29T11:30:00,Siddapura
038b4275432b,12.910331,77.55157,rape,2015-03-04T13:50:00,Siddapura
dd50d308f6f0,12.87795,77.583002,rape,2015-04-22T14:30:00,Siddapura
39771c95519f,12.914523,77.547779,rape,2016-03-19T01:30:00,Siddapura
2f68ebe8e6eb,12.891579,77.581429,rape,2016-07-15T17:00:00,Siddapura
86c5d8fe8bd0,12.898251,77.548007,rape,2016-07-20T21:45:00,Siddapura
cdbc91c24adc,12.882805,77.565042,rape,2017-03-27T17:00:00,Siddapura
57a56ad355ec,12.909758,77.554239,rape,2017-11-05T18:40:00,Siddapura
24501a8fd88b,12.89689,77.571363,rape,2018-05-29T22:45:00,Siddapura
b0dc84b974e5,12.942275,77.602394,rape,2019-08-18T19:30:00,Siddapura
3f5aa3c75187,12.880629,77.543807,rape,2015-10-09T22:00:00,Siddapura
391ed895144c,12.881293,77.547893,rape,2015-10-09T22:00:00,Siddapura
fe9fd2d363c1,12.933215,77.600864,rape,2016-02-01T22:41:00,Siddapura
e4967d444f8b,12.874197,77.52783,rape,2018-12-22T16:00:00,Siddapura
922f8c46e03a,12.882585,77.546078,rape,2019-04-03T20:00:00,Siddapura
62084e607f3b,12.942007,77.596823,rape,2019-07-05T20:00:00,Siddapura
419ba8367fbf,12.870965,77.53059,rape,2019-06-20T19:00:00,Siddapura
9c02a483b35b,12.870947,77.536765,rape,2019-07-20T21:00:00,Siddapura
a8e54514e4b9,12.861982,77.563524,rape,2019-08-17T11:45:00,Siddapura
33011869bbcb,12.891973,77.541607,rape,2019-02-10T10:00:00,Siddapura
d21fb6746ef9,12.865267,77.557889,rape,2019-03-11T20:00:00,Siddapura
af54cfda5fef,12.883443,77.569808,rape,2017-10-20T10:00:00,Siddapura
3028423667a7,12.88822,77.578284,rape,2017-12-17T13:00:00,Siddapura
3bab4655b53f,12.88296,77.570727,rape,2018-03-23T22:30:00,Siddapura
a92e279e24ed,12.88086,77.57472,rape,2018-03-24T12:40:00,Siddapura
b935571eb67b,12.929675,77.591476,rape,2018-03-24T21:00:00,Siddapura
8ba0910cfee2,12.866994,77.591193,rape,2018-06-07T09:30:00,Siddapura
4c47ba4fcb1c,12.887741,77.56966,rape,2018-05-08T18:10:00,Siddapura
7dcd62e69a44,12.880744,77.57559,rape,2018-11-26T19:45:00,Siddapura
f5e2bdaf8f4f,12.888224,77.570902,rape,2019-03-07T12:30:00,Siddapura
1f0932ab04f1,12.88226,77.56431,rape,2019-08-23T23:30:00,Siddapura
d1a7eb4ec2be,12.931319,77.597734,rape,2019-10-24T17:00:00,Siddapura
b150172e4c19,12.889349,77.578031,rape,2019-12-11T07:00:00,Siddapura
a74a943f98ef,12.897688,77.584369,rape,2018-11-16T16:30:00,Siddapura
d4714659580c,12.89745,77.5945,rape,2019-01-25T10:50:00,Siddapura
a35d2cd42673,12.905096,77.571337,rape,2015-01-12T03:15:00,Siddapura
8df285794ec8,12.895284,77.566213,rape,2017-07-04T21:00:00,Siddapura
115c31ce5450,12.915572,77.573216,rape,2017-07-01T20:00:00,Siddapura
06e9d3452bf5,12.895284,77.566213,rape,2018-06-12T18:00:00,Siddapura
bdf1bad8c9ae,12.897906,77.559498,rape,2019-03-27T16:00:00,Siddapura
4f044fa31637,12.902641,77.569743,rape,2019-04-12T16:00:00,Siddapura
5add1aacbc3f,12.926582,77.598515,rape,2015-06-17T16:15:00,Siddapura
7d2905701812,12.932556,77.592215,rape,2015-08-29T20:05:00,Siddapura
8340d61ec47b,12.937248,77.536549,rape,2015-11-24T16:00:00,Siddapura
33abc6cede17,12.932668,77.54142,rape,2018-05-26T02:36:00,Siddapura
bd753c7fff75,12.934279,77.588514,rape,2016-07-10T16:00:00,Siddapura
8830cc812493,12.951275,77.56574,rape,2019-03-25T21:20:00,Siddapura
bec2a7293aca,12.95534,77.56122,rape,2019-12-04T20:30:00,Siddapura
b4d3c55207ac,12.95506,77.56706,rape,2019-10-31T18:30:00,Siddapura
b877578e108c,12.940887,77.587637,rape,2017-01-13T10:00:00,Siddapura
17dcbe7ef620,12.939086,77.601064,rape,2015-01-28T23:41:00,Siddapura
c07077a5aeef,12.933008,77.560953,rape,2016-08-01T03:00:00,Siddapura
0c4110b4dd7e,12.923288,77.542503,rape,2016-08-05T11:30:00,Siddapura
345b6fa5a9ac,12.923332,77.548353,rape,2018-02-26T08:45:00,Siddapura
b59b6772e380,12.940852,77.596289,rape,2018-03-24T07:30:00,Siddapura
0dda93f215d0,12.930748,77.554886,rape,2019-05-27T09:00:00,Siddapura
624dfd490eb0,12.915668,77.569861,assault,2015-01-20T11:00:00,Siddapura
1ccf30e012c8,12.92397,77.57968,assault,2015-01-22T12:00:00,Siddapura
60828589af3f,12.88605,77.494843,assault,2015-03-02T01:00:00,Siddapura
122f8683e14e,12.88605,77.494843,assault,2015-03-22T10:30:00,Siddapura
173fd2587ed5,12.92875,77.5801,assault,2015-03-30T16:22:00,Siddapura
5c186cf50bd4,12.971599,77.594563,assault,2015-03-31T12:00:00,Siddapura
e98831788e44,12.919817,77.58481,assault,2015-04-13T04:00:00,Siddapura
cf25a8ea9360,12.926384,77.578007,assault,2015-04-22T05:00:00,Siddapura
3a49a1ff6c8f,12.926254,77.584896,assault,2015-05-31T06:00:00,Siddapura
2f2c4817be51,12.926809,77.592118,assault,2015-06-27T07:00:00,Siddapura
e46c6a5740e0,12.9373,77.584642,assault,2015-07-22T11:00:00,Siddapura
7d3415a3370c,12.926254,77.584896,assault,2015-08-18T11:30:00,Siddapura
be77a4c7b26b,12.927258,77.585571,assault,2015-08-21T11:40:00,Siddapura
53db1376f220,12.922537,77.616736,assault,2015-10-09T12:10:00,Siddapura
63605e36a866,12.919691,77.561583,assault,2015-05-21T08:56:00,Siddapura
a72614fee0bf,12.920121,77.571397,assault,2015-09-14T09:00:00,Siddapura
1e000409f48e,12.971599,77.594563,assault,2015-10-31T09:30:00,Siddapura
e7fb825a9487,12.9298,77.621739,assault,2015-12-23T10:00:00,Siddapura
cf49fe222f19,12.919774,77.577703,assault,2016-02-22T12:00:00,Siddapura
ef34167bb824,12.930901,77.579527,assault,2016-02-22T09:30:00,Siddapura
a570d31ba758,12.942117,77.575361,assault,2016-09-03T09:15:00,Siddapura
a40b5cf1db07,12.971599,77.594563,assault,2016-03-19T11:15:00,Siddapura
325a1751ac6f,12.92594,77.583042,assault,2016-03-21T11:35:00,Siddapura
82c6ab26b9de,12.928807,77.58585,assault,2016-08-04T12:00:00,Siddapura
c720ccaad7e8,12.930877,77.57673,assault,2016-02-05T09:30:00,Siddapura
9ca4957021e5,12.936629,77.58789,assault,2016-09-06T05:30:00,Siddapura
9ac3f248a5fd,12.92367,77.58014,assault,2016-09-06T04:00:00,Siddapura
4b5091af8ab3,12.932517,77.600125,assault,2016-03-07T08:00:00,Siddapura
2f9c16811a8b,12.926793,77.588426,assault,2016-05-08T09:00:00,Siddapura
a6aec601b17c,12.929605,77.59052,assault,2016-10-13T09:30:00,Siddapura
b011a51e98b9,12.94518,77.58715,assault,2016-12-12T04:15:00,Siddapura
9195798b7772,12.926173,77.594844,assault,2016-12-12T05:30:00,Siddapura
c25dfd127210,12.971599,77.594563,assault,2016-12-12T04:00:00,Siddapura
ffd5073bd55a,12.971599,77.594563,assault,2016-12-18T05:00:00,Siddapura
eef9388fdcfe,12.971599,77.594563,assault,2016-12-22T05:30:00,Siddapura
4664593ff158,12.92634,77.57802,assault,2017-01-21T11:00:00,Siddapura
8f2a172e36b6,12.91945,77.58825,assault,2017-01-29T11:30:00,Siddapura
937006bb8061,12.91945,77.58825,assault,2017-06-04T12:00:00,Siddapura
f1a5498c1430,12.91756,77.58832,assault,2017-04-25T12:30:00,Siddapura
f12b7eefaaea,12.92723,77.58548,assault,2017-06-27T11:15:00,Siddapura
e4e5a8f95c5b,12.92208,77.58953,assault,2017-10-07T12:00:00,Siddapura
dad83458c242,12.92367,77.58014,assault,2017-08-29T12:30:00,Siddapura
449a6b9f505e,12.925668,77.592755,assault,2017-08-29T01:00:00,Siddapura
36a350aecb96,12.921556,77.589475,assault,2017-02-09T05:00:00,Siddapura
bb05cb42f7f7,12.924857,77.576998,assault,2017-07-09T04:30:00,Siddapura
0c3b35ba3668,12.92485,77.5868,assault,2017-09-13T09:15:00,Siddapura
fcfc5424c0ad,12.921752,77.586995,assault,2017-09-29T10:20:00,Siddapura
220ddb24e85a,12.92208,77.58953,assault,2017-02-10T11:30:00,Subramanyapura
6d0bee9a1740,12.920536,77.582789,assault,2017-10-28T11:45:00,Subramanyapura
6b36e50eb935,12.923756,77.586952,assault,2017-01-11T12:00:00,Subramanyapura
d27c095a6df8,12.924178,77.590603,assault,2017-08-11T01:00:00,Subramanyapura
5baf0710798f,12.92938,77.586042,assault,2017-11-16T18:21:00,Subramanyapura
28df545837de,12.892132,77.553629,assault,2017-11-22T05:50:00,Subramanyapura
4285ee06e9e1,12.890938,77.549471,assault,2017-11-26T04:12:00,Subramanyapura
6d8888fad4f6,12.886606,77.541357,assault,2017-11-28T08:45:00,Subramanyapura
17ca79642397,12.884852,77.54893,assault,2017-11-29T09:45:00,Subramanyapura
9580cd33b9e7,12.893708,77.539115,assault,2017-07-12T01:50:00,Subramanyapura
0a98b392e1c9,12.885675,77.552429,assault,2017-12-23T02:00:00,Subramanyapura
45bd2576e9b1,12.893526,77.553962,assault,2017-12-25T10:20:00,Subramanyapura
7664fe88283d,12.892581,77.543026,assault,2017-12-31T11:00:00,Subramanyapura
91ef80c7fc06,12.889633,77.547976,assault,2018-01-16T11:30:00,Subramanyapura
d6dd32f3ce08,12.926745,77.579258,assault,2018-01-16T01:00:00,Subramanyapura
6abaee3005c3,12.880405,77.545822,assault,2018-11-02T02:30:00,Subramanyapura
3ca256af9821,12.891772,77.538851,assault,2018-03-20T11:30:00,Subramanyapura
777bd5b5ae12,12.922517,77.587116,assault,2018-04-18T12:00:00,Subramanyapura
45ac5c4efd80,12.930749,77.582961,assault,2018-01-06T08:45:00,Subramanyapura
777ce5fe23bb,12.893056,77.546548,assault,2018-12-08T09:15:00,Subramanyapura
0cb29c824186,12.931904,77.585883,assault,2018-08-31T09:45:00,Subramanyapura
bfae561f9ca6,12.929561,77.575507,assault,2018-08-09T10:50:00,Subramanyapura
c0eeca9653e5,12.922517,77.587116,assault,2019-02-18T11:00:00,Subramanyapura
2f32e1edff6d,12.945182,77.597825,assault,2019-03-14T11:15:00,Subramanyapura
f29df894f898,12.931566,77.584634,assault,2019-03-27T12:30:00,Subramanyapura
95c8e7b0cf69,12.896148,77.536542,assault,2019-04-20T01:00:00,Subramanyapura
4cfb16d43f66,12.92626,77.58598,assault,2019-05-05T02:00:00,Subramanyapura
6c29d227905e,12.883772,77.546877,assault,2019-06-05T10:00:00,Subramanyapura
f0c69dc75492,12.884334,77.548963,assault,2019-05-20T10:30:00,Subramanyapura
9b4c1c712a4f,12.93087,77.58145,assault,2019-05-22T11:15:00,Subramanyapura
f62d0c33aeb9,12.920789,77.58415,assault,2019-05-27T11:50:00,Subramanyapura
e5ad1759d803,12.971599,77.594563,assault,2019-06-20T12:00:00,Subramanyapura
66797e5cb72a,12.91795,77.58878,assault,2019-06-24T04:00:00,Subramanyapura
92506d753fc4,12.892667,77.537653,assault,2019-01-10T05:00:00,Subramanyapura
6d5522ec3d2f,12.92938,77.582961,assault,2019-01-11T06:00:00,Subramanyapura
716c0a8e5fd4,12.88825,77.545164,assault,2019-11-24T09:15:00,Subramanyapura
147c7bee4358,12.885645,77.553002,assault,2019-11-29T10:45:00,Subramanyapura
b45bd88a3ef8,12.893901,77.548645,assault,2019-12-23T11:30:00,Subramanyapura
b92f8c0bbe3e,12.91796,77.600883,assault,2019-12-28T12:00:00,Subramanyapura
b76d0262e901,12.947483,77.567938,assault,2015-03-03T15:15:00,Subramanyapura
d40d93e828af,12.947657,77.580014,assault,2015-07-03T06:58:00,Subramanyapura
633536bf0e14,12.947999,77.571559,assault,2015-03-24T21:05:00,Subramanyapura
1ac86be0b6bd,12.94262,77.570347,assault,2015-06-05T19:30:00,Subramanyapura
186e89781554,12.940197,77.57321,assault,2015-05-16T21:00:00,Subramanyapura
38943ca0c50b,12.939577,77.571341,assault,2015-05-22T18:30:00,Subramanyapura
0ed2afdde494,12.938381,77.572111,assault,2015-06-20T22:25:00,Subramanyapura
b745abe062fd,12.938381,77.572111,assault,2015-06-22T13:00:00,Subramanyapura
9d2698e41f6b,12.945012,77.570275,assault,2015-11-07T18:30:00,Subramanyapura
2a2c5eaa3242,12.893469,77.538014,assault,2015-07-17T10:30:00,Subramanyapura
4855b93884f4,12.936641,77.5755,assault,2015-08-19T15:00:00,Subramanyapura
84c6c472f195,12.948113,77.56867,assault,2015-10-09T06:56:00,Subramanyapura
083891f804ad,12.946584,77.570663,assault,2015-12-09T20:56:00,Subramanyapura
d7c5a7a1812e,12.948113,77.56867,assault,2015-03-10T20:00:00,Subramanyapura
5ac6a296c6d5,12.942869,77.579878,assault,2015-04-11T16:33:00,Subramanyapura
5dd03b63757c,12.941737,77.573275,assault,2015-03-12T22:00:00,Subramanyapura
3940c01d5d7c,12.948132,77.579756,assault,2015-12-15T13:45:00,Subramanyapura
04a8d451013e,12.942133,77.578746,assault,2015-12-22T17:05:00,Subramanyapura
b21aedbded4b,12.943177,77.571162,assault,2016-01-21T20:10:00,Subramanyapura
e594ff866d3a,12.943177,77.571162,assault,2016-02-13T13:45:00,Subramanyapura
84386bfc8762,12.93599,77.574076,assault,2016-04-14T17:30:00,Subramanyapura
4b20ba2f28b7,12.942133,77.578746,assault,2016-01-05T21:15:00,Subramanyapura
c3ee16ba6c52,12.942133,77.578746,assault,2016-10-05T08:28:00,Subramanyapura
85a017dc85aa,12.940208,77.579802,assault,2016-05-15T18:00:00,Subramanyapura
54b81f784292,12.942552,77.579834,assault,2016-05-21T14:30:00,Subramanyapura
afc570e4e294,12.941543,77.577026,assault,2016-05-31T12:15:00,Subramanyapura
1faf7bfcd952,12.946295,77.570297,assault,2016-06-30T23:45:00,Subramanyapura
bb759767231e,12.939171,77.571831,assault,2016-07-18T21:00:00,Subramanyapura
c6a13fe65cbe,12.939911,77.567767,assault,2016-08-22T16:45:00,Subramanyapura
d67ac4bdf715,12.944196,77.579261,assault,2016-09-18T23:00:00,Subramanyapura
dae0d157fc06,12.942357,77.572426,assault,2016-09-26T10:30:00,Subramanyapura
569c2c64134d,12.946001,77.568382,assault,2016-09-26T11:45:00,Subramanyapura
3bc725d031c2,12.941712,77.574775,assault,2016-09-29T11:00:00,Subramanyapura
52edaaa73578,12.94357,77.579924,assault,2016-12-16T11:30:00,Subramanyapura
121d76e6aea5,12.93711,77.580056,assault,2016-12-31T17:56:00,Subramanyapura
4120c604f14e,12.942133,77.578746,assault,2017-01-31T15:00:00,Subramanyapura
fe0b86b221b9,12.935943,77.575362,assault,2017-03-02T08:12:00,Subramanyapura
990a4a725211,12.942133,77.578746,assault,2017-02-19T17:30:00,Subramanyapura
18cbf527b908,12.936325,77.571876,assault,2017-04-24T18:45:00,Subramanyapura
10989ae4a019,12.940447,77.568217,assault,2017-04-30T20:15:00,Subramanyapura
debea6887307,12.941295,77.580022,assault,2017-05-13T13:00:00,Subramanyapura
a1d16f9f828b,12.947533,77.573701,assault,2017-05-23T18:00:00,Subramanyapura
7256a5e7836c,12.939111,77.569702,assault,2017-05-24T20:10:00,Subramanyapura
5276f3549d42,12.937585,77.573808,assault,2017-05-25T17:45:00,Subramanyapura
9dfa3544e2a4,12.947253,77.57479,assault,2017-11-06T05:05:00,Subramanyapura
88f4a60e1b48,12.939795,77.577381,assault,2017-06-18T13:30:00,Subramanyapura
29b79fcee4d6,12.941459,77.571213,assault,2017-06-21T19:00:00,Subramanyapura
a8717818dc15,12.941409,77.57992,assault,2017-01-07T19:51:00,Subramanyapura
ee4ddeea3569,12.94332,77.577211,assault,2017-04-07T20:02:00,Subramanyapura
39ccdee9b088,12.936325,77.56892,assault,2017-08-16T17:30:00,Subramanyapura
f3db397556b2,12.944757,77.578491,assault,2017-06-09T16:48:00,Subramanyapura
cb7c3fe0f16e,12.935281,77.570118,assault,2017-09-15T17:00:00,Subramanyapura
99f03fa0e77e,12.937872,77.578733,assault,2017-09-30T11:00:00,Subramanyapura
fc1b604add58,12.940373,77.579131,assault,2017-10-18T12:45:00,Subramanyapura
b2513d5c4099,12.946453,77.575328,assault,2017-01-08T11:47:00,Subramanyapura
7fae56cfdaca,12.944758,77.578493,assault,2017-10-19T16:45:00,Subramanyapura
f499c6cf867a,12.889118,77.553264,assault,2017-10-25T17:20:00,Subramanyapura
4d1ccdc1407d,12.943761,77.567843,assault,2017-11-17T19:50:00,Subramanyapura
7c964ea63143,12.941543,77.577026,assault,2017-06-12T00:16:00,Subramanyapura
f526a5cfd9cb,12.937788,77.580148,assault,2017-07-12T02:25:00,Subramanyapura
f3bdfdc2c4b6,12.93087,77.568371,assault,2017-12-21T22:00:00,Subramanyapura
8966005c3dee,12.940508,77.576202,assault,2018-11-01T14:35:00,Subramanyapura
e9f458cb8dfe,12.947974,77.57989,assault,2018-01-17T12:30:00,Subramanyapura
2a1c89104709,12.937677,77.574721,assault,2018-02-18T13:00:00,Subramanyapura
6adfc33d1ef1,12.939976,77.573271,assault,2018-03-23T16:30:00,Subramanyapura
8318cd046178,12.947461,77.568853,assault,2018-10-04T03:17:00,Subramanyapura
3499c9b5469c,12.943653,77.571144,assault,2018-09-05T16:18:00,Subramanyapura
771bdf7ef1aa,12.934866,77.5687,assault,2018-10-05T10:51:00,Subramanyapura
3dccd75ad10d,12.93695,77.572194,assault,2018-08-26T21:30:00,Subramanyapura
ec903454e16d,12.93551,77.570118,assault,2018-09-14T11:30:00,Subramanyapura
23a924431d03,12.940056,77.579852,assault,2019-02-26T23:50:00,Subramanyapura
fd68cce7cf67,12.944576,77.572059,assault,2019-03-18T11:00:00,Subramanyapura
cd397759eff3,12.941085,77.579968,assault,2019-03-21T20:00:00,Subramanyapura
d5cab42e6a89,12.940298,77.573495,assault,2019-11-04T02:39:00,Subramanyapura
ea9d14628073,12.935622,77.566853,assault,2019-12-04T13:57:00,Subramanyapura
80f57b63d418,12.943699,77.579185,assault,2019-04-16T19:30:00,Subramanyapura
fc41b5c5cb69,12.936805,77.571808,assault,2019-06-19T13:00:00,Subramanyapura
9ed29d94c853,12.944821,77.546403,assault,2015-02-01T00:13:00,Subramanyapura
34c63c65b36b,12.911291,77.590746,assault,2015-03-01T01:54:00,Subramanyapura
218487e9341b,12.901205,77.571881,assault,2015-01-14T10:31:00,Subramanyapura
e4116a65585f,12.912446,77.576463,assault,2015-01-28T08:40:00,Subramanyapura
df4fe7d8d2dd,12.908147,77.590381,assault,2015-02-02T03:23:00,Subramanyapura
e4280a512415,12.916108,77.576098,assault,2015-02-01T18:05:00,Subramanyapura
055efccdc8d1,12.89808,77.580456,assault,2015-02-28T06:20:00,Subramanyapura
4d755a4e3acb,12.888837,77.553633,assault,2015-06-03T18:52:00,Subramanyapura
32fe0109678b,12.899377,77.589217,assault,2015-07-03T00:04:00,Subramanyapura
52e6855604ea,12.899377,77.589217,assault,2015-03-22T01:35:00,Subramanyapura
449e0e289f1d,12.896575,77.594736,assault,2015-01-04T15:05:00,Subramanyapura
306b2fe0a6f5,12.894916,77.549605,assault,2015-10-04T07:12:00,Subramanyapura
576d8151e307,12.891764,77.59255,assault,2015-04-22T07:01:00,Subramanyapura
723b6adc18f1,12.91034,77.590266,assault,2015-04-26T08:35:00,Subramanyapura
de34b6e7256c,12.902012,77.569868,assault,2015-05-05T15:34:00,Subramanyapura
5ec52085c6b4,12.89835,77.573651,assault,2015-05-22T01:00:00,Subramanyapura
86e11353fea0,12.898349,77.560519,assault,2015-05-22T07:30:00,Subramanyapura
7803e6dd9377,12.901138,77.574257,assault,2015-04-06T18:11:00,Subramanyapura
ff1e710b9229,12.89044,77.575671,assault,2015-07-06T15:58:00,Subramanyapura
428a277c90ed,12.90174,77.594442,assault,2015-10-06T10:09:00,Subramanyapura
b68e5add4971,12.8966,77.588472,assault,2015-07-06T19:30:00,Subramanyapura
60038cc47cfc,12.910021,77.579554,assault,2015-01-07T03:43:00,Subramanyapura
fd999f24edac,12.90221,77.578597,assault,2015-10-07T22:01:00,Subramanyapura
6d39281a02d8,12.894692,77.548192,assault,2015-12-07T04:07:00,Subramanyapura
c14533ce4c80,12.908371,77.586153,assault,2015-02-08T06:13:00,Subramanyapura
11847e154454,12.906208,77.593754,assault,2015-08-14T09:31:00,Subramanyapura
c33b08a62a57,12.904649,77.578513,assault,2015-08-18T08:46:00,Subramanyapura
46f77a64688f,12.897498,77.594366,assault,2015-08-26T08:05:00,Subramanyapura
53f941c8dff2,12.916767,77.587298,assault,2015-09-15T06:10:00,Subramanyapura
6bf3a69a84ce,12.911652,77.585949,assault,2015-09-22T09:46:00,Subramanyapura
4e0eab119e61,12.908521,77.571555,assault,2015-09-25T01:10:00,Subramanyapura
a5b22f0646eb,12.908519,77.538724,assault,2015-09-30T06:11:00,Subramanyapura
c3f1483d0390,12.908514,77.538724,assault,2015-10-26T05:45:00,Subramanyapura
6b876874393d,12.89808,77.580456,assault,2015-11-19T08:35:00,Subramanyapura
ebe0b7581df9,12.901971,77.570278,assault,2016-01-25T11:05:00,Subramanyapura
afd797b4f2ac,12.911686,77.583847,assault,2016-03-02T23:54:00,Subramanyapura
ff24522446b5,12.911686,77.583847,assault,2016-06-02T02:49:00,Subramanyapura
30b88f927abc,12.911297,77.572346,assault,2016-10-02T15:54:00,Subramanyapura
b681de693b18,12.910503,77.586605,assault,2016-02-27T09:30:00,Subramanyapura
65bca8d45664,12.910503,77.586605,assault,2016-03-13T05:16:00,Subramanyapura
fc9b44f2f060,12.893459,77.583164,assault,2016-03-30T04:05:00,Subramanyapura
7a3f8d3334f7,12.909725,77.583651,assault,2016-02-04T18:50:00,Subramanyapura
be3cec3845ec,12.898682,77.569052,assault,2016-04-15T03:00:00,Subramanyapura
1944fd454cfb,12.897943,77.583817,assault,2016-03-19T12:01:00,Subramanyapura
50fbe5d33b18,12.897942,77.568496,assault,2015-12-28T11:00:00,Subramanyapura
9020dca7f9c4,12.915623,77.596069,assault,2016-06-19T12:15:00,Subramanyapura
84318fa35a05,12.906994,77.572037,assault,2016-07-17T08:16:00,Subramanyapura
47a1ea7e7259,12.899245,77.589167,assault,2016-07-23T12:05:00,Subramanyapura
08712566781b,12.915434,77.584315,assault,2016-07-26T05:01:00,Subramanyapura
f4531a14989b,12.910852,77.576432,assault,2016-07-27T11:45:00,Subramanyapura
8445af9d5317,12.906718,77.57351,assault,2016-08-08T17:51:00,Subramanyapura
20f07ebd53cf,12.892349,77.583599,assault,2016-08-16T11:35:00,Subramanyapura
23bf5efd4a0d,12.891135,77.536716,assault,2016-07-09T16:11:00,Subramanyapura
2eff93ffb885,12.957365,77.567291,assault,2016-09-18T02:31:00,Subramanyapura
b8c52ee57342,12.957363,77.534459,assault,2016-08-09T20:10:00,Subramanyapura
f7292b108e0d,12.915181,77.595183,assault,2016-09-21T08:50:00,Subramanyapura
efaa40703223,12.907866,77.587606,assault,2016-02-11T04:26:00,Subramanyapura
a38a39ff098b,12.915586,77.577028,assault,2016-10-28T06:40:00,Subramanyapura
f7e2a3b1de27,12.915577,77.509175,assault,2016-02-12T11:16:00,Subramanyapura
a1e6d0236ea4,12.89698,77.595439,assault,2016-02-12T05:32:00,Subramanyapura
47ef5c4e3296,12.900906,77.557897,assault,2016-10-12T04:56:00,Subramanyapura
6f8692f90ba3,12.911577,77.572339,assault,2016-12-24T06:00:00,Subramanyapura
ba68df5dacd8,12.916473,77.590186,assault,2017-01-20T07:35:00,Subramanyapura
97519560a415,12.914897,77.572527,assault,2016-10-12T13:04:00,Subramanyapura
63c8e1d30a28,12.910929,77.576891,assault,2017-01-25T06:15:00,Subramanyapura
8c3ec82dce86,12.93182,77.620542,assault,2017-09-03T21:55:00,Subramanyapura
22a693857ee2,12.911698,77.591605,assault,2017-05-16T01:05:00,Subramanyapura
eaea649c273e,12.911695,77.558774,assault,2017-06-15T03:30:00,Subramanyapura
4885b078a8dd,12.911816,77.585435,assault,2017-06-30T08:50:00,Subramanyapura
a398a6f10bdb,12.911291,77.590746,assault,2015-03-01T00:49:00,Subramanyapura
664c54765610,12.913844,77.57671,assault,2017-07-26T11:45:00,Subramanyapura
fad1b2e5126c,12.910127,77.570878,assault,2017-06-08T15:40:00,Subramanyapura
be4ccbb69cdc,12.910702,77.587797,assault,2017-05-09T18:21:00,Subramanyapura
678b55da74b8,12.909129,77.578282,assault,2017-09-28T11:10:00,Subramanyapura
93b7368f7458,12.911698,77.591605,assault,2017-08-10T04:58:00,Subramanyapura
2440aa77ab4a,12.911816,77.585435,assault,2017-12-10T01:29:00,Subramanyapura
5fdc84e3fb03,12.911814,77.552604,assault,2017-10-19T09:10:00,Subramanyapura
8764c5f14436,12.914286,77.590983,assault,2017-01-11T14:38:00,Subramanyapura
afca36f6ad9d,12.914286,77.584417,assault,2018-02-01T03:32:00,Subramanyapura
411fe8e28df8,12.911451,77.585976,assault,2018-07-01T12:19:00,Subramanyapura
623a0696f0fe,12.912099,77.588872,assault,2018-11-01T21:06:00,Subramanyapura
9786bd7323ea,12.910894,77.575867,assault,2018-01-20T11:45:00,Subramanyapura
81881396c1e6,12.908888,77.573303,assault,2018-01-20T09:10:00,Subramanyapura
1acf944986e5,12.915249,77.583684,assault,2018-02-02T14:22:00,Subramanyapura
3a0b63a3d411,12.911698,77.591605,assault,2018-02-20T08:35:00,Subramanyapura
e967cdfcd39b,12.911697,77.585039,assault,2018-03-24T02:40:00,Subramanyapura
6ec738015195,12.921537,77.569003,assault,2018-05-19T01:35:00,Subramanyapura
cf0aac2a8b52,12.910988,77.577546,assault,2018-05-19T07:10:00,Subramanyapura
2a3712e815ad,12.895649,77.558425,assault,2018-05-27T06:10:00,Subramanyapura
0c17b4c051d9,12.895648,77.558425,assault,2018-10-06T13:22:00,Subramanyapura
68840b211bbf,12.91352,77.556791,assault,2018-03-07T18:53:00,Subramanyapura
0388435f9c5e,12.915162,77.584419,assault,2018-06-30T11:00:00,Subramanyapura
9e5c8b01005a,12.907371,77.581836,assault,2018-07-09T23:19:00,Subramanyapura
1c7b7a3e315c,12.907371,77.581836,assault,2018-09-21T11:10:00,Subramanyapura
349f3c8fb4f9,12.936701,77.622669,assault,2018-10-10T23:17:00,Subramanyapura
bb69501a4647,12.915389,77.592985,assault,2018-10-23T06:30:00,Subramanyapura
30d78367c0f2,12.899856,77.566158,assault,2018-01-11T09:40:00,Subramanyapura
665eb15831bd,12.899856,77.566158,assault,2018-07-11T07:25:00,Subramanyapura
79690d357c06,12.916271,77.587138,assault,2018-11-22T06:25:00,Subramanyapura
8582f999b0fe,12.911347,77.579419,assault,2018-09-12T09:16:00,Subramanyapura
10b677bd173b,12.990108,77.664146,assault,2018-12-16T12:35:00,Subramanyapura
43b7dc344fe2,12.908365,77.582827,assault,2019-04-01T01:05:00,Subramanyapura
3584c472e7de,12.935556,77.630998,assault,2019-01-20T01:50:00,Subramanyapura
5cc3e9c67e98,12.899863,77.589892,assault,2019-01-26T06:40:00,Subramanyapura
af3f32d3dfbf,12.916734,77.591133,assault,2019-07-03T04:27:00,Subramanyapura
7deda90b37d9,12.906392,77.571542,assault,2019-11-03T08:04:00,Subramanyapura
31487946483d,12.882411,77.546519,assault,2019-02-05T16:26:00,Subramanyapura
cb584f7f2ed0,12.911703,77.591605,assault,2019-05-18T10:15:00,Subramanyapura
cbf2d77f82b1,12.910215,77.592949,assault,2019-06-27T07:10:00,Subramanyapura
20025e6f030a,12.911703,77.591605,assault,2019-10-08T16:11:00,Subramanyapura
fbe4d117aad1,12.916363,77.590251,assault,2019-08-22T06:30:00,Subramanyapura
7ee8f201cd36,12.908391,77.592542,assault,2019-08-09T06:58:00,Subramanyapura
ce145adee4fd,12.911398,77.576474,assault,2019-09-30T09:15:00,Subramanyapura
9e88a5a4caf4,12.889901,77.54531,assault,2019-10-22T09:20:00,Subramanyapura
c57ce298b2b7,12.909312,77.597798,assault,2019-10-27T10:00:00,Subramanyapura
0c47f2351765,12.907045,77.590431,assault,2019-12-11T02:15:00,Subramanyapura
28d58ed4a0d3,12.909315,77.573174,assault,2018-11-20T11:10:00,Subramanyapura
e2923f187288,12.911703,77.591605,assault,2019-12-14T05:30:00,Subramanyapura
e73f3bf8f6a4,12.908829,77.590309,assault,2019-12-15T06:00:00,Subramanyapura
4facfc1a6698,12.915522,77.554639,assault,2015-02-28T23:09:00,Subramanyapura
bcdafa395af8,12.923567,77.570003,assault,2015-09-02T12:00:00,Subramanyapura
415165767322,12.927456,77.568694,assault,2015-02-23T16:00:00,Subramanyapura
82559d7fc184,12.9172,77.565917,assault,2015-01-03T01:00:00,Subramanyapura
cb38f89f0e13,12.915522,77.554639,assault,2015-05-03T13:00:00,Subramanyapura
0271d58f7aaa,12.919653,77.574047,assault,2015-03-30T09:30:00,Subramanyapura
50c68f183648,12.918147,77.564561,assault,2015-06-22T21:00:00,Subramanyapura
658000e52e4a,12.881585,77.546763,assault,2015-04-19T21:30:00,Subramanyapura
c3646b74ca4a,12.913686,77.564311,assault,2015-12-05T23:00:00,Subramanyapura
3914a4d2ad85,12.9176,77.572867,assault,2015-05-06T15:00:00,Subramanyapura
f57e2ea04151,12.915522,77.562658,assault,2015-06-15T09:30:00,Subramanyapura
64fd780946df,12.918556,77.572506,assault,2015-07-23T22:45:00,Subramanyapura
69e16bbb4ed2,12.925133,77.564733,assault,2015-07-08T15:00:00,Subramanyapura
e141ddfededf,12.918328,77.561669,assault,2015-08-19T12:45:00,Subramanyapura
eedd48fd7f07,12.929394,77.569544,assault,2015-08-29T21:00:00,Subramanyapura
509e483ad4a6,12.929394,77.569544,assault,2015-08-29T21:15:00,Subramanyapura
bc3015ab0ae7,12.919714,77.563039,assault,2015-08-31T20:00:00,Subramanyapura
3e6f48cccb43,12.922533,77.573614,assault,2015-01-09T18:15:00,Subramanyapura
de6bf01c4a3e,12.913636,77.55515,assault,2015-10-16T11:45:00,Subramanyapura
ddde1739a5f7,12.922958,77.570083,assault,2015-12-11T01:30:00,Subramanyapura
87294ed3cedd,12.92095,77.573892,assault,2015-12-14T18:30:00,Subramanyapura
c4592b7aeef7,12.92675,77.563606,assault,2015-12-31T18:15:00,Subramanyapura
03562ae428ea,12.915422,77.562006,assault,2016-08-02T22:45:00,Subramanyapura
121c151e707e,12.922958,77.570083,assault,2016-10-02T23:30:00,Subramanyapura
fef70807d7eb,12.922128,77.5547,assault,2016-02-03T13:00:00,Subramanyapura
87edc8935fcf,12.915325,77.563661,assault,2016-12-03T17:00:00,Subramanyapura
6f5318b3edf0,12.923553,77.563375,assault,2016-03-17T00:15:00,Subramanyapura
967091f30cbc,12.923553,77.563375,assault,2016-03-17T00:30:00,Subramanyapura
0bbeca3383b4,12.882092,77.552865,assault,2016-03-04T21:15:00,Subramanyapura
78266e5b8d0d,12.930494,77.573656,assault,2016-07-13T22:30:00,Subramanyapura
512cab9f8379,12.916067,77.5636,assault,2018-09-05T16:00:00,Subramanyapura
1ca3a464d4fd,12.917839,77.568625,assault,2016-11-04T15:00:00,Subramanyapura
710eeeda1723,12.915522,77.562658,assault,2016-04-15T11:30:00,Subramanyapura
204e43a4c6ad,12.930739,77.576489,assault,2016-02-05T13:00:00,Subramanyapura
fbb2bb45c3de,12.880222,77.543713,assault,2016-04-05T23:30:00,Subramanyapura
ac31e66f5e2e,12.917839,77.568625,assault,2016-06-05T15:00:00,Subramanyapura
adabada5e594,12.919817,77.56905,assault,2016-09-05T22:40:00,Subramanyapura
2a9241183a6b,12.920083,77.569753,assault,2016-05-13T00:10:00,Subramanyapura
99112ad801bd,12.9154,77.568136,assault,2016-05-28T03:30:00,Subramanyapura
d0aec647c54e,12.923553,77.563375,assault,2016-04-06T13:45:00,Subramanyapura
232489e80aea,12.920083,77.569753,assault,2016-06-15T14:00:00,Subramanyapura
48addcaf78c9,12.917517,77.553386,assault,2016-06-18T15:00:00,Subramanyapura
65ceba98d64c,12.915839,77.556892,assault,2016-06-24T15:00:00,Subramanyapura
f35c6223c5d1,12.92,77.571808,assault,2016-12-07T07:30:00,Subramanyapura
89ebc71f053a,12.930494,77.573656,assault,2016-07-13T04:30:00,Subramanyapura
04548691293c,12.925133,77.564733,assault,2016-07-15T18:30:00,Subramanyapura
09df986a76c5,12.925133,77.564733,assault,2016-07-17T11:00:00,Subramanyapura
466a71d76d96,12.917678,77.563883,assault,2016-07-17T15:00:00,Subramanyapura
275524c46004,12.913636,77.55515,assault,2016-01-09T19:00:00,Subramanyapura
d1ae70e5fe07,12.930494,77.573656,assault,2016-09-16T16:00:00,Subramanyapura
b3ad9203fcf0,12.915375,77.556742,assault,2016-09-21T11:00:00,Subramanyapura
f817206871dd,12.915375,77.556742,assault,2016-09-22T16:00:00,Subramanyapura
b7d89f524ba5,12.915422,77.562006,assault,2016-06-10T11:00:00,Subramanyapura
eef2784b6ecd,12.915422,77.562006,assault,2016-11-10T14:30:00,Subramanyapura
203e07a70a67,12.927972,77.569867,assault,2016-08-12T20:20:00,Subramanyapura
dbc6b4a1e1cd,12.919653,77.574047,assault,2016-12-22T12:00:00,Subramanyapura
a5131e6b337b,12.916794,77.567739,assault,2017-05-03T15:00:00,Subramanyapura
955e4205dc0d,12.931114,77.572438,assault,2017-01-04T13:00:00,Subramanyapura
509772ba2ee0,12.917839,77.568625,assault,2016-06-05T15:00:00,Subramanyapura
be408d3d3299,12.91507,77.56806,assault,2017-01-05T16:00:00,Subramanyapura
99c0d70db19f,12.915919,77.564383,assault,2017-06-18T22:30:00,Subramanyapura
69d62da79a1d,12.916794,77.567739,assault,2017-06-24T19:30:00,Subramanyapura
84f4ef06c5e8,12.933156,77.569694,assault,2017-08-07T22:15:00,Subramanyapura
1de40ac88d01,12.933156,77.569694,assault,2017-09-07T01:15:00,Subramanyapura
2d1c5932ae56,12.922958,77.570083,assault,2017-07-19T13:00:00,Subramanyapura
1f0814e87b87,12.922958,77.570083,assault,2017-07-19T14:00:00,Subramanyapura
8385540d315c,12.915522,77.562658,assault,2017-04-12T18:00:00,Subramanyapura
ca43f3777444,12.922644,77.567431,assault,2017-07-28T21:00:00,Subramanyapura
0047d7a4e427,12.909288,77.645849,assault,2017-07-31T19:30:00,Subramanyapura
886b34f40492,12.934824,77.56557,assault,2017-07-31T20:20:00,Subramanyapura
92e8ef0d107b,12.915569,77.556772,assault,2017-01-08T10:00:00,Subramanyapura
c59a9696728a,12.926356,77.576931,assault,2017-01-08T14:30:00,Subramanyapura
f5646b0d7886,12.932416,77.567696,assault,2017-07-08T12:00:00,Subramanyapura
c45ac12a1e9a,12.921254,77.55559,assault,2017-07-08T12:30:00,Subramanyapura
036beb96f660,12.925431,77.560864,assault,2017-07-08T19:00:00,Subramanyapura
42ab231af989,12.922644,77.567431,assault,2017-09-08T22:30:00,Subramanyapura
4df7fc57e5dc,12.922644,77.567431,assault,2017-08-16T06:30:00,Subramanyapura
ee521972baf1,12.922958,77.570083,assault,2017-08-21T13:00:00,Subramanyapura
5600a251115a,12.927628,77.570539,assault,2017-08-23T09:10:00,Subramanyapura
f660bef99294,12.887244,77.53746,assault,2017-08-26T20:00:00,Subramanyapura
9ff13360c71e,12.917408,77.573061,assault,2017-07-09T10:10:00,Subramanyapura
2159635cade2,12.926356,77.576931,assault,2017-11-09T17:00:00,Subramanyapura
68a8150900d8,12.927628,77.570539,assault,2017-09-22T12:30:00,Subramanyapura
20c9b90c520f,12.921722,77.57355,assault,2017-11-18T16:05:00,Subramanyapura
110707d1de59,12.91555,77.566078,assault,2017-11-20T12:30:00,Subramanyapura
875c22652429,12.888962,77.547618,assault,2017-11-28T22:00:00,Subramanyapura
9c97061e410c,12.918994,77.556769,assault,2017-12-12T22:30:00,Subramanyapura
4e564898f053,12.916067,77.5636,assault,2017-12-13T18:15:00,Subramanyapura
f2871e154e0d,12.919653,77.574047,assault,2017-12-23T15:00:00,Subramanyapura
1582d184fe7a,12.913636,77.55515,assault,2018-06-01T10:15:00,Subramanyapura
630481f96245,12.921722,77.57355,assault,2018-02-20T10:00:00,Subramanyapura
9f6c7db59e71,12.916067,77.5636,assault,2018-02-20T10:30:00,Subramanyapura
ec43d1678b59,12.916067,77.5636,assault,2018-03-14T21:00:00,Subramanyapura
7d88cd05e38e,12.921722,77.57355,assault,2018-03-17T11:05:00,Subramanyapura
8e1bbf91c5f6,12.924606,77.570278,assault,2018-03-29T11:45:00,Subramanyapura
d34eb45fbefd,12.924989,77.566264,assault,2018-03-29T17:30:00,Subramanyapura
dbd1f90fa47f,12.917239,77.563219,assault,2018-04-14T17:00:00,Subramanyapura
7decf63d478c,12.917517,77.553386,assault,2016-06-18T12:45:00,Subramanyapura
8e659448ddf2,12.919653,77.574047,assault,2018-04-30T13:10:00,Subramanyapura
2136eeabe9fa,12.918994,77.556769,assault,2018-05-05T10:50:00,Subramanyapura
ca414f2eff4c,12.916067,77.5636,assault,2018-09-05T17:45:00,Subramanyapura
c2b5b4a873ac,12.928339,77.56206,assault,2018-05-21T10:40:00,Subramanyapura
f2a57e8b5c6d,12.925431,77.560864,assault,2018-05-24T18:00:00,Subramanyapura
75832de71047,12.927628,77.570539,assault,2018-05-06T14:35:00,Subramanyapura
6868d9bdcbe5,12.927628,77.570539,assault,2018-07-07T13:00:00,Subramanyapura
9002be3b4326,12.927628,77.570539,assault,2018-07-22T18:30:00,Subramanyapura
27e56c58a2e5,12.916067,77.5636,assault,2018-07-26T13:30:00,Subramanyapura
8444bb97aab9,12.909288,77.645849,assault,2018-08-08T17:10:00,Subramanyapura
3c76c55708a6,12.917239,77.563219,assault,2018-08-28T13:30:00,Subramanyapura
96a85ec0389e,12.909288,77.645849,assault,2018-02-09T15:15:00,Subramanyapura
f5bb3b7e9873,12.91795,77.55935,assault,2018-11-09T12:30:00,Subramanyapura
a29170165fca,12.922958,77.570083,assault,2018-09-15T20:00:00,Subramanyapura
b19c6eea9f27,12.91555,77.566078,assault,2018-04-10T12:30:00,Subramanyapura
e40c83c0ba14,13.08595,77.54681,assault,2018-10-21T23:15:00,Subramanyapura
19ebe26b62ee,12.918147,77.572175,assault,2018-09-11T18:30:00,Subramanyapura
11dd03cab66a,12.87745,77.49977,assault,2018-11-16T17:00:00,Subramanyapura
285e844742ba,12.922958,77.570083,assault,2018-11-12T18:45:00,Subramanyapura
9a97297c6f05,12.919653,77.574047,assault,2018-12-21T16:30:00,Subramanyapura
f0ab0c60c369,12.926356,77.576931,assault,2019-12-02T18:10:00,Subramanyapura
9df000cfee77,12.916914,77.567717,assault,2019-02-19T11:00:00,Subramanyapura
ead5b3b2b619,12.919964,77.569281,assault,2019-01-03T11:15:00,Subramanyapura
950f79245853,12.891672,77.542657,assault,2019-01-03T20:45:00,Subramanyapura
b4a57e33c07d,12.889147,77.544089,assault,2019-03-14T12:30:00,Subramanyapura
c0a96499d5ff,12.8911,77.546544,assault,2019-03-17T10:15:00,Subramanyapura
bc2d683eec53,12.888464,77.54037,assault,2019-03-04T13:00:00,Subramanyapura
7284558c1416,12.91507,77.56806,assault,2019-04-26T12:30:00,Subramanyapura
5d7be94c3da7,12.879027,77.538976,assault,2019-05-25T12:30:00,Subramanyapura
d4060c7f444e,12.920836,77.574158,assault,2019-03-06T14:00:00,Subramanyapura
a4ad099f5208,12.915522,77.562658,assault,2019-05-07T18:30:00,Subramanyapura
b0a80d3a0ac8,12.933159,77.562189,assault,2019-08-22T13:30:00,Subramanyapura
d3208cc7ff37,12.931114,77.572438,assault,2019-09-17T10:00:00,Subramanyapura
c032fa8f55d5,12.931114,77.572438,assault,2019-07-10T12:00:00,Subramanyapura
2fc9f8621cdd,12.9176,77.572867,assault,2019-09-10T17:40:00,Subramanyapura
2318c1c13598,12.919653,77.574047,assault,2019-10-16T20:05:00,Subramanyapura
b05316a79e46,12.92171,77.58182,assault,2019-12-31T12:30:00,Subramanyapura
8baecffbd87b,12.943049,77.593932,assault,2015-07-01T13:30:00,Subramanyapura
cf56323b3338,12.944431,77.592409,assault,2015-07-01T17:00:00,Subramanyapura
a553355fa710,12.945278,77.595524,assault,2015-07-01T20:15:00,Subramanyapura
d3bf308e826e,12.8811,77.544059,assault,2015-02-27T21:30:00,Subramanyapura
880ec8add8bd,12.944233,77.59324,assault,2015-09-03T23:15:00,Subramanyapura
1b5d89eb8745,12.890023,77.539697,assault,2015-05-04T21:00:00,Subramanyapura
e7905222a6fd,12.946857,77.590644,assault,2015-09-04T12:00:00,Subramanyapura
e9b19366b7e0,12.943434,77.591206,assault,2015-04-21T15:30:00,Subramanyapura
6491286029b0,12.939397,77.581866,assault,2015-04-21T19:00:00,Subramanyapura
7cfcfd9de2ea,12.944892,77.592975,assault,2015-02-05T14:00:00,Subramanyapura
db108e90f519,12.945817,77.591605,assault,2015-08-05T17:30:00,Subramanyapura
7ccd96c0d470,12.944759,77.588346,assault,2015-08-05T20:00:00,Subramanyapura
5860a5d08a27,12.93316,77.591128,assault,2015-04-07T09:00:00,Subramanyapura
33e08952263c,12.934473,77.59165,assault,2015-09-07T20:45:00,Subramanyapura
3776baddd9f2,12.939379,77.5811,assault,2015-07-24T18:00:00,Subramanyapura
5a51852c2902,12.943708,77.591165,assault,2015-02-08T21:30:00,Subramanyapura
47ca442da1b6,12.895911,77.535882,assault,2015-04-08T19:00:00,Subramanyapura
43c458d2e063,12.945817,77.591605,assault,2015-08-22T09:30:00,Subramanyapura
e88fd6376af4,12.944967,77.591029,assault,2015-08-27T14:00:00,Subramanyapura
1737cff8bfa0,12.947976,77.593348,assault,2015-08-28T00:00:00,Subramanyapura
25f06b977363,12.941112,77.587016,assault,2015-02-09T13:00:00,Subramanyapura
d9bdfd6e640b,12.935734,77.590385,assault,2015-09-14T19:00:00,Subramanyapura
849fe479fad6,12.93448,77.590688,assault,2015-09-16T11:50:00,Subramanyapura
645b1f5c980d,12.934277,77.591799,assault,2015-09-17T11:45:00,Subramanyapura
c8e93ab3899e,12.945227,77.595169,assault,2015-09-20T06:30:00,Subramanyapura
589bee175fa8,12.942829,77.583746,assault,2015-10-17T17:30:00,Subramanyapura
f9af2248a268,12.935734,77.590385,assault,2015-10-19T13:30:00,Subramanyapura
3ace22dd3cd5,12.952162,77.586903,assault,2015-10-23T16:00:00,Subramanyapura
8df56a4bb398,12.93498,77.594952,assault,2015-10-29T19:20:00,Subramanyapura
ab6568aa580e,12.934298,77.591304,assault,2015-11-22T15:00:00,Subramanyapura
0d6c0bdccbb1,12.934298,77.591304,assault,2015-11-22T15:05:00,Subramanyapura
ba98c8dd69fa,12.944595,77.592055,assault,2015-10-12T18:30:00,Subramanyapura
02ee1c8cd6ae,12.939306,77.584061,assault,2015-12-17T20:00:00,Subramanyapura
d211f91a3078,12.938934,77.58403,assault,2016-08-01T17:15:00,Subramanyapura
00ba068d8230,12.945515,77.595353,assault,2016-10-01T13:30:00,Subramanyapura
d4f1b5d10e7e,12.942576,77.586741,assault,2016-01-19T13:00:00,Subramanyapura
372c032d9f5f,12.945497,77.589562,assault,2016-05-02T12:45:00,Subramanyapura
993525be20a4,12.943625,77.585229,assault,2016-02-27T16:00:00,Subramanyapura
a17502786267,12.948081,77.59328,assault,2016-05-03T09:00:00,Subramanyapura
f095d2128e8a,12.948081,77.59328,assault,2016-11-03T10:30:00,Subramanyapura
6bd1f0eb993e,12.942031,77.59273,assault,2016-03-28T11:00:00,Subramanyapura
7d58fd7637e7,12.943805,77.593021,assault,2016-03-30T17:00:00,Subramanyapura
ede8c235bf86,12.942846,77.594419,assault,2016-06-04T10:20:00,Subramanyapura
532f0858c4ad,12.938627,77.581218,assault,2016-04-30T20:00:00,Subramanyapura
d3e80ae250c0,12.94434,77.587818,assault,2016-01-05T20:00:00,Subramanyapura
7e961e239246,12.94434,77.587818,assault,2016-01-05T20:15:00,Subramanyapura
80645de3e5c3,12.939312,77.586619,assault,2016-11-05T18:00:00,Subramanyapura
c231bba5dc74,12.939312,77.586619,assault,2016-11-05T18:15:00,Subramanyapura
1a242764dcb0,12.94476,77.592926,assault,2016-05-22T19:00:00,Subramanyapura
52e6f6804064,12.945174,77.595589,assault,2016-07-06T14:00:00,Subramanyapura
3b8401567d70,12.935381,77.591364,assault,2016-10-06T19:10:00,Subramanyapura
2c2d0235c679,12.946363,77.592187,assault,2016-10-06T20:00:00,Subramanyapura
727cf24b293f,12.942031,77.59273,assault,2016-06-29T14:25:00,Subramanyapura
238d0df1b298,12.942031,77.59273,assault,2016-06-29T14:50:00,Subramanyapura
fe170209592c,12.946363,77.592187,assault,2016-03-07T19:50:00,Subramanyapura
60135bdd7ffb,12.944326,77.592316,assault,2016-07-20T18:00:00,Subramanyapura
3edde9dbd238,12.945767,77.588683,assault,2016-07-21T18:00:00,Subramanyapura
a09f37a0c2d9,12.935043,77.594564,assault,2016-09-15T14:00:00,Subramanyapura
c5429019fc00,12.944326,77.592316,assault,2016-06-10T22:30:00,Subramanyapura
af7c48ad66b7,12.946363,77.592187,assault,2016-10-22T18:00:00,Subramanyapura
53183e5a46de,12.938845,77.584454,assault,2016-10-26T16:00:00,Subramanyapura
79339d043999,12.946363,77.592187,assault,2016-02-11T16:00:00,Subramanyapura
1e61025fdca3,12.9443,77.594642,assault,2016-09-11T23:00:00,Subramanyapura
47ee62b8cfe6,12.946293,77.587991,assault,2016-11-22T12:00:00,Subramanyapura
024dc598355b,12.94204,77.580231,assault,2016-11-22T21:15:00,Subramanyapura
cdcf849c09bc,12.933298,77.590399,assault,2016-11-24T18:00:00,Subramanyapura
b6d9b0b86392,12.943037,77.592151,assault,2016-11-29T20:00:00,Subramanyapura
cb315a77c40e,12.94613,77.591819,assault,2016-11-30T11:30:00,Subramanyapura
7ebed3f1ba0a,12.937929,77.583003,assault,2016-01-12T18:00:00,Subramanyapura
ace2c83a6a94,12.944854,77.593404,assault,2016-07-12T17:00:00,Subramanyapura
90309d9b038e,12.944557,77.593306,assault,2016-12-17T16:00:00,Subramanyapura
2fa0c95ef7bb,12.935789,77.590731,assault,2016-12-19T20:45:00,Subramanyapura
39d480229ddc,12.944551,77.590853,assault,2016-12-22T21:40:00,Subramanyapura
7aab3bf649ac,12.945644,77.591948,assault,2017-01-01T10:00:00,Subramanyapura
c86e583d90d7,12.940822,77.585287,assault,2017-07-01T19:30:00,Subramanyapura
d2b6865a7496,12.947517,77.593858,assault,2017-11-01T20:00:00,Subramanyapura
c60484539006,12.947683,77.591842,assault,2017-01-25T20:00:00,Subramanyapura
474c995bc24d,12.94426,77.593698,assault,2017-01-28T17:30:00,Subramanyapura
57d4b058a257,12.934502,77.589918,assault,2017-04-02T23:45:00,Subramanyapura
ab628f4f0786,12.947683,77.591842,assault,2017-02-25T18:05:00,Subramanyapura
5a24b34d4f9f,12.940926,77.58016,assault,2017-01-03T19:45:00,Subramanyapura
e08c70a62dc4,12.935789,77.590731,assault,2017-06-04T02:45:00,Subramanyapura
dd55f539f4d1,12.947683,77.591842,assault,2017-11-04T19:00:00,Subramanyapura
f7aa2d5e5fe1,12.938615,77.592593,assault,2017-04-24T16:50:00,Subramanyapura
662926f8545c,12.94002,77.597691,assault,2017-04-29T17:00:00,Subramanyapura
d2fa1b425ca9,12.94002,77.597691,assault,2017-04-29T17:45:00,Subramanyapura
8360c9952f3f,12.947021,77.594827,assault,2017-01-05T21:45:00,Subramanyapura
df5344ab750e,12.942212,77.593014,assault,2017-06-29T15:00:00,Subramanyapura
fb6bf010ceb0,12.938615,77.592593,assault,2017-06-07T21:30:00,Subramanyapura
042aacb534a2,12.94464,77.58856,assault,2017-07-25T17:00:00,Subramanyapura
11af87cd9918,12.94464,77.588556,assault,2017-07-25T21:00:00,Subramanyapura
06b1d110c99b,12.941003,77.59305,assault,2017-08-08T17:20:00,Subramanyapura
130a87dc2585,12.946687,77.594214,assault,2017-12-08T11:00:00,Subramanyapura
dac931b13d08,12.946207,77.591757,assault,2017-12-08T15:30:00,Subramanyapura
77463b7a5e37,12.937039,77.601442,assault,2017-08-21T14:00:00,Subramanyapura
0b9ccb51c24e,12.94641,77.59122,assault,2017-08-29T18:00:00,Subramanyapura
f971e09f7b00,12.949986,77.593303,assault,2017-09-29T11:30:00,Subramanyapura
5891741839dd,12.944593,77.590967,assault,2017-02-10T18:30:00,Subramanyapura
d26704373a12,12.945678,77.588087,assault,2017-10-10T21:00:00,Subramanyapura
2df11b4a3de5,12.952296,77.586374,assault,2017-10-19T19:45:00,Subramanyapura
06aab7f2ba0d,12.933404,77.591176,assault,2017-06-12T14:50:00,Subramanyapura
16bdf4cf1af7,12.939902,77.597686,assault,2018-10-01T11:00:00,Subramanyapura
31750f3458ca,12.937022,77.59812,assault,2018-07-02T13:00:00,Subramanyapura
ee3a17f506c1,12.949789,77.586582,assault,2018-02-25T18:30:00,Subramanyapura
860a2fed843c,12.944704,77.591956,assault,2018-11-03T09:00:00,Subramanyapura
7dcfc82e4f9d,12.942789,77.596405,assault,2018-03-31T11:00:00,Subramanyapura
6ae574890768,12.943061,77.583877,assault,2018-03-04T09:30:00,Subramanyapura
dec330fc91f8,12.946702,77.591877,assault,2018-04-04T09:30:00,Subramanyapura
a003642d1e74,12.936928,77.622424,assault,2018-04-29T10:10:00,Subramanyapura
44c9f42d8a86,12.933684,77.592256,assault,2018-05-05T12:30:00,Subramanyapura
4fa0ee93231c,12.934515,77.591787,assault,2018-05-25T23:15:00,Subramanyapura
17c58bfab6ae,12.945881,77.591753,assault,2018-03-06T19:00:00,Subramanyapura
10bdb2b074be,12.945874,77.589693,assault,2018-03-06T21:30:00,Subramanyapura
32c08bb186e9,12.946975,77.594347,assault,2018-09-06T13:45:00,Subramanyapura
8b26d615af0c,12.946019,77.592086,assault,2018-06-21T20:45:00,Subramanyapura
3f9691ddf559,12.936066,77.585757,assault,2018-06-07T10:00:00,Subramanyapura
955dfaa572e0,12.944786,77.588481,assault,2018-08-15T19:00:00,Subramanyapura
23c071f818a4,12.944786,77.588481,assault,2018-08-15T19:30:00,Subramanyapura
0ce87bd7e810,12.93336,77.590672,assault,2018-07-09T14:30:00,Subramanyapura
c6cb9ec87907,12.946717,77.592068,assault,2018-10-09T18:30:00,Subramanyapura
665e4723eea3,12.942776,77.593901,assault,2019-04-18T19:00:00,Subramanyapura
d54158834d34,12.941015,77.580237,assault,2019-04-24T15:30:00,Subramanyapura
3b2c645a9cd7,12.944998,77.593114,assault,2019-04-30T17:30:00,Subramanyapura
067efcb5ca77,12.944719,77.588085,assault,2019-06-14T18:10:00,Subramanyapura
f4ece6c0857c,12.947918,77.593337,assault,2019-08-17T21:00:00,Subramanyapura
0681d227126c,12.935595,77.591482,assault,2019-08-30T21:30:00,Subramanyapura
827a5d936eec,12.946237,77.591288,assault,2019-09-18T17:00:00,Subramanyapura
245e6282573e,12.943253,77.592759,assault,2019-06-11T13:00:00,Subramanyapura
f2a4d4ae21f6,12.943611,77.588305,assault,2019-11-11T14:00:00,Subramanyapura
5d191f5b6798,12.932763,77.599692,assault,2019-12-13T11:00:00,Subramanyapura
ce51b4b65bfb,12.932763,77.599692,assault,2019-12-13T17:45:00,Subramanyapura
41275eef3fbc,12.882925,77.582069,assault,2015-08-22T11:30:00,Subramanyapura
0c648fa3eaf0,12.88259,77.558041,assault,2015-06-01T10:00:00,Subramanyapura
36de508bd9b9,12.903534,77.541246,assault,2015-12-01T18:00:00,Subramanyapura
11f9bb1a9c02,12.903534,77.541246,assault,2015-12-01T17:00:00,Subramanyapura
99840cb859ad,12.888491,77.55161,assault,2015-01-14T23:15:00,Subramanyapura
d5808dd40e36,12.893429,77.550703,assault,2015-01-23T10:45:00,Subramanyapura
141ccffa04b2,12.89958,77.574172,assault,2015-01-23T19:30:00,Subramanyapura
948cc45969bc,12.913867,77.542839,assault,2015-01-24T08:45:00,Subramanyapura
9abf7d00cf07,12.895948,77.55219,assault,2015-01-27T21:00:00,Subramanyapura
ed736bb5c968,12.892635,77.582632,assault,2015-01-27T09:00:00,Subramanyapura
e6eb1c811404,12.906611,77.543162,assault,2015-01-28T22:30:00,Subramanyapura
ca98f569c183,12.906611,77.543162,assault,2015-01-29T16:45:00,Subramanyapura
2d3ad55f43a7,12.908276,77.550227,assault,2015-01-31T15:10:00,Subramanyapura
747e0fc8c4b4,12.891109,77.569911,assault,2015-01-31T16:00:00,Subramanyapura
4e7bb925b176,12.88333,77.55808,assault,2015-04-02T19:45:00,Subramanyapura
7fab0dedbe7b,12.890207,77.563115,assault,2015-09-02T11:35:00,Subramanyapura
bf7a1594d275,12.869181,77.585744,assault,2015-02-14T01:30:00,Subramanyapura
94cc1e00ec6d,12.910393,77.53744,assault,2015-02-20T02:00:00,Subramanyapura
4fcdce5b989b,12.910393,77.53744,assault,2015-02-20T06:40:00,Subramanyapura
71b869e3df4d,12.901082,77.547538,assault,2015-02-22T05:30:00,Subramanyapura
c744c517b1ef,12.889245,77.573702,assault,2015-02-26T05:00:00,Subramanyapura
83143e5dc21d,12.885666,77.553498,assault,2015-02-26T12:30:00,Subramanyapura
14b3b99bd474,12.872846,77.582667,assault,2015-02-27T14:00:00,Subramanyapura
1bcb63e168f1,12.888712,77.573773,assault,2015-02-27T15:00:00,Subramanyapura
1872cd2a800c,12.872846,77.582667,assault,2015-02-27T10:10:00,Subramanyapura
95707684ff6e,12.913815,77.548619,assault,2015-02-03T05:10:00,Subramanyapura
d3b40166306d,12.890471,77.57081,assault,2015-04-03T12:10:00,Subramanyapura
4d68bee4ffa6,12.891082,77.578155,assault,2015-06-03T15:00:00,Subramanyapura
98f94fa5ce4d,13.007485,77.56788,assault,2015-06-03T21:10:00,Subramanyapura
f4e0745f814f,12.903534,77.541246,assault,2015-09-03T18:40:00,Subramanyapura
eb8a25a7c416,12.911476,77.540123,assault,2015-03-18T19:30:00,Subramanyapura
59fc28a0d421,12.90471,77.544888,assault,2015-03-25T17:00:00,Subramanyapura
8f178e072b31,12.883288,77.581306,assault,2015-03-29T19:00:00,Subramanyapura
f248a38a2aa7,12.883288,77.581306,assault,2015-03-29T12:15:00,Subramanyapura
0d5dfaf8d858,12.909584,77.551597,assault,2015-02-04T14:45:00,Subramanyapura
da10277d5eab,12.895281,77.550675,assault,2015-04-04T08:40:00,Subramanyapura
fdd1d7d13f6b,12.88399,77.565522,assault,2015-05-04T11:15:00,Subramanyapura
d313111df9d3,12.876455,77.584735,assault,2015-08-04T02:45:00,Subramanyapura
bc0fa23d1f99,12.905722,77.535581,assault,2015-04-14T10:15:00,Subramanyapura
2efd06b7a0ca,12.905455,77.541876,assault,2015-04-21T13:35:00,Subramanyapura
92cd67ece98e,12.879151,77.576837,assault,2015-04-25T11:15:00,Subramanyapura
f990cb27361d,12.88865,77.5613,assault,2015-10-05T17:45:00,Subramanyapura
6d1c037a1c5a,12.915647,77.539104,assault,2015-12-05T10:20:00,Subramanyapura
6e14d7b13d4b,12.879085,77.56781,assault,2015-05-17T18:15:00,Subramanyapura
249a17052e12,12.903534,77.541246,assault,2015-05-18T18:40:00,Subramanyapura
b84e999f804c,12.904685,77.542884,assault,2015-05-19T14:20:00,Subramanyapura
fb672ef97495,12.870236,77.57874,assault,2015-05-21T18:20:00,Subramanyapura
8fe08e686027,12.890256,77.542663,assault,2015-05-24T12:30:00,Subramanyapura
d97e090eca31,12.908746,77.555466,assault,2015-05-31T09:00:00,Subramanyapura
8b2451f980a3,12.868548,77.580113,assault,2015-08-06T23:20:00,Subramanyapura
3a50ec55ab55,12.916884,77.542011,assault,2015-06-26T14:35:00,Subramanyapura
696382b0123b,12.916884,77.542011,assault,2015-02-07T17:40:00,Subramanyapura
fa41f97f3e42,12.910229,77.548159,assault,2015-04-07T14:40:00,Subramanyapura
d5a82113f234,12.917397,77.545338,assault,2015-07-16T14:15:00,Subramanyapura
4f886f6b9f2c,12.898251,77.548007,assault,2015-07-16T14:30:00,Subramanyapura
3fab8fbcda4e,12.891109,77.569911,assault,2015-07-16T19:00:00,Subramanyapura
83491623141b,12.906028,77.545556,assault,2015-07-19T12:50:00,Subramanyapura
77600acad6e7,12.87795,77.583002,assault,2015-07-25T15:30:00,Subramanyapura
b8cfcfe4b394,12.882117,77.557294,assault,2015-03-08T11:10:00,Subramanyapura
255ebbb1b13f,12.882117,77.557294,assault,2015-11-08T16:30:00,Subramanyapura
018dffe631fe,12.895281,77.550675,assault,2015-08-29T15:30:00,Subramanyapura
bb821d322e92,12.899641,77.544,assault,2015-03-09T10:15:00,Subramanyapura
6cc176a8b773,12.899641,77.544,assault,2015-04-09T10:30:00,Subramanyapura
f5098b85ec23,12.868548,77.580113,assault,2015-11-09T19:20:00,Subramanyapura
20dc16a5f885,12.868548,77.580113,assault,2015-09-13T18:30:00,Subramanyapura
6713e3cb4f01,12.906209,77.536596,assault,2015-09-14T19:45:00,Subramanyapura
d5679cc31517,12.890626,77.564056,assault,2015-09-15T16:04:00,Subramanyapura
038712439425,12.880459,77.564035,assault,2015-09-27T21:15:00,Subramanyapura
ee2d874e6ab2,12.913901,77.55882,assault,2015-09-19T15:10:00,Subramanyapura
2713e10686b0,12.895281,77.550675,assault,2015-08-29T13:00:00,Subramanyapura
12c55a008272,12.890715,77.576845,assault,2015-06-10T17:30:00,Subramanyapura
c0a6d8c73eca,12.915453,77.540043,assault,2015-07-10T11:40:00,Subramanyapura
882e6bc75663,12.915453,77.540043,assault,2015-08-10T23:30:00,Subramanyapura
2617a10a5ac0,12.890715,77.576845,assault,2015-08-10T17:10:00,Subramanyapura
6234462702d3,12.890715,77.576845,assault,2015-11-10T10:00:00,Subramanyapura
089bfeee0ef1,12.882117,77.557294,assault,2015-10-15T20:00:00,Subramanyapura
6e059770c907,12.896376,77.547528,assault,2015-10-18T18:50:00,Subramanyapura
7ce22382dde5,12.896376,77.547528,assault,2015-10-18T14:00:00,Subramanyapura
17b378b747e4,12.901082,77.547538,assault,2015-10-30T12:00:00,Subramanyapura
8745bc106ca0,12.916412,77.550062,assault,2015-04-11T15:30:00,Subramanyapura
c6c7f62e05cb,12.908622,77.555316,assault,2015-04-11T10:00:00,Subramanyapura
93c018a7041e,12.890332,77.563348,assault,2015-11-28T22:00:00,Subramanyapura
a1be6620c864,12.905529,77.556851,assault,2015-11-12T16:00:00,Subramanyapura
bdc2569abf10,12.882429,77.557328,assault,2015-12-15T17:00:00,Subramanyapura
b27ad9c00182,12.882429,77.557328,assault,2015-12-15T21:20:00,Subramanyapura
968881ec29f6,12.882429,77.557328,assault,2015-12-25T10:30:00,Subramanyapura
6cdc04e4d9bf,12.917661,77.542187,assault,2015-12-30T13:20:00,Subramanyapura
88a732b09ac4,12.869384,77.583911,assault,2015-12-31T20:45:00,Subramanyapura
ce36ef13c30d,12.905529,77.556851,assault,2015-12-31T23:50:00,Subramanyapura
58984826f1a7,12.913901,77.55882,assault,2016-07-01T15:15:00,Subramanyapura
166f668d8ed3,12.890509,77.57361,assault,2016-01-22T18:00:00,Subramanyapura
89e6a522a7c0,12.888712,77.573773,assault,2016-08-02T15:30:00,Subramanyapura
f69058c08387,12.865685,77.582416,assault,2016-10-02T12:20:00,Subramanyapura
ca75c6558b64,12.91081,77.537718,assault,2016-02-15T15:20:00,Subramanyapura
69aa56424289,12.896773,77.544564,assault,2016-02-16T18:00:00,Subramanyapura
549c6624b35b,12.914298,77.550758,assault,2016-02-18T22:30:00,Subramanyapura
6018166f4c94,12.916884,77.542011,assault,2016-02-23T07:10:00,Subramanyapura
041f8af160ce,12.865685,77.582416,assault,2016-02-03T09:30:00,Subramanyapura
eedb2f32faaa,12.917397,77.545338,assault,2016-03-13T14:40:00,Subramanyapura
f7d2ec0e9fc3,12.888712,77.573773,assault,2016-03-14T10:00:00,Subramanyapura
1ecb9393fc93,12.912424,77.548518,assault,2016-03-22T18:30:00,Subramanyapura
8a7d49517d97,12.908687,77.544119,assault,2016-03-25T16:00:00,Subramanyapura
cec73c1c692a,12.915866,77.539798,assault,2016-03-29T20:45:00,Subramanyapura
9b738d7d434e,12.867172,77.5831,assault,2016-01-04T18:30:00,Subramanyapura
08a3ac45709b,12.879901,77.547356,assault,2016-03-04T16:10:00,Subramanyapura
0378d16e8b91,12.885939,77.553064,assault,2016-03-04T10:00:00,Subramanyapura
986582f22921,12.895725,77.571945,assault,2016-09-04T18:30:00,Subramanyapura
bc0c783b8b7a,12.888757,77.553126,assault,2016-04-18T19:00:00,Subramanyapura
53ba82e324ab,12.882964,77.549172,assault,2016-04-19T12:40:00,Subramanyapura
6aaf8c363a6e,12.91081,77.537718,assault,2016-04-28T09:30:00,Subramanyapura
0c012dcefc39,12.912425,77.53558,assault,2016-02-05T17:30:00,Subramanyapura
ad3860f65896,12.910849,77.537456,assault,2016-05-13T07:50:00,Subramanyapura
c8ff87ff8c5e,12.88865,77.5613,assault,2016-05-24T12:50:00,Subramanyapura
523ee1904d36,12.883501,77.569023,assault,2016-05-30T12:50:00,Subramanyapura
e5e1165545a6,12.883353,77.559989,assault,2016-02-06T13:00:00,Subramanyapura
1aa439f8cfd3,12.884964,77.557676,assault,2016-06-14T15:30:00,Subramanyapura
0be720aa3f86,12.907265,77.53614,assault,2016-06-16T11:00:00,Subramanyapura
f65157aa0fdb,12.912424,77.548518,assault,2016-06-20T11:45:00,Subramanyapura
0210558727ed,12.890113,77.549425,assault,2016-06-26T18:00:00,Subramanyapura
0ec34a595fb7,12.891805,77.55394,assault,2016-05-07T11:30:00,Subramanyapura
3abbdb7a2206,12.904192,77.540536,assault,2016-10-07T14:30:00,Subramanyapura
f271c149b21f,12.895725,77.571945,assault,2016-07-20T18:15:00,Subramanyapura
71f583b59cba,12.906745,77.543739,assault,2016-07-28T10:45:00,Subramanyapura
349d9fdf36a7,12.877687,77.580717,assault,2016-07-28T13:15:00,Subramanyapura
d0a87044b236,12.877687,77.580717,assault,2016-07-28T10:30:00,Subramanyapura
54ff6e84e28f,12.883766,77.568425,assault,2016-03-08T14:00:00,Subramanyapura
ed0a3c058cb6,12.918283,77.552329,assault,2016-08-15T10:40:00,Subramanyapura
7833bbe7bb0f,12.911572,77.538775,assault,2016-08-28T12:15:00,Subramanyapura
fe6d1ba082c2,12.888068,77.56974,assault,2016-02-09T13:00:00,Subramanyapura
42789570b56f,12.903154,77.543861,assault,2016-03-09T14:00:00,Subramanyapura
e0f113b5612f,12.909889,77.550963,assault,2016-04-09T20:15:00,Subramanyapura
bd39ed4b4198,12.883501,77.569023,assault,2016-05-09T21:10:00,Subramanyapura
03f093484600,12.905123,77.543751,assault,2016-09-09T22:45:00,Subramanyapura
d8b8907b398a,12.906745,77.543739,assault,2016-09-30T08:00:00,Subramanyapura
1c248eba49af,12.909777,77.556462,assault,2016-10-25T15:00:00,Subramanyapura
e8546885abbd,12.916638,77.562597,assault,2016-11-11T20:00:00,Subramanyapura
4fd2bc3ad4bc,12.910099,77.554858,assault,2016-11-29T11:00:00,Subramanyapura
7f4298b8514b,12.911738,77.556877,assault,2016-12-26T11:35:00,Subramanyapura
59ea9e31c9a3,12.882925,77.582069,assault,2017-01-15T12:15:00,Subramanyapura
9e266e0c1514,12.880232,77.573846,assault,2017-01-22T13:00:00,Subramanyapura
3bc013243fd9,13.007485,77.56788,assault,2017-01-28T14:00:00,Subramanyapura
7964258126e3,12.89022,77.563058,assault,2017-01-30T18:00:00,Subramanyapura
dd320b9f4ce0,12.880567,77.566924,assault,2017-01-31T17:00:00,Subramanyapura
2fedbb64872c,12.914494,77.550214,assault,2017-06-02T09:00:00,Subramanyapura
c5e4d101b22d,12.895281,77.550675,assault,2017-02-03T09:30:00,Subramanyapura
a84992fb4eeb,12.883394,77.556873,assault,2017-05-03T18:30:00,Subramanyapura
cd514f71a18b,12.909777,77.556462,assault,2017-03-23T09:00:00,Subramanyapura
5848aa98eeaa,12.882925,77.582069,assault,2017-03-29T10:15:00,Subramanyapura
e0ef64db470d,12.882925,77.582069,assault,2017-12-04T12:20:00,Subramanyapura
121e319cfc6a,12.911738,77.556877,assault,2017-05-19T15:30:00,Subramanyapura
f4ae5fa275b3,12.906232,77.542726,assault,2017-06-06T11:30:00,Subramanyapura
e846c76f46e2,12.882555,77.556355,assault,2017-07-18T14:40:00,Subramanyapura
ce9956d4340e,12.882117,77.557294,assault,2017-08-24T20:15:00,Subramanyapura
1a5ec3fdcc32,12.904192,77.540536,assault,2017-08-28T13:00:00,Subramanyapura
6dd8ecc96aab,12.891898,77.552369,assault,2017-02-09T11:10:00,Subramanyapura
7fcf725c23ec,12.882555,77.556355,assault,2017-09-19T15:00:00,Subramanyapura
0ce4e16cc6b1,12.892469,77.575408,assault,2017-09-19T18:30:00,Subramanyapura
15e7cdae6769,12.905722,77.535581,assault,2017-03-10T10:00:00,Subramanyapura
57e945c586ae,12.892469,77.575408,assault,2017-12-10T20:15:00,Subramanyapura
555b5feb046d,12.905759,77.542703,assault,2017-10-18T13:00:00,Subramanyapura
6d4c72a35023,12.918283,77.552329,assault,2017-10-31T18:30:00,Subramanyapura
27b754c0f11c,12.916884,77.542011,assault,2017-11-23T18:30:00,Subramanyapura
f7eaca245c13,12.919453,77.546804,assault,2017-01-12T09:00:00,Subramanyapura
7ad3e232e0e8,12.88858,77.561203,assault,2017-11-12T11:00:00,Subramanyapura
e5984fbc587b,12.906982,77.552059,assault,2017-12-12T07:00:00,Subramanyapura
51fff750f9d3,12.882859,77.54805,assault,2017-12-18T13:00:00,Subramanyapura
363aa812d211,12.889484,77.562321,assault,2017-12-22T10:00:00,Subramanyapura
513d7dc940e5,12.911476,77.540123,assault,2017-12-27T11:15:00,Subramanyapura
94ee088a26d2,12.90471,77.544888,assault,2018-07-01T13:00:00,Subramanyapura
5eb0bbacedbd,12.914247,77.549619,assault,2018-01-13T11:15:00,Subramanyapura
3ae6eb0e5993,12.903154,77.543861,assault,2018-01-13T18:30:00,Subramanyapura
c6f03904be1f,12.914544,77.540162,assault,2018-01-14T11:15:00,Subramanyapura
1d7c00e0e90f,12.907739,77.536288,assault,2018-01-30T11:15:00,Subramanyapura
abb77109db99,12.887965,77.549488,assault,2018-02-02T20:30:00,Subramanyapura
c7c6796fe556,12.889484,77.562321,assault,2018-10-02T11:15:00,Subramanyapura
3289979366ca,12.910319,77.556393,assault,2018-02-21T18:30:00,Subramanyapura
ce820e652959,12.892,77.574282,assault,2018-02-21T20:00:00,Subramanyapura
8330a9dd5cc8,12.909892,77.556735,assault,2018-09-03T09:00:00,Subramanyapura
53f9c9f8d362,12.880232,77.573846,assault,2018-03-21T09:40:00,Subramanyapura
d89ab61d45e7,12.914247,77.549619,assault,2018-04-13T09:00:00,Subramanyapura
6448b54600ae,12.916884,77.542011,assault,2018-04-23T10:00:00,Subramanyapura
84012088c65f,12.908096,77.548538,assault,2018-05-16T11:15:00,Subramanyapura
471f06bf4639,12.890207,77.563115,assault,2018-05-22T13:00:00,Subramanyapura
86ebdec73733,12.885666,77.553498,assault,2018-06-18T17:34:00,Subramanyapura
662e81e4b64f,12.909314,77.555266,assault,2018-07-10T19:58:00,Subramanyapura
70bc6140c400,12.915647,77.539104,assault,2018-07-29T20:15:00,Subramanyapura
2ff186ab9c9e,12.905455,77.541876,assault,2018-08-08T09:00:00,Subramanyapura
6459170f80f0,12.903534,77.541246,assault,2018-08-22T11:00:00,Subramanyapura
4f615023d0c0,12.903534,77.541246,assault,2018-08-22T18:30:00,Subramanyapura
3f29ce47ce9a,12.880103,77.574261,assault,2018-08-24T09:00:00,Subramanyapura
d53e66e6d108,12.896389,77.544512,assault,2018-08-24T09:00:00,Subramanyapura
d3c0cb203be9,12.905759,77.5427,assault,2018-08-29T09:00:00,Subramanyapura
87dbd188ca3d,12.89025,77.582188,assault,2018-11-19T10:00:00,Subramanyapura
3a9f0aea2179,12.889924,77.5808,assault,2018-11-23T13:00:00,Subramanyapura
331bd4f47900,12.915632,77.555254,assault,2018-12-14T18:30:00,Subramanyapura
fc093ab5d867,12.908363,77.553685,assault,2018-12-18T09:00:00,Subramanyapura
467dc9977618,12.912424,77.548518,assault,2019-06-01T09:00:00,Subramanyapura
1b21d7c743af,12.912424,77.548518,assault,2019-06-01T11:15:00,Subramanyapura
4d97234f14be,12.901082,77.547538,assault,2019-01-23T09:00:00,Subramanyapura
91aee9705e51,12.882925,77.582069,assault,2019-01-28T13:00:00,Subramanyapura
c670faa42c07,12.906028,77.545556,assault,2019-01-30T20:15:00,Subramanyapura
44c4442dcf99,12.910165,77.538118,assault,2019-02-22T10:00:00,Subramanyapura
3a679dc9b979,12.905722,77.535581,assault,2019-02-26T09:00:00,Subramanyapura
2e9e8a275f08,12.895948,77.55219,assault,2019-05-03T09:00:00,Subramanyapura
2e5aaaac02db,12.914124,77.540864,assault,2019-11-03T09:00:00,Subramanyapura
e91600ea7c4e,12.916412,77.550062,assault,2019-11-03T21:00:00,Subramanyapura
70d136e06248,12.913901,77.55882,assault,2019-03-18T09:00:00,Subramanyapura
3c5b06d3fc2e,12.905053,77.541896,assault,2019-03-19T21:00:00,Subramanyapura
a09fcd66174b,12.883653,77.581779,assault,2019-03-22T21:00:00,Subramanyapura
2a55e156d6df,12.914494,77.550214,assault,2019-03-25T21:00:00,Subramanyapura
96bfbfccae23,12.88051,77.550678,assault,2019-03-25T11:00:00,Subramanyapura
d060ee41e94c,12.867172,77.5831,assault,2019-03-29T21:00:00,Subramanyapura
466a65c83962,12.892,77.574282,assault,2019-08-04T21:00:00,Subramanyapura
d75a79e0d195,12.91548,77.549622,assault,2019-08-04T18:00:00,Subramanyapura
2383af7fc111,12.89451,77.550864,assault,2019-08-04T13:00:00,Subramanyapura
3dbaa19a799e,12.898251,77.548007,assault,2019-11-04T10:00:00,Subramanyapura
bf10e05d18b0,12.905722,77.535581,assault,2019-04-20T11:15:00,Subramanyapura
e6b03b63282c,12.903573,77.543788,assault,2019-04-25T10:00:00,Subramanyapura
4012634c1451,12.888229,77.543861,assault,2019-02-05T20:15:00,Subramanyapura
e38fd3921e00,12.908602,77.53621,assault,2019-04-05T17:00:00,Subramanyapura
851fc9c543b8,12.908367,77.541598,assault,2019-05-14T13:00:00,Subramanyapura
fb3b8ab6c5e1,12.909619,77.549214,assault,2019-05-14T18:30:00,Subramanyapura
4ea0839139ca,12.906994,77.535826,assault,2019-06-27T21:00:00,Subramanyapura
50dd1c95d08a,12.883766,77.568425,assault,2019-01-07T21:00:00,Subramanyapura
8c017b44975e,12.891579,77.581429,assault,2019-10-07T18:30:00,Subramanyapura
2d74f5ea0117,12.914298,77.550758,assault,2019-05-08T21:00:00,Subramanyapura
b4ad369d3d6f,12.89025,77.582188,assault,2019-06-08T18:20:00,Subramanyapura
b0ef274156e0,12.905722,77.535581,assault,2019-08-22T13:00:00,Subramanyapura
e06537652bb7,12.905722,77.535581,assault,2019-09-09T21:00:00,Subramanyapura
bfa155ae53c0,12.915647,77.539104,assault,2019-11-09T11:15:00,Subramanyapura
eb1173406c99,12.90797,77.536361,assault,2019-11-11T21:00:00,Subramanyapura
6433750a6808,12.882925,77.582069,assault,2019-11-29T10:00:00,Subramanyapura
228cf62dbfb0,12.882925,77.582069,assault,2019-12-15T11:15:00,Subramanyapura
04b2513e9d8c,12.869623,77.561821,assault,2015-01-18T16:45:00,Subramanyapura
072a6aaff04b,12.871692,77.54315,assault,2015-01-28T21:30:00,Subramanyapura
6dd1cbf89926,12.871191,77.543016,assault,2015-01-28T22:15:00,Subramanyapura
22ef055f0759,12.859118,77.572322,assault,2015-11-02T17:30:00,Subramanyapura
edcf36a491c5,12.894204,77.54277,assault,2015-02-22T18:00:00,Subramanyapura
92253a5574f7,12.893191,77.542505,assault,2015-08-03T23:30:00,Subramanyapura
d2d2aed84507,12.871628,77.561261,assault,2015-03-13T14:00:00,Subramanyapura
ce4ca231385b,12.893554,77.538895,assault,2015-03-14T13:00:00,Subramanyapura
061ae3e1e220,12.8698,77.555385,assault,2015-03-22T14:05:00,Subramanyapura
f329a9ccab42,12.877426,77.539985,assault,2015-03-26T13:30:00,Subramanyapura
9a1e7a70a138,12.876958,77.539428,assault,2015-03-26T14:00:00,Subramanyapura
6d00a82da23d,12.856172,77.555703,assault,2015-04-15T11:00:00,Subramanyapura
a7dcef1d8d8d,12.860333,77.523031,assault,2015-04-19T13:15:00,Subramanyapura
b3bcf545d889,12.883543,77.547526,assault,2015-04-24T15:10:00,Subramanyapura
cb1f4124fb35,12.881747,77.546289,assault,2015-04-29T11:00:00,Subramanyapura
98c2055ffb1d,12.881747,77.546289,assault,2015-03-04T14:00:00,Subramanyapura
806cf3ab43bf,12.863652,77.555527,assault,2015-08-05T16:00:00,Subramanyapura
80bd1fae75fb,12.891342,77.523967,assault,2015-05-19T21:00:00,Subramanyapura
f581df30d87f,12.864784,77.55421,assault,2015-05-22T22:00:00,Subramanyapura
1db344816ee2,12.856018,77.564528,assault,2015-05-26T18:30:00,Subramanyapura
666f38be4d11,12.890073,77.542276,assault,2015-05-26T00:15:00,Subramanyapura
41afa030c5ed,12.866266,77.543685,assault,2015-01-06T13:50:00,Subramanyapura
5cf5b7d5e4db,12.866541,77.567617,assault,2015-06-06T15:00:00,Subramanyapura
8dfc0a398ac0,12.855414,77.565999,assault,2015-08-06T10:30:00,Subramanyapura
c44725c8cdc2,12.867267,77.543673,assault,2015-03-07T14:00:00,Subramanyapura
130bf9e7facd,12.871688,77.555856,assault,2015-09-07T13:15:00,Subramanyapura
94ad184078f9,12.869293,77.572492,assault,2015-08-13T16:15:00,Subramanyapura
8e10e2fcc0a0,12.869297,77.525191,assault,2015-01-09T14:10:00,Subramanyapura
95fc27afecfa,12.856072,77.576919,assault,2015-09-14T01:30:00,Subramanyapura
cd0ebb3cc2cb,12.878058,77.511198,assault,2015-09-21T18:00:00,Subramanyapura
ae42506717d9,12.869635,77.534393,assault,2015-09-30T22:45:00,Subramanyapura
e5370d82cd25,12.869635,77.534393,assault,2015-01-10T10:10:00,Subramanyapura
448c17d9ae18,12.876895,77.545061,assault,2015-10-29T18:30:00,Subramanyapura
646783c11766,12.861869,77.558201,assault,2015-02-11T10:30:00,Subramanyapura
aa94630c576d,12.878629,77.545068,assault,2015-02-11T11:30:00,Subramanyapura
93e18810cec9,12.869541,77.546971,assault,2015-03-11T17:30:00,Subramanyapura
fef30be7b90a,12.866147,77.546218,assault,2015-11-19T18:30:00,Subramanyapura
51e0a9c227e7,12.864551,77.542888,assault,2015-08-12T12:30:00,Subramanyapura
190aa3def017,12.868749,77.542331,assault,2015-08-12T22:49:00,Subramanyapura
9add59cb9c37,12.869944,77.549881,assault,2016-10-01T14:00:00,Subramanyapura
474251ca1873,12.861122,77.549811,assault,2016-04-02T23:30:00,Subramanyapura
107ce661c0a7,12.867781,77.542544,assault,2016-03-19T15:30:00,Subramanyapura
b6b19582b8e6,12.865478,77.541168,assault,2016-03-20T13:00:00,Subramanyapura
7583b0a39ff1,12.865221,77.543077,assault,2016-03-21T13:15:00,Subramanyapura
13c5c335b92a,12.86611,77.546988,assault,2016-03-23T23:30:00,Subramanyapura
5050e80c0913,12.879408,77.545308,assault,2016-03-25T20:00:00,Subramanyapura
67cb21ba2719,12.864789,77.541129,assault,2016-02-04T17:00:00,Subramanyapura
7551a2cf8810,12.8661,77.54678,assault,2016-04-04T12:00:00,Subramanyapura
68229f97d91b,12.864977,77.546611,assault,2016-07-04T16:00:00,Subramanyapura
1b2e85684195,12.86112,77.54997,assault,2016-02-06T10:30:00,Subramanyapura
397467805ef1,12.868478,77.546611,assault,2016-06-19T16:00:00,Subramanyapura
299086405773,12.876147,77.546997,assault,2016-06-21T20:00:00,Subramanyapura
98ca35209153,12.862001,77.54811,assault,2016-06-29T21:15:00,Subramanyapura
34bfc62ad58d,12.866147,77.548811,assault,2016-07-18T14:30:00,Subramanyapura
0c1cfb5097e0,12.879147,77.541197,assault,2016-07-18T14:30:00,Subramanyapura
88addfe34f93,12.863331,77.548994,assault,2016-07-24T11:00:00,Subramanyapura
81bc6438fc2b,12.864778,77.544617,assault,2016-07-25T21:30:00,Subramanyapura
8b138da495ba,12.869714,77.548791,assault,2016-11-08T18:30:00,Subramanyapura
e91befee0836,12.861174,77.546327,assault,2016-06-09T16:00:00,Subramanyapura
d9629d3982d9,12.863971,77.548741,assault,2016-09-13T18:00:00,Subramanyapura
b2ea7b739188,12.869108,77.545478,assault,2016-09-28T09:00:00,Subramanyapura
cd0acc920663,12.863974,77.542119,assault,2016-07-10T10:30:00,Subramanyapura
e21aeef923da,12.862397,77.542974,assault,2016-10-24T00:15:00,Subramanyapura
cf2d47dce3f5,12.862674,77.541191,assault,2016-10-29T14:30:00,Subramanyapura
84cebe7eb6a3,12.863971,77.541228,assault,2016-03-11T11:15:00,Subramanyapura
fdf32ca76ac5,12.867448,77.543691,assault,2016-06-11T16:30:00,Subramanyapura
2b90b8bd3cbd,12.861587,77.543947,assault,2016-07-11T22:00:00,Subramanyapura
fb13540602e3,12.862551,77.543557,assault,2016-09-11T22:00:00,Subramanyapura
d0f7d9f4fd73,12.865517,77.543381,assault,2016-11-14T23:00:00,Subramanyapura
6dcb387453ba,12.869417,77.547194,assault,2016-11-16T11:00:00,Subramanyapura
5d3e5bbfa09f,12.866221,77.543187,assault,2016-11-16T12:00:00,Subramanyapura
0c32a16d58cf,12.862947,77.568471,assault,2016-11-15T17:00:00,Subramanyapura
1bcd8e3e93d7,12.876178,77.542841,assault,2016-11-18T16:30:00,Subramanyapura
3b39869f629e,12.862178,77.541884,assault,2016-11-29T10:00:00,Subramanyapura
f4f18b90d824,12.861578,77.542134,assault,2016-05-01T10:00:00,Subramanyapura
8d497c4920ce,12.863971,77.541557,assault,2017-06-01T11:30:00,Subramanyapura
d111d964d6ed,12.861874,77.541977,assault,2017-10-01T21:30:00,Subramanyapura
0950077b2463,12.869871,77.543378,assault,2017-01-18T12:00:00,Subramanyapura
a8fbc9edda4b,12.861578,77.549557,assault,2017-01-29T03:30:00,Subramanyapura
eb32329277d5,12.866114,77.543448,assault,2017-02-19T21:00:00,Subramanyapura
459287dbe9db,12.869594,77.543622,assault,2017-03-13T14:15:00,Subramanyapura
80ba03592359,12.861437,77.542817,assault,2017-03-24T17:35:00,Subramanyapura
abe7fbfe72b1,12.866178,77.543947,assault,2017-03-28T09:05:00,Subramanyapura
2447fb62857c,12.862178,77.543319,assault,2017-04-04T09:30:00,Subramanyapura
45c11e980ea6,12.866548,77.546781,assault,2017-02-05T17:00:00,Subramanyapura
a96366ec6d6f,12.862178,77.545443,assault,2017-05-25T03:00:00,Subramanyapura
7f5d23909bc2,12.861287,77.546719,assault,2017-06-25T20:20:00,Subramanyapura
d42769e095be,12.862214,77.543384,assault,2017-12-17T16:30:00,Subramanyapura
b64c9c1d5da6,12.863974,77.549917,assault,2017-11-25T23:00:00,Subramanyapura
c7537d465188,12.865547,77.543994,assault,2017-04-08T10:00:00,Subramanyapura
2e4614ca5597,12.861547,77.541487,assault,2017-09-24T00:00:00,Subramanyapura
a35c7117bd96,12.863388,77.541548,assault,2017-09-24T15:35:00,Subramanyapura
6ed3ec760e0a,12.878478,77.542174,assault,2017-03-10T21:00:00,Subramanyapura
e3cf286bbf3f,12.862881,77.544487,assault,2017-12-10T12:00:00,Subramanyapura
49fa2304d520,12.861278,77.543957,assault,2017-10-17T17:00:00,Subramanyapura
fcb016a190d6,12.861478,77.568457,assault,2017-10-24T17:00:00,Subramanyapura
9d1ff9b12a34,12.878781,77.546147,assault,2017-08-11T23:00:00,Subramanyapura
ea1dbd4a679e,12.862179,77.542144,assault,2017-11-26T23:15:00,Subramanyapura
e2f5e57d1aba,12.861947,77.54,assault,2017-05-12T16:00:00,Subramanyapura
42f83bbbb4a2,12.863447,77.54,assault,2017-10-12T10:30:00,Subramanyapura
a9b8db39a819,12.862174,77.546112,assault,2015-12-31T12:15:00,Subramanyapura
d63561a310e7,12.860171,77.546471,assault,2018-04-01T22:15:00,Subramanyapura
4b7cb20bf411,12.860118,77.543697,assault,2018-06-01T20:15:00,Subramanyapura
505f6808e5c7,12.860018,77.54447,assault,2018-01-18T16:00:00,Subramanyapura
8b44a18e0e1b,12.865517,77.549148,assault,2018-01-18T17:00:00,Subramanyapura
65b6a79cb94a,12.863947,77.542178,assault,2018-01-20T04:00:00,Subramanyapura
aa8a89649497,12.863178,77.540157,assault,2018-01-29T16:00:00,Subramanyapura
b6730ecfb01d,12.860017,77.54674,assault,2018-09-02T15:00:00,Subramanyapura
92f07ea83db8,12.863314,77.546614,assault,2018-02-16T13:15:00,Subramanyapura
85d87563cfdd,12.86288,77.546974,assault,2018-02-24T12:30:00,Subramanyapura
8b680f745e5a,12.863178,77.548841,assault,2018-09-10T16:30:00,Subramanyapura
1bc8e4a9cc41,12.86987,77.543884,assault,2018-03-25T12:30:00,Subramanyapura
17e422ab2a5b,12.862178,77.543971,assault,2018-02-04T17:00:00,Subramanyapura
1c4b094fbe4a,12.862271,77.540187,assault,2018-03-04T14:30:00,Subramanyapura
21e6ed2ad08a,12.863971,77.542177,assault,2018-04-13T15:00:00,Subramanyapura
aa22f6445610,12.865541,77.559741,assault,2018-04-13T19:00:00,Subramanyapura
c93bf220995d,12.862178,77.543301,assault,2018-04-17T19:00:00,Subramanyapura
dfcaaf0058bd,12.866108,77.547841,assault,2018-04-26T10:15:00,Subramanyapura
3665dce42925,12.862174,77.547617,assault,2018-12-05T17:00:00,Subramanyapura
b41c1457d942,12.862178,77.542991,assault,2018-05-28T16:00:00,Subramanyapura
50c4d6dee014,12.862217,77.543974,assault,2018-06-20T00:00:00,Subramanyapura
f0e2200e59e5,12.860178,77.543971,assault,2018-06-23T17:00:00,Subramanyapura
6a0f2e9f0965,12.863391,77.549631,assault,2018-07-16T21:00:00,Subramanyapura
bd84ced6c26f,12.862871,77.542208,assault,2018-07-25T17:19:00,Subramanyapura
cdf8ac877a89,12.869713,77.54228,assault,2018-07-26T12:00:00,Subramanyapura
70de6b5fb1fc,12.863971,77.541498,assault,2018-07-30T16:00:00,Subramanyapura
2453b5d168e2,12.863971,77.542871,assault,2018-07-30T17:00:00,Subramanyapura
098fe486023f,12.86331,77.548714,assault,2018-04-08T10:30:00,Subramanyapura
878756d60206,12.869941,77.543971,assault,2018-08-13T20:45:00,Subramanyapura
e920ecc6d6b2,12.863741,77.54331,assault,2018-08-13T23:00:00,Subramanyapura
dfbd9b4266a6,12.862178,77.543971,assault,2018-08-26T14:58:00,Subramanyapura
6e3c19a37344,12.878179,77.551471,assault,2018-04-10T23:00:00,Subramanyapura
3ebec402af9e,12.882667,77.547846,assault,2018-07-10T17:45:00,Subramanyapura
80911c150937,12.862147,77.548814,assault,2018-10-14T10:00:00,Subramanyapura
f0b014319db6,12.860179,77.545471,assault,2018-10-16T15:00:00,Subramanyapura
4697370dec36,12.86441,77.549381,assault,2018-10-20T02:00:00,Subramanyapura
a11378b03cc3,12.864578,77.543974,assault,2018-10-27T10:10:00,Subramanyapura
d5c83e7e7e26,12.862147,77.541478,assault,2018-05-11T13:15:00,Subramanyapura
124102c36708,12.862879,77.543971,assault,2018-05-22T11:00:00,Subramanyapura
58c4ed5864c6,12.861107,77.546971,assault,2018-11-17T15:30:00,Subramanyapura
53ee85bf8249,12.866671,77.544487,assault,2018-11-24T21:00:00,Subramanyapura
63a4b3ab47fa,12.862178,77.546717,assault,2018-05-12T13:00:00,Subramanyapura
dfb34b076179,12.862284,77.543017,assault,2018-12-13T22:00:00,Subramanyapura
c3c3b32a64dd,12.863278,77.540141,assault,2018-11-18T20:15:00,Subramanyapura
8e75cb7aebc5,12.862178,77.543271,assault,2018-05-29T22:00:00,Subramanyapura
22788b45b582,12.863971,77.542178,assault,2019-02-26T14:00:00,Subramanyapura
530a14a5abaa,12.870174,77.542211,assault,2019-05-03T18:30:00,Subramanyapura
417c9de5a8e2,12.863971,77.540157,assault,2019-07-03T13:30:00,Subramanyapura
e87552bda65d,12.866617,77.545732,assault,2019-03-14T15:00:00,Subramanyapura
b4f1d4527234,12.863976,77.544131,assault,2019-03-28T21:50:00,Subramanyapura
1f6b84f94ba3,12.872208,77.566316,assault,2019-03-04T17:00:00,Subramanyapura
7d946b4b894d,12.874712,77.533853,assault,2019-03-04T22:30:00,Subramanyapura
b57e08e5b224,12.875183,77.533083,assault,2019-08-04T11:30:00,Subramanyapura
841a6b61d7fd,12.89413,77.541369,assault,2019-08-04T13:00:00,Subramanyapura
45a1dcd34406,12.873542,77.53235,assault,2019-03-05T19:30:00,Subramanyapura
08967bf7c777,12.871934,77.533441,assault,2019-10-07T03:30:00,Subramanyapura
ab1abcecce81,12.859276,77.563266,assault,2019-08-23T19:00:00,Subramanyapura
f17ffa4a8f22,12.87121,77.564375,assault,2019-08-23T21:30:00,Subramanyapura
74f19c4220ed,12.89447,77.541371,assault,2019-04-09T13:00:00,Subramanyapura
64ab3a06c994,12.89197,77.52341,assault,2019-09-13T01:00:00,Subramanyapura
f9d805c18474,12.878127,77.545653,assault,2019-02-07T22:00:00,Subramanyapura
7bebec65102a,12.872577,77.562818,assault,2019-07-22T16:15:00,Subramanyapura
447b719a753b,12.875743,77.544554,assault,2019-10-20T16:15:00,Subramanyapura
004f52e490b9,12.895617,77.541573,assault,2019-05-31T12:12:00,Subramanyapura
36987e79b30d,12.862618,77.531543,assault,2019-11-13T13:30:00,Subramanyapura
fe647936e738,12.883127,77.546741,assault,2019-11-23T11:45:00,Subramanyapura
0cebf905b584,12.866041,77.775438,assault,2019-01-11T11:45:00,Subramanyapura
9c3610dc16b7,12.876338,77.540164,assault,2019-12-17T18:00:00,Subramanyapura
42a0f2effd7b,12.867778,77.5357,assault,2019-04-12T16:00:00,Subramanyapura
05d2540d7172,12.88999,77.550627,assault,2017-01-22T20:22:00,Subramanyapura
fc218e6d4811,12.86825,77.582154,assault,2017-01-24T17:00:00,Subramanyapura
9afc4c95333e,12.86825,77.582162,assault,2017-02-02T14:31:00,Subramanyapura
8fc9d3d86990,12.879174,77.564244,assault,2017-02-15T21:35:00,Subramanyapura
f750fba6e965,12.87929,77.567728,assault,2017-02-25T18:00:00,Subramanyapura
9211185123a0,12.890678,77.564027,assault,2017-02-25T21:30:00,Subramanyapura
c0213133ce32,12.86825,77.582154,assault,2017-03-05T19:46:00,Subramanyapura
56ab74379cee,12.879174,77.564244,assault,2017-03-18T21:00:00,Subramanyapura
8697e8df0239,12.908554,77.591969,assault,2017-03-30T00:56:00,Subramanyapura
d8d096fb5bb7,12.888167,77.570983,assault,2017-04-19T11:30:00,Subramanyapura
0626ea8db857,12.879276,77.537184,assault,2017-04-27T09:00:00,Subramanyapura
342b263bc760,12.865815,77.580803,assault,2017-03-05T09:00:00,Subramanyapura
8dd586bd6e85,12.867538,77.534498,assault,2017-05-28T18:00:00,Subramanyapura
e5a584dbd1cd,12.87575,77.581656,assault,2017-02-06T16:30:00,Subramanyapura
696a5c9dad27,12.908554,77.591969,assault,2017-06-06T23:30:00,Subramanyapura
2fec71eba05b,12.895408,77.542317,assault,2017-06-14T18:30:00,Subramanyapura
6d06ad5c9d90,12.890678,77.564027,assault,2017-01-07T16:00:00,Subramanyapura
e743556de123,12.879174,77.564244,assault,2017-01-07T12:00:00,Subramanyapura
bd89aaca02ef,12.908554,77.591969,assault,2017-02-07T15:00:00,Subramanyapura
59ce0ed53582,12.876396,77.5836,assault,2017-08-07T19:30:00,Subramanyapura
a509bd4e66aa,12.88995,77.582318,assault,2017-11-07T23:30:00,Subramanyapura
b0301d6b7ce0,12.886645,77.539739,assault,2017-12-07T13:30:00,Subramanyapura
a6231a74941c,12.88164,77.571036,assault,2017-07-14T14:30:00,Subramanyapura
b208ae4f2ee9,12.890678,77.564027,assault,2017-07-23T11:45:00,Subramanyapura
0568cb0c90d8,12.889749,77.546752,assault,2017-02-08T11:45:00,Subramanyapura
c7f0575ba7c0,12.885697,77.541914,assault,2017-05-08T10:30:00,Subramanyapura
7f6c1a168047,12.88164,77.571036,assault,2017-01-09T13:50:00,Subramanyapura
a861d97ffaff,12.861915,77.561583,assault,2017-09-13T16:50:00,Subramanyapura
796abd09029a,12.867463,77.583062,assault,2017-09-18T10:15:00,Subramanyapura
1420a499ff9b,12.854683,77.583042,assault,2017-09-20T15:20:00,Subramanyapura
7052ef7730bc,12.894936,77.542843,assault,2017-09-25T11:45:00,Subramanyapura
70587317f643,12.88825,77.572154,assault,2017-09-26T11:30:00,Subramanyapura
c5b12f99d863,12.89825,77.571217,assault,2017-09-30T09:20:00,Subramanyapura
fdf7035c0f82,12.865815,77.580803,assault,2017-10-13T17:00:00,Subramanyapura
860c5d6d7658,12.87825,77.582154,assault,2017-10-15T16:30:00,Subramanyapura
3453a5d5bdf1,12.86825,77.582154,assault,2017-10-20T16:00:00,Subramanyapura
9c8a08e85e07,12.88825,77.582134,assault,2017-10-20T22:15:00,Subramanyapura
6beb58e12b29,12.98825,77.582154,assault,2017-10-23T18:00:00,Subramanyapura
7cdecc4c2e89,12.887883,77.540995,assault,2017-11-11T13:00:00,Subramanyapura
1d0f42eba793,12.88086,77.57472,assault,2017-11-11T21:15:00,Subramanyapura
562e5803f276,12.88829,77.580217,assault,2017-11-20T01:00:00,Subramanyapura
94f05010198b,12.893167,77.543104,assault,2017-12-13T19:00:00,Subramanyapura
e3eec003fff6,12.888245,77.540441,assault,2017-12-29T14:00:00,Subramanyapura
d25977179c92,12.895925,77.585328,assault,2018-05-01T19:15:00,Subramanyapura
19443e7303ea,12.896787,77.541146,assault,2018-11-01T15:00:00,Subramanyapura
cfc23e47ba2e,12.892878,77.54366,assault,2018-01-17T12:50:00,Subramanyapura
ab4faffd1e0b,12.878746,77.5622,assault,2018-01-25T15:30:00,Subramanyapura
8c7fc45c29ea,12.882707,77.55054,assault,2018-01-26T16:00:00,Subramanyapura
277e71a3010e,12.88086,77.57472,assault,2018-01-27T21:15:00,Subramanyapura
562f57c381d5,12.885002,77.55175,assault,2018-06-02T19:00:00,Subramanyapura
584db160ad52,12.88365,77.567108,assault,2018-12-02T16:30:00,Subramanyapura
6f665a63f1be,12.895482,77.551651,assault,2018-02-16T11:00:00,Subramanyapura
28ca7d87910e,12.882462,77.569158,assault,2018-02-19T17:00:00,Subramanyapura
9a7af82a708e,12.88829,77.580217,assault,2018-02-21T19:30:00,Subramanyapura
95b268cbbae0,12.879622,77.550312,assault,2018-06-03T11:15:00,Subramanyapura
0a41099db413,12.884587,77.569498,assault,2018-10-03T16:00:00,Subramanyapura
b0e26241074b,12.886403,77.551908,assault,2018-03-15T22:30:00,Subramanyapura
4e25a91954e1,12.88829,77.580217,assault,2018-03-21T20:40:00,Subramanyapura
8957f26eeecc,12.883443,77.569808,assault,2018-03-23T11:55:00,Subramanyapura
932e83f70266,12.881754,77.569001,assault,2018-03-26T12:00:00,Subramanyapura
cfe706a66aab,12.854933,77.588491,assault,2018-03-26T21:30:00,Subramanyapura
908c90ae0cb5,12.882116,77.574506,assault,2018-03-31T11:15:00,Subramanyapura
4a89b35e4f3d,12.87825,77.582172,assault,2018-11-04T09:35:00,Subramanyapura
282f190f246b,12.892825,77.58269,assault,2018-04-13T15:30:00,Subramanyapura
ba5ca5f9df79,12.87825,77.582172,assault,2018-04-21T22:15:00,Subramanyapura
b8db55a611b4,12.88825,77.582165,assault,2018-04-27T16:00:00,Subramanyapura
63e6192a1202,12.86825,77.582161,assault,2018-01-05T17:15:00,Subramanyapura
2ec42fc1553a,12.86825,77.582172,assault,2018-01-05T17:30:00,Thalaghtappura
881c274ec163,12.872825,77.582169,assault,2018-01-05T23:50:00,Thalaghtappura
c7fbd0f37bae,12.912486,77.546167,assault,2018-05-04T07:35:00,Thalaghtappura
63aa79675d71,12.910631,77.533426,assault,2018-05-14T16:10:00,Thalaghtappura
03db7b0d0508,12.86825,77.582169,assault,2018-03-06T15:30:00,Thalaghtappura
68359c454765,12.915117,77.53851,assault,2018-08-06T02:30:00,Thalaghtappura
3e8de7e3ca0d,12.86825,77.582154,assault,2018-09-06T10:30:00,Thalaghtappura
db3a5e8509b0,12.86825,77.582154,assault,2018-06-15T23:20:00,Thalaghtappura
a4eab9da2758,12.86825,77.582154,assault,2018-06-30T20:50:00,Thalaghtappura
54cdf4cd71df,12.86825,77.582154,assault,2018-07-14T07:00:00,Thalaghtappura
119b219d5b28,12.86825,77.582154,assault,2018-07-16T22:15:00,Thalaghtappura
6e32f108650f,12.86825,77.582154,assault,2018-07-16T22:30:00,Thalaghtappura
da13b80a2e24,12.86825,77.582154,assault,2018-07-31T22:00:00,Thalaghtappura
3af441539840,12.86825,77.582154,assault,2018-02-08T10:30:00,Thalaghtappura
7dd9af1d54c8,12.86825,77.582154,assault,2018-04-08T17:45:00,Thalaghtappura
79f698eac078,12.86825,77.582154,assault,2018-09-08T12:30:00,Thalaghtappura
5943f313b0b2,12.86825,77.582154,assault,2018-02-09T09:30:00,Thalaghtappura
35756aa9a18f,12.86825,77.582154,assault,2018-09-18T03:45:00,Thalaghtappura
bb2b6742dd52,12.86825,77.582154,assault,2018-01-10T21:00:00,Thalaghtappura
9bfd34bf034d,12.86825,77.582154,assault,2018-04-10T13:00:00,Thalaghtappura
ff52fe679de2,12.86825,77.582154,assault,2018-04-10T16:30:00,Thalaghtappura
83a6cb450521,12.86825,77.582154,assault,2018-11-10T18:15:00,Thalaghtappura
597a68774a65,12.86825,77.582154,assault,2018-10-21T16:15:00,Thalaghtappura
b5d460acad0d,12.86825,77.582154,assault,2018-10-29T04:10:00,Thalaghtappura
1d9271d9f814,12.86825,77.582154,assault,2018-09-11T18:00:00,Thalaghtappura
a09d4d6ef018,12.86825,77.582154,assault,2018-09-11T19:00:00,Thalaghtappura
774f8f7d6fdb,12.86825,77.582154,assault,2018-10-11T19:00:00,Thalaghtappura
f7091e16e42a,12.86825,77.582154,assault,2018-12-20T14:00:00,Thalaghtappura
cb049a7a8028,12.86825,77.582154,assault,2018-12-25T21:10:00,Thalaghtappura
0ea6b701d649,12.86825,77.582154,assault,2018-12-25T22:45:00,Thalaghtappura
0a6309c99cfd,12.86825,77.582154,assault,2019-07-01T15:15:00,Thalaghtappura
922fb94c2442,12.86825,77.582154,assault,2019-01-14T20:00:00,Thalaghtappura
f679769f3021,12.86825,77.582154,assault,2019-01-29T17:00:00,Thalaghtappura
5ad67a109fe9,12.911781,77.534475,assault,2019-02-02T18:00:00,Thalaghtappura
a7a5b4e1d172,12.89825,77.582154,assault,2019-06-02T13:30:00,Thalaghtappura
6977f8af641e,12.882462,77.569158,assault,2019-07-02T17:00:00,Thalaghtappura
cc59f89e2876,12.892462,77.579158,assault,2019-02-21T19:20:00,Thalaghtappura
4d66bb6053bc,12.86825,77.582154,assault,2019-03-03T22:45:00,Thalaghtappura
5d29527deae4,12.86825,77.582154,assault,2019-03-13T13:10:00,Thalaghtappura
854c79a36c4e,12.86825,77.582154,assault,2019-03-16T23:30:00,Thalaghtappura
aa66007e9a7e,12.86825,77.582154,assault,2019-03-17T21:06:00,Thalaghtappura
f8d3b27a4b9c,12.86825,77.582154,assault,2019-01-04T13:15:00,Thalaghtappura
00b975366a35,12.873437,77.583593,assault,2019-04-04T21:15:00,Thalaghtappura
b3fb2531bfbb,12.883437,77.583593,assault,2019-09-04T21:10:00,Thalaghtappura
eded7c4723ca,12.87825,77.582154,assault,2019-04-23T17:30:00,Thalaghtappura
9f5e614ceb05,12.85825,77.582154,assault,2019-04-28T13:15:00,Thalaghtappura
260a9dcecb0d,12.86825,77.582154,assault,2019-07-05T14:40:00,Thalaghtappura
6182b45dd8b8,12.86825,77.582154,assault,2019-05-13T20:45:00,Thalaghtappura
51a7ee298a46,12.87825,77.582154,assault,2019-05-18T18:45:00,Thalaghtappura
b045b70e5b0c,12.89825,77.582154,assault,2019-05-23T15:15:00,Thalaghtappura
9788d89dc04f,12.8925,77.582154,assault,2019-05-30T23:50:00,Thalaghtappura
da0936b36305,12.902003,77.539835,assault,2019-06-25T20:15:00,Thalaghtappura
a658dd518e02,12.868271,77.718217,assault,2019-06-25T20:25:00,Thalaghtappura
7feff90a76d0,12.868271,77.718217,assault,2019-06-28T14:00:00,Thalaghtappura
93150d8ca4f5,12.878271,77.718217,assault,2019-04-07T22:15:00,Thalaghtappura
f59573f4a85d,12.888271,77.718217,assault,2019-06-07T09:45:00,Thalaghtappura
1dab0f6d1dce,12.878271,77.718217,assault,2019-09-07T15:00:00,Thalaghtappura
d108476aa817,12.898271,77.718217,assault,2019-07-16T22:15:00,Thalaghtappura
530eaac8cf4a,12.917696,77.532706,assault,2019-07-16T22:40:00,Thalaghtappura
6e1433486c41,12.88365,77.567108,assault,2019-07-25T16:45:00,Thalaghtappura
719e95a69a22,12.914765,77.53833,assault,2019-05-08T13:30:00,Thalaghtappura
5cf8ee7ac78c,12.88822,77.578284,assault,2019-08-13T11:30:00,Thalaghtappura
5f836539e604,12.88822,77.578284,assault,2019-08-27T17:30:00,Thalaghtappura
50c5f3b54429,12.912796,77.535568,assault,2019-08-30T13:30:00,Thalaghtappura
0920773d9db2,12.880803,77.584041,assault,2019-01-09T17:00:00,Thalaghtappura
5d799a622950,12.880803,77.584041,assault,2019-01-09T17:15:00,Thalaghtappura
b34ed182dce0,12.880777,77.584035,assault,2019-03-09T03:00:00,Thalaghtappura
e35f137d7251,12.897696,77.571659,assault,2019-11-16T19:00:00,Thalaghtappura
e20dc4494560,12.89282,77.578196,assault,2019-01-12T13:00:00,Thalaghtappura
bc1e6701313a,12.888634,77.567481,assault,2019-05-12T18:30:00,Thalaghtappura
361d6f376b68,12.8611,77.579317,assault,2017-01-15T21:50:00,Thalaghtappura
90bbc6c0e93d,12.909336,77.57431,assault,2017-01-20T13:10:00,Thalaghtappura
f523348ef7db,12.903439,77.580781,assault,2017-01-02T05:20:00,Thalaghtappura
c85efc2a0592,12.877679,77.584074,assault,2017-09-02T15:28:00,Thalaghtappura
29cb22580a9f,12.891021,77.582776,assault,2017-12-02T04:48:00,Thalaghtappura
ffaf1c857ae2,12.904336,77.543036,assault,2017-12-02T06:02:00,Thalaghtappura
39b925103a2a,12.889806,77.585842,assault,2017-02-20T14:30:00,Thalaghtappura
5d7ac25fed29,12.892167,77.581841,assault,2017-03-25T17:00:00,Thalaghtappura
c3863b6a69a9,12.903333,77.591944,assault,2017-04-04T12:46:00,Thalaghtappura
64e57377a23c,12.905042,77.591922,assault,2017-04-20T14:30:00,Thalaghtappura
b987b6aebe88,12.900256,77.590239,assault,2017-04-24T11:30:00,Thalaghtappura
264849d3c796,12.905617,77.590161,assault,2017-04-25T14:00:00,Thalaghtappura
2a3983803ec8,12.883753,77.590058,assault,2017-11-06T19:18:00,Thalaghtappura
1de2ba553ef0,12.883753,77.590058,assault,2017-06-14T10:30:00,Thalaghtappura
1a2641c1acb6,12.883753,77.590058,assault,2017-06-22T22:10:00,Thalaghtappura
135a01a112b5,12.883753,77.590058,assault,2017-03-07T02:03:00,Thalaghtappura
6ad2163be07f,12.906202,77.536484,assault,2017-08-14T16:00:00,Thalaghtappura
a9c836670a43,12.905746,77.57994,assault,2017-08-14T21:00:00,Thalaghtappura
08d3519d93fa,12.906203,77.58576,assault,2017-11-09T23:41:00,Thalaghtappura
2b7618757738,12.887179,77.589881,assault,2017-09-25T16:00:00,Thalaghtappura
44787c8ec809,12.897886,77.572981,assault,2017-10-29T12:15:00,Thalaghtappura
7057804e7f2f,12.910641,77.537354,assault,2017-11-28T21:15:00,Thalaghtappura
d57dd2b79c7f,12.906348,77.59955,assault,2018-04-01T19:23:00,Thalaghtappura
caa0773338f2,12.898622,77.570897,assault,2018-01-22T11:00:00,Thalaghtappura
af4f217d7e9e,12.891943,77.5755,assault,2018-01-30T21:30:00,Thalaghtappura
a337f3a5e2e8,12.889336,77.588762,assault,2018-02-14T15:15:00,Thalaghtappura
da8be4c83aac,12.895814,77.586992,assault,2018-03-21T14:30:00,Thalaghtappura
a74b34056dcf,12.90248,77.58207,assault,2018-03-29T09:00:00,Thalaghtappura
e4bcf10e4741,12.899884,77.589881,assault,2018-04-14T21:40:00,Thalaghtappura
1b2822d90313,12.899884,77.589881,assault,2018-04-14T22:40:00,Thalaghtappura
d7bfec6ed54b,12.915212,77.536447,assault,2018-04-07T22:31:00,Thalaghtappura
2928e38e98ca,12.902393,77.582093,assault,2018-11-07T04:35:00,Thalaghtappura
7187c911c7f4,12.902529,77.582085,assault,2018-12-07T13:41:00,Thalaghtappura
cb769f9f44e8,12.902452,77.582021,assault,2018-08-14T16:30:00,Thalaghtappura
c3bd8f01ca89,12.902324,77.582122,assault,2018-02-09T16:41:00,Thalaghtappura
2ad2015fcb00,12.902324,77.582111,assault,2018-08-09T06:15:00,Thalaghtappura
95e0347d29c5,12.902424,77.58218,assault,2018-09-09T00:48:00,Thalaghtappura
703f10edeb1d,12.903342,77.591839,assault,2018-11-09T20:08:00,Thalaghtappura
2d8fb4cf010f,12.896264,77.599616,assault,2018-09-21T12:30:00,Thalaghtappura
7bd1d808cc62,12.886113,77.585046,assault,2018-09-24T20:40:00,Thalaghtappura
e07c88af8134,12.877806,77.583708,assault,2018-05-10T05:50:00,Thalaghtappura
b7dd470934f7,12.902823,77.577043,assault,2018-09-11T12:34:00,Thalaghtappura
e2a0c9bcb2c5,12.888787,77.585418,assault,2018-07-12T06:21:00,Thalaghtappura
c6fcddb450b3,12.895878,77.581846,assault,2018-12-17T20:35:00,Thalaghtappura
965b7b637092,12.887975,77.590916,assault,2018-12-19T16:30:00,Thalaghtappura
d1f984c3e99b,12.895878,77.581846,assault,2019-01-31T21:00:00,Thalaghtappura
73aec8fd8dbe,12.902353,77.583402,assault,2019-03-02T08:53:00,Thalaghtappura
d9cac05b8eda,12.886842,77.591272,assault,2019-04-02T04:41:00,Thalaghtappura
867a3f3be5fd,12.891757,77.582555,assault,2019-07-02T22:16:00,Thalaghtappura
3715915b3fdd,12.886842,77.591272,assault,2019-02-26T21:30:00,Thalaghtappura
0063b74e3551,12.902353,77.583402,assault,2019-01-03T11:22:00,Thalaghtappura
79267b6d6dc1,12.895878,77.581846,assault,2019-04-27T20:45:00,Thalaghtappura
34b9a031282f,12.902122,77.582668,assault,2019-04-30T19:30:00,Thalaghtappura
964dade377c0,12.901612,77.574628,assault,2019-06-05T15:02:00,Thalaghtappura
6f2ae387714c,12.901612,77.574628,assault,2019-06-05T21:08:00,Thalaghtappura
8d4a7035f730,12.897327,77.580171,assault,2019-05-15T21:00:00,Thalaghtappura
08075e75e786,12.904728,77.584046,assault,2019-07-19T14:10:00,Thalaghtappura
7320f19d86da,12.904728,77.584046,assault,2019-08-13T16:15:00,Thalaghtappura
1de6af4db791,12.932507,77.582221,assault,2019-09-15T05:00:00,Thalaghtappura
a8b72538b129,12.904728,77.584046,assault,2019-10-14T21:00:00,Thalaghtappura
21d0e9c63e82,12.90388,77.54321,assault,2019-01-11T12:31:00,Thalaghtappura
078b8ecdedea,12.913495,77.535002,assault,2019-02-11T22:44:00,Thalaghtappura
66e40582a20f,12.893633,77.586537,assault,2019-03-11T16:54:00,Thalaghtappura
7f3f9e671ec0,12.901027,77.544043,assault,2019-11-15T13:15:00,Thalaghtappura
dc3f0b42369a,12.902726,77.582888,assault,2019-11-21T14:35:00,Thalaghtappura
a866394adb8d,12.877806,77.583708,assault,2019-03-12T05:43:00,Thalaghtappura
fc8c26a43251,12.90004,77.589878,assault,2019-05-12T17:29:00,Thalaghtappura
94b90e708371,12.899484,77.586083,assault,2019-12-24T10:45:00,Thalaghtappura
6efc3bec13bb,12.901991,77.582256,assault,2019-12-31T12:30:00,Thalaghtappura
db3fa619835a,12.911758,77.572653,assault,2015-08-01T14:00:00,Thalaghtappura
3c68f7be1867,12.902881,77.572187,assault,2015-01-19T09:45:00,Thalaghtappura
38e93ab9739f,12.914491,77.572106,assault,2015-01-20T23:10:00,Thalaghtappura
e44edd5f00e7,12.905871,77.564637,assault,2015-01-25T08:45:00,Thalaghtappura
1f432454c2ad,12.906171,77.569846,assault,2015-02-23T12:30:00,Thalaghtappura
8ef82d2afe9f,12.910936,77.56467,assault,2015-03-24T12:00:00,Thalaghtappura
71f0769453a8,12.900893,77.569881,assault,2015-04-20T12:00:00,Thalaghtappura
b4806bcd1133,12.910936,77.56467,assault,2015-02-05T13:45:00,Thalaghtappura
62485a887276,12.898195,77.569375,assault,2015-04-05T21:15:00,Thalaghtappura
dd6466f34d28,12.898195,77.569375,assault,2015-05-16T12:30:00,Thalaghtappura
74a52c2ad16a,12.898195,77.569375,assault,2015-05-16T04:45:00,Thalaghtappura
d5160fc4b1fe,12.898195,77.569375,assault,2015-04-06T10:15:00,Thalaghtappura
1afeedf85ce6,12.906171,77.569846,assault,2015-06-15T14:30:00,Thalaghtappura
e52bb03c288f,12.898195,77.569375,assault,2015-06-21T23:50:00,Thalaghtappura
883ac66b92ab,12.910936,77.56467,assault,2015-06-22T17:00:00,Thalaghtappura
d91b6f9fec97,12.900893,77.569881,assault,2015-09-07T21:30:00,Thalaghtappura
375cf3ac00a0,12.906171,77.569846,assault,2015-01-08T13:30:00,Thalaghtappura
55285a3d74a7,12.910936,77.56467,assault,2015-12-08T16:50:00,Thalaghtappura
12cb274b5cc2,12.910936,77.56467,assault,2015-08-18T02:45:00,Thalaghtappura
4beac1a638a3,12.910936,77.56467,assault,2015-08-19T19:00:00,Thalaghtappura
0fbc0d046cb1,12.910936,77.56467,assault,2015-08-23T14:45:00,Thalaghtappura
2a11e094a700,12.906171,77.569846,assault,2015-08-26T10:10:00,Thalaghtappura
ed3d2c00095b,12.898195,77.569375,assault,2015-09-14T12:00:00,Thalaghtappura
fd514b90e818,12.910936,77.56467,assault,2015-09-22T16:00:00,Thalaghtappura
0fd480f3b8bb,12.910936,77.56467,assault,2015-09-28T22:30:00,Thalaghtappura
dc7c77f65398,12.910936,77.56467,assault,2015-08-10T14:00:00,Thalaghtappura
8c5a21ac39a1,12.910936,77.56467,assault,2015-10-20T23:30:00,Thalaghtappura
cb94944181bc,12.898195,77.569375,assault,2015-10-21T17:40:00,Thalaghtappura
f983a4b08ec8,12.910936,77.56467,assault,2015-10-23T02:45:00,Thalaghtappura
956b482974ac,12.907695,77.571985,assault,2015-10-23T22:45:00,Thalaghtappura
ccb4608e0524,12.900893,77.569881,assault,2015-02-11T15:30:00,Thalaghtappura
154b9fa6c212,12.898195,77.569375,assault,2015-03-11T06:45:00,Thalaghtappura
5f1c03f0767a,12.900893,77.569881,assault,2015-05-11T23:00:00,Thalaghtappura
6d16db15d9d1,12.910936,77.56467,assault,2015-11-22T02:30:00,Thalaghtappura
8e748f479344,12.898195,77.569375,assault,2015-11-24T09:00:00,Thalaghtappura
c9ea9c0af8b2,12.910936,77.56467,assault,2015-11-28T10:45:00,Thalaghtappura
5f2ba65425d9,12.898195,77.569375,assault,2015-03-12T21:55:00,Thalaghtappura
dee70adf03f2,12.907695,77.571985,assault,2015-12-15T03:00:00,Thalaghtappura
d070b5b1d3b8,12.910936,77.56467,assault,2015-12-19T15:45:00,Thalaghtappura
fa92d8dc70b5,12.898195,77.569375,assault,2016-05-01T11:00:00,Thalaghtappura
7795ad8c9d58,12.907695,77.571985,assault,2016-10-01T22:45:00,Thalaghtappura
a755bbe8f9b2,12.910936,77.56467,assault,2016-01-19T19:00:00,Thalaghtappura
01821c401bf3,12.910936,77.56467,assault,2016-01-21T12:30:00,Thalaghtappura
46448e88fd55,12.910936,77.56467,assault,2016-02-27T18:00:00,Thalaghtappura
159c8cbaf8ca,12.907695,77.571985,assault,2016-03-13T23:55:00,Thalaghtappura
e17ce7c6499a,12.898195,77.569375,assault,2016-03-20T12:15:00,Thalaghtappura
2b147ae5c188,12.900893,77.569881,assault,2016-03-24T16:00:00,Thalaghtappura
f5882516aa8f,12.910936,77.56467,assault,2016-03-25T23:30:00,Thalaghtappura
c8a8038db3ab,12.907341,77.572612,assault,2016-04-21T13:00:00,Thalaghtappura
7d8968e88311,12.910936,77.56467,assault,2016-04-05T12:00:00,Thalaghtappura
81a8a4e2f930,12.898598,77.556898,assault,2016-05-18T12:30:00,Thalaghtappura
1f03993e5426,12.900893,77.569881,assault,2016-05-19T14:30:00,Thalaghtappura
3d49b4d9c3c6,12.910936,77.56467,assault,2016-05-19T16:40:00,Thalaghtappura
087fcdb29b0d,12.910936,77.56467,assault,2016-05-21T22:30:00,Thalaghtappura
22e93fbed3ac,12.898195,77.569375,assault,2016-05-30T23:00:00,Thalaghtappura
0e3e3dc052f9,12.906171,77.569846,assault,2016-11-06T10:00:00,Thalaghtappura
5cb18285ecee,12.898195,77.569375,assault,2016-06-18T22:15:00,Thalaghtappura
0ceaa1ef2cac,12.910936,77.56467,assault,2016-06-21T22:15:00,Thalaghtappura
4f7060b96faa,12.900893,77.569881,assault,2016-08-08T20:00:00,Thalaghtappura
f2f53d6f281a,12.907341,77.572612,assault,2016-10-08T21:00:00,Thalaghtappura
02b293d2b0d8,12.904331,77.568468,assault,2016-08-15T10:00:00,Thalaghtappura
433dcc86eaa0,12.907695,77.571985,assault,2016-08-15T12:00:00,Thalaghtappura
76d08ce8325c,12.904331,77.568468,assault,2016-09-14T21:30:00,Thalaghtappura
1af64e7f08a0,12.900893,77.569881,assault,2016-09-15T21:00:00,Thalaghtappura
0c5e1953f1c6,12.898195,77.569375,assault,2016-09-27T18:30:00,Thalaghtappura
466e3a06a5ad,12.907695,77.571985,assault,2016-02-10T13:15:00,Thalaghtappura
ec51051a22a6,12.900893,77.569881,assault,2016-06-10T21:30:00,Thalaghtappura
a4869d990bdf,12.898195,77.569375,assault,2016-08-11T11:30:00,Thalaghtappura
8ca9c28e8b1c,12.898195,77.569375,assault,2016-09-11T13:30:00,Thalaghtappura
f157aba32f4a,12.910936,77.56467,assault,2016-09-11T16:15:00,Thalaghtappura
170ba3d24f91,12.910936,77.56467,assault,2016-11-23T12:15:00,Thalaghtappura
9df466a8f357,12.910936,77.56467,assault,2016-09-12T19:00:00,Thalaghtappura
22f166bab2d3,12.907695,77.571985,assault,2016-11-12T21:00:00,Thalaghtappura
bea631ed9f51,12.898195,77.569375,assault,2016-12-27T21:35:00,Thalaghtappura
64fd0c2284d3,12.905741,77.565283,assault,2017-01-25T23:15:00,Thalaghtappura
ce6c86bea3ee,12.900893,77.569881,assault,2017-02-15T11:00:00,Thalaghtappura
8d3c53fc4cef,12.900893,77.569881,assault,2017-02-21T12:00:00,Thalaghtappura
2da82ad51915,12.898195,77.569375,assault,2017-02-23T15:00:00,Thalaghtappura
88db32bb5fde,12.898598,77.556898,assault,2017-02-27T13:10:00,Thalaghtappura
7aa8a2929841,12.900893,77.569881,assault,2017-03-30T15:00:00,Thalaghtappura
01650eacec16,12.898598,77.556898,assault,2017-03-31T14:00:00,Thalaghtappura
6b2ba9126cee,12.898195,77.569375,assault,2017-04-04T15:00:00,Thalaghtappura
0e21d4e654fd,12.910936,77.56467,assault,2017-10-04T13:00:00,Thalaghtappura
3345d8392d72,12.898195,77.569375,assault,2017-04-22T18:00:00,Thalaghtappura
53da9c8127d4,12.898195,77.569375,assault,2017-05-05T15:00:00,Thalaghtappura
dec7f4bdc2b8,12.910936,77.56467,assault,2017-09-05T19:00:00,Thalaghtappura
dd03113d64eb,12.898195,77.569375,assault,2017-05-13T21:30:00,Thalaghtappura
35d0414f1b5c,12.905329,77.563298,assault,2017-05-18T16:30:00,Thalaghtappura
bbc8086afb6c,12.910936,77.56467,assault,2017-01-06T22:30:00,Thalaghtappura
b1615c3b6fad,12.910936,77.56467,assault,2017-04-07T11:15:00,Thalaghtappura
fd4791eff9db,12.898195,77.569375,assault,2017-06-07T11:00:00,Thalaghtappura
c24188f7cfd2,12.910936,77.56467,assault,2017-08-07T15:30:00,Thalaghtappura
01eb398d5143,12.910936,77.56467,assault,2017-08-07T18:30:00,Thalaghtappura
4f078d90b9f7,12.910936,77.56467,assault,2017-07-15T15:00:00,Thalaghtappura
17245d0248eb,12.907695,77.571985,assault,2017-07-16T11:00:00,Thalaghtappura
b729ed06d25f,12.900893,77.569881,assault,2017-07-18T12:00:00,Thalaghtappura
bd4e915ea77c,12.910936,77.569846,assault,2017-07-25T13:00:00,Thalaghtappura
befa7b726115,12.898195,77.569375,assault,2017-01-08T14:00:00,Thalaghtappura
96b49bf7f177,12.906171,77.569846,assault,2017-08-14T15:00:00,Thalaghtappura
64c9e9a79351,12.898598,77.556898,assault,2017-08-17T13:00:00,Thalaghtappura
f8b2823ecc68,12.898598,77.556898,assault,2017-08-17T14:00:00,Thalaghtappura
a6652ff85c7e,12.906171,77.569846,assault,2017-08-20T14:00:00,Thalaghtappura
be45bd081f99,12.910936,77.56467,assault,2017-08-23T15:00:00,Thalaghtappura
884ab2465b09,12.906171,77.569846,assault,2017-08-24T18:30:00,Thalaghtappura
22a9fe675696,12.910936,77.56467,assault,2017-03-09T13:45:00,Thalaghtappura
f0f5c212db0f,12.898598,77.556898,assault,2017-11-09T14:45:00,Thalaghtappura
88d5a102ff92,12.910936,77.56467,assault,2017-09-16T19:20:00,Thalaghtappura
39a6ba11ce13,12.907695,77.571985,assault,2017-09-19T20:00:00,Thalaghtappura
9ef99a276940,12.898195,77.569375,assault,2017-07-10T16:20:00,Thalaghtappura
d447e6f98c09,12.907695,77.571985,assault,2017-12-10T20:00:00,Thalaghtappura
804840b0a1fd,12.907695,77.571985,assault,2017-12-10T21:00:00,Thalaghtappura
69c529904003,12.898195,77.569375,assault,2017-10-20T22:45:00,Thalaghtappura
09b58883208e,12.895762,77.559942,assault,2017-10-30T21:15:00,Thalaghtappura
2e5d405bac9a,12.910936,77.56467,assault,2017-01-11T22:00:00,Thalaghtappura
aca04a96104f,12.910936,77.56467,assault,2017-03-11T14:00:00,Thalaghtappura
aa0c5ca87b94,12.907695,77.571985,assault,2017-03-11T20:00:00,Thalaghtappura
322dfd26e981,12.915536,77.561626,assault,2017-12-11T19:30:00,Thalaghtappura
19c740571494,12.898598,77.556898,assault,2017-11-26T13:00:00,Thalaghtappura
fe96d0ab0c08,12.91142,77.562077,assault,2017-11-27T16:30:00,Thalaghtappura
c4dc79cbf81a,12.910936,77.56467,assault,2017-11-27T17:00:00,Thalaghtappura
e2c88fd7dae7,12.907702,77.57131,assault,2017-05-12T15:00:00,Thalaghtappura
4a9a2cbe328d,12.906171,77.569846,assault,2017-08-12T12:00:00,Thalaghtappura
2d62353e2666,12.916297,77.570796,assault,2017-12-17T18:00:00,Thalaghtappura
3822a3832e8a,12.910936,77.56467,assault,2018-01-27T15:15:00,Thalaghtappura
9eea1710d591,12.910936,77.56467,assault,2018-09-02T11:15:00,Thalaghtappura
6105d181245c,12.910936,77.56467,assault,2018-09-02T12:30:00,Thalaghtappura
f1517be030e3,12.910936,77.56467,assault,2018-02-15T22:45:00,Thalaghtappura
1d325f038f48,12.910936,77.56467,assault,2018-02-18T20:45:00,Thalaghtappura
c2adf3026b93,12.910936,77.56467,assault,2018-02-18T22:30:00,Thalaghtappura
b9ab7e2c7251,12.910936,77.56467,assault,2018-02-27T09:00:00,Thalaghtappura
74265601be3c,12.910936,77.56467,assault,2018-03-13T10:00:00,Thalaghtappura
2f28cf9ceda2,12.910936,77.56467,assault,2018-03-20T13:00:00,Thalaghtappura
cbfda233b023,12.910936,77.56467,assault,2018-03-20T13:30:00,Thalaghtappura
e65183ac8218,12.906171,77.569846,assault,2018-03-23T16:00:00,Thalaghtappura
c66eaf97e9de,12.898598,77.556898,assault,2018-12-04T13:20:00,Thalaghtappura
fc37fe4c7dcb,12.906171,77.569846,assault,2018-04-20T19:15:00,Thalaghtappura
d22743fd9c70,12.910936,77.56467,assault,2018-01-05T18:20:00,Thalaghtappura
c2e3299de7e3,12.910936,77.56467,assault,2018-03-05T19:00:00,Thalaghtappura
7ff4d9a49ed8,12.907695,77.571985,assault,2018-03-05T16:30:00,Thalaghtappura
e3458aa509ef,12.907695,77.571985,assault,2018-07-05T15:00:00,Thalaghtappura
4a8aac265c48,12.898598,77.556898,assault,2018-05-20T15:30:00,Thalaghtappura
0122aaa9ae67,12.910936,77.56467,assault,2018-05-21T14:00:00,Thalaghtappura
5886ef66b89e,12.898598,77.556898,assault,2018-05-27T17:00:00,Thalaghtappura
95b8249e9ff2,12.907911,77.566737,assault,2018-06-28T17:30:00,Thalaghtappura
fe071d3c01f1,12.902339,77.565325,assault,2018-08-08T17:45:00,Thalaghtappura
c7fa0ab34874,12.907695,77.571985,assault,2018-08-15T19:00:00,Thalaghtappura
83c6867a2d87,12.899914,77.572491,assault,2018-08-30T19:50:00,Thalaghtappura
9ae28b9f81b5,12.910936,77.56467,assault,2018-09-25T17:10:00,Thalaghtappura
97acb52c81c6,12.902333,77.568928,assault,2018-10-14T11:00:00,Thalaghtappura
6dc8b2c29d75,12.910936,77.56467,assault,2018-10-23T11:30:00,Thalaghtappura
5a64847a5a30,12.910936,77.56467,assault,2018-10-24T16:00:00,Thalaghtappura
29a7a096f37b,12.910936,77.56467,assault,2018-10-24T16:00:00,Thalaghtappura
763ca4b2c044,12.910936,77.56467,assault,2018-10-25T12:00:00,Thalaghtappura
decc0cfca806,12.910936,77.56467,assault,2018-10-25T13:00:00,Thalaghtappura
212275058840,12.906171,77.569846,assault,2018-11-23T10:00:00,Thalaghtappura
7b11b6333e84,12.906171,77.569846,assault,2018-05-12T20:30:00,Thalaghtappura
dab6f4f412d5,12.906171,77.569846,assault,2018-10-12T19:15:00,Thalaghtappura
b02bc2ab315b,12.913305,77.568035,assault,2019-10-01T15:00:00,Thalaghtappura
63f6a0392124,12.910936,77.56467,assault,2019-01-23T14:40:00,Thalaghtappura
b872e61d0ff3,12.898195,77.569375,assault,2019-03-02T17:15:00,Thalaghtappura
a8eb2d024b29,12.907341,77.572612,assault,2019-09-02T12:00:00,Thalaghtappura
e1a4a2b2923f,12.915099,77.56184,assault,2019-12-02T11:30:00,Thalaghtappura
c3610c70ee7c,12.898195,77.569375,assault,2019-02-14T10:00:00,Thalaghtappura
f6c0c1534f03,12.910936,77.56467,assault,2019-02-24T19:30:00,Thalaghtappura
acfbfa258ab4,12.907341,77.572612,assault,2019-02-25T10:30:00,Thalaghtappura
36f01f009aff,12.910936,77.56467,assault,2019-02-26T15:15:00,Thalaghtappura
6e3aa9806df2,12.910936,77.56467,assault,2019-10-03T15:30:00,Thalaghtappura
53583da04522,12.910936,77.56467,assault,2019-10-03T14:00:00,Thalaghtappura
911aaf0e441b,12.913305,77.568035,assault,2019-03-20T14:15:00,Thalaghtappura
9d2ef5054f6b,12.910936,77.568035,assault,2019-06-04T18:30:00,Thalaghtappura
1d2d46cf4fe5,12.910936,77.56467,assault,2019-07-04T14:30:00,Thalaghtappura
ee75a0ed36ae,12.915536,77.561626,assault,2019-04-25T20:00:00,Thalaghtappura
e8b7359ed441,12.914126,77.563335,assault,2019-04-26T10:00:00,Thalaghtappura
d93eb808ef74,12.910936,77.56467,assault,2019-10-05T18:00:00,Thalaghtappura
f144cb2b9474,12.907702,77.57131,assault,2019-05-16T13:00:00,Thalaghtappura
2d0e72750a5e,12.915144,77.569419,assault,2019-07-06T15:30:00,Thalaghtappura
b8c7e94ed803,12.910936,77.56467,assault,2019-06-13T13:10:00,Thalaghtappura
309b1f274b3e,12.910936,77.56467,assault,2019-06-14T23:10:00,Thalaghtappura
d2e5d3d568b6,12.910936,77.56467,assault,2019-06-25T14:15:00,Thalaghtappura
0a952fe90b38,12.907341,77.572612,assault,2019-06-28T23:40:00,Thalaghtappura
43afa489af1f,12.907341,77.572612,assault,2019-03-07T13:30:00,Thalaghtappura
637935591845,12.904331,77.568468,assault,2019-11-07T16:30:00,Thalaghtappura
502c9f089e9b,12.907341,77.572612,assault,2019-07-24T02:30:00,Thalaghtappura
e109dc301f73,12.907341,77.572612,assault,2019-07-26T10:10:00,Thalaghtappura
c87483d3bd13,12.910936,77.56467,assault,2019-07-31T15:50:00,Thalaghtappura
62f65039b2ae,12.907341,77.572612,assault,2019-09-29T11:00:00,Thalaghtappura
1290302a74c8,12.907341,77.572612,assault,2019-09-29T19:45:00,Thalaghtappura
7e7e09351f87,12.906171,77.569846,assault,2019-04-10T10:30:00,Thalaghtappura
e58bc4eb587a,12.910936,77.56467,assault,2019-04-10T15:00:00,Thalaghtappura
f5adf9cebb05,12.910936,77.56467,assault,2019-01-11T15:00:00,Thalaghtappura
a21f66f8b2fb,12.910936,77.56467,assault,2019-11-15T15:00:00,Thalaghtappura
8567af8cbb92,12.907341,77.572612,assault,2019-11-19T12:10:00,Thalaghtappura
03a4cbfabc12,12.910936,77.56467,assault,2019-11-28T13:30:00,Thalaghtappura
6bf07ff266f7,12.910936,77.56467,assault,2019-12-21T18:30:00,Thalaghtappura
4776a9c99b73,12.907341,77.572612,assault,2019-12-22T18:30:00,Thalaghtappura
681831019652,12.903898,77.532302,assault,2015-07-01T16:42:00,Thalaghtappura
400a10f60cd7,12.914188,77.547055,assault,2015-02-16T16:30:00,Thalaghtappura
f9055c629b68,12.90318,77.542489,assault,2015-05-03T18:35:00,Thalaghtappura
3252315d614d,12.942983,77.548507,assault,2015-03-18T17:00:00,Thalaghtappura
2fbae9dbd1df,12.903125,77.534674,assault,2015-03-22T03:15:00,Thalaghtappura
9b27ef0dafcd,12.906595,77.533843,assault,2015-03-22T18:20:00,Thalaghtappura
75e77c2e55f4,12.905383,77.535704,assault,2015-04-13T04:45:00,Thalaghtappura
9833bc3ddc36,12.907039,77.54461,assault,2015-02-05T23:07:00,Thalaghtappura
6427cfad7d58,12.943379,77.551873,assault,2015-05-13T23:10:00,Thalaghtappura
6dbaf5afdafb,12.935659,77.543682,assault,2015-05-27T11:30:00,Thalaghtappura
538796a8b2ea,12.918761,77.538424,assault,2015-06-23T13:20:00,Thalaghtappura
c854ca542ea1,12.932877,77.547598,assault,2015-07-23T14:30:00,Thalaghtappura
c55526597276,12.932061,77.545109,assault,2015-08-15T18:30:00,Thalaghtappura
d73336b1b5f4,12.942688,77.549145,assault,2015-08-24T19:55:00,Thalaghtappura
6631b0008f7b,12.932912,77.544136,assault,2015-08-22T14:00:00,Thalaghtappura
82651527f051,12.914574,77.546867,assault,2015-10-09T02:09:00,Thalaghtappura
60c17645a2ac,12.945753,77.548912,assault,2015-11-09T07:46:00,Thalaghtappura
3026d2b82160,12.914569,77.534522,assault,2015-09-18T09:00:00,Thalaghtappura
bdc8195edfd0,12.931915,77.551889,assault,2015-04-10T01:50:00,Thalaghtappura
7cd47484e8fa,12.937357,77.55191,assault,2015-11-10T12:53:00,Thalaghtappura
dfd924e5a472,12.911359,77.531167,assault,2015-10-19T17:15:00,Thalaghtappura
b0a130673225,12.91802,77.543635,assault,2015-10-28T23:55:00,Thalaghtappura
61897f4719eb,12.909923,77.548006,assault,2015-04-18T16:30:00,Thalaghtappura
1528601ff02f,12.908903,77.548881,assault,2015-11-14T15:40:00,Thalaghtappura
8fb67ebec885,12.910221,77.53287,assault,2015-11-12T16:02:00,Thalaghtappura
c2aefb042ff6,12.904672,77.540144,assault,2015-12-19T12:30:00,Thalaghtappura
ed4dc5098ff1,12.908545,77.531092,assault,2016-10-01T16:42:00,Thalaghtappura
2a635be63faa,12.902235,77.539524,assault,2016-01-29T18:15:00,Thalaghtappura
cfcfa06ee00b,12.911093,77.542374,assault,2016-03-13T20:10:00,Thalaghtappura
f455a70a63c8,12.913399,77.535439,assault,2016-03-23T22:30:00,Thalaghtappura
ebcf1f17a804,12.901171,77.54413,assault,2016-03-23T23:00:00,Thalaghtappura
840468af694e,12.939517,77.534316,assault,2016-11-04T23:55:00,Thalaghtappura
7ad0a868bf96,12.916056,77.545941,assault,2016-04-16T18:30:00,Thalaghtappura
53b7348cb472,12.933264,77.537223,assault,2016-07-05T15:40:00,Thalaghtappura
055743a528ca,12.928067,77.539516,assault,2016-09-05T18:43:00,Thalaghtappura
3e72f8458e1a,12.907002,77.54539,assault,2016-03-06T13:28:00,Thalaghtappura
1d7ab901e20a,12.904296,77.546562,assault,2016-10-06T12:14:00,Thalaghtappura
a8e6a7dfa2bb,12.909393,77.532157,assault,2016-07-16T11:15:00,Thalaghtappura
7cbaf6ae801a,12.938043,77.552383,assault,2016-07-23T11:15:00,Thalaghtappura
8d441c8429f3,12.907979,77.545611,assault,2016-09-09T18:47:00,Thalaghtappura
9a1269b6c6ea,12.904738,77.531533,assault,2016-09-14T20:45:00,Thalaghtappura
37c6ec365412,12.909626,77.534117,assault,2016-10-26T02:10:00,Thalaghtappura
45a164901964,12.91438,77.546432,assault,2016-11-20T20:45:00,Thalaghtappura
8550eac28358,12.910821,77.548904,assault,2016-11-27T09:15:00,Thalaghtappura
1aaef0988598,12.909108,77.540247,assault,2016-11-27T10:30:00,Thalaghtappura
a43eca24fdbd,12.918815,77.535038,assault,2016-11-30T20:30:00,Thalaghtappura
3b67487d1f0d,12.917974,77.531549,assault,2016-05-12T02:18:00,Thalaghtappura
9910455adb46,12.930293,77.535142,assault,2016-12-19T10:30:00,Thalaghtappura
6230b27d73bb,12.902252,77.544237,assault,2016-02-16T19:30:00,Thalaghtappura
206037ae90e7,12.911953,77.54382,assault,2016-03-24T23:00:00,Thalaghtappura
85720d74aa24,12.941974,77.543564,assault,2016-09-05T03:58:00,Thalaghtappura
0dbeb188a6cd,12.937381,77.552213,assault,2016-06-21T19:30:00,Thalaghtappura
3b654c237276,12.927377,77.538028,assault,2016-06-22T18:30:00,Thalaghtappura
02693563411c,12.940325,77.545283,assault,2017-03-02T19:10:00,Thalaghtappura
920b26bd5524,12.937064,77.536413,assault,2017-02-03T10:31:00,Thalaghtappura
25a64c8d796c,12.942083,77.547045,assault,2017-03-20T10:01:00,Thalaghtappura
807dff0654d1,12.939859,77.534516,assault,2017-03-20T16:08:00,Thalaghtappura
29affb9bc165,12.901087,77.545629,assault,2017-04-08T23:14:00,Thalaghtappura
ef064c5df5bd,12.901868,77.541498,assault,2017-04-12T08:57:00,Thalaghtappura
a1fa42bb20f3,12.910865,77.54039,assault,2017-04-21T06:31:00,Thalaghtappura
1484acf9ddc1,12.869547,77.54689,assault,2017-05-16T19:16:00,Thalaghtappura
98b9310c97ff,12.935859,77.549716,assault,2017-06-18T02:36:00,Thalaghtappura
acfae8310179,12.904725,77.543942,assault,2017-06-18T06:27:00,Thalaghtappura
d2ffb0075564,12.944966,77.5488,assault,2017-06-18T08:27:00,Thalaghtappura
a9196fccbbbf,12.9449,77.54488,assault,2017-06-18T05:28:00,Thalaghtappura
993b202ffd32,12.939628,77.534755,assault,2017-06-22T16:15:00,Thalaghtappura
023fcac88616,12.963685,77.542155,assault,2017-06-23T22:30:00,Thalaghtappura
4c70772a50ba,12.911751,77.542849,assault,2017-07-25T03:41:00,Thalaghtappura
6639a4ca24e8,12.94587,77.584697,assault,2017-07-29T04:52:00,Thalaghtappura
312381ac1634,12.94587,77.584697,assault,2017-07-29T21:41:00,Thalaghtappura
75c62ec4c516,12.941049,77.538113,assault,2017-07-29T11:41:00,Thalaghtappura
b1154c90ffee,12.940013,77.543689,assault,2017-07-30T12:10:00,Thalaghtappura
64a1052746d1,12.935607,77.544605,assault,2017-07-31T21:15:00,Thalaghtappura
7aa74af181c2,12.93195,77.53339,assault,2017-08-11T07:39:00,Thalaghtappura
6fc9c54df728,12.936286,77.536518,assault,2017-08-14T07:44:00,Thalaghtappura
b7eb674a680b,12.904863,77.538611,assault,2017-08-20T11:09:00,Thalaghtappura
5e51c3225bf7,12.922685,77.536987,assault,2017-08-31T11:10:00,Thalaghtappura
e83e4d975b31,12.931041,77.540918,assault,2017-10-03T14:15:00,Thalaghtappura
6255ef338414,12.938799,77.552346,assault,2017-10-17T16:25:00,Thalaghtappura
060f844cd93e,12.946138,77.548921,assault,2017-10-31T01:49:00,Thalaghtappura
5265272a2d84,12.946138,77.548921,assault,2017-11-01T11:50:00,Thalaghtappura
b4842868be51,12.941984,77.547,assault,2017-03-20T22:17:00,Thalaghtappura
8fe2a89f9331,12.938941,77.551493,assault,2017-06-14T16:37:00,Thalaghtappura
007eb61f6299,12.93127,77.53917,assault,2017-11-07T14:02:00,Thalaghtappura
25ec976c426f,12.937026,77.536434,assault,2017-11-27T05:02:00,Thalaghtappura
e27f639c2f01,12.934965,77.547204,assault,2017-11-30T00:29:00,Thalaghtappura
1cf26ba79272,12.930463,77.545643,assault,2017-07-04T12:31:00,Thalaghtappura
7d2c1c2c0ec3,12.940231,77.534861,assault,2017-10-10T20:57:00,Thalaghtappura
b31f7f64c43b,12.935645,77.553265,assault,2017-11-20T13:12:00,Thalaghtappura
017cf4ca9e59,12.912788,77.545985,assault,2017-11-27T09:38:00,Thalaghtappura
e3ed8f4511e4,12.940018,77.552016,assault,2017-12-06T20:14:00,Thalaghtappura
7145db393f5c,12.936701,77.548472,assault,2018-02-08T14:03:00,Thalaghtappura
2974b6de7a38,12.93431,77.55034,assault,2018-01-23T22:54:00,Thalaghtappura
3a33a6c82120,12.9358,77.5439,assault,2018-02-05T05:23:00,Thalaghtappura
326fbc5a16af,12.902584,77.543678,assault,2018-02-11T11:32:00,Thalaghtappura
10950c8dcb08,12.941246,77.535496,assault,2018-05-14T07:00:00,Thalaghtappura
3469c8ba408f,12.943535,77.547138,assault,2018-05-14T04:21:00,Thalaghtappura
4191231c3965,12.935489,77.543658,assault,2018-05-17T05:20:00,Thalaghtappura
d73a318aa255,12.938654,77.542365,assault,2018-05-22T02:14:00,Thalaghtappura
23f827eca3d8,12.933557,77.532785,assault,2018-06-17T04:59:00,Thalaghtappura
bc832234fb5b,12.936587,77.543265,assault,2018-06-22T23:45:00,Thalaghtappura
9cad5caf9221,12.913006,77.536729,assault,2018-07-01T23:45:00,Thalaghtappura
e3e04b62ffe0,12.934567,77.535845,assault,2018-08-10T23:39:00,Thalaghtappura
7af53c6fbe79,12.938995,77.53516,assault,2018-09-12T06:39:00,Thalaghtappura
28bd37c237c0,12.940244,77.561376,assault,2018-09-21T12:37:00,Thalaghtappura
9802bf81ee3d,12.942654,77.542366,assault,2018-09-24T17:01:00,Thalaghtappura
b680bdfa8cf9,12.936217,77.536491,assault,2018-10-01T07:10:00,Thalaghtappura
7c2ff3021658,12.927756,77.540681,assault,2018-10-02T00:53:00,Thalaghtappura
6557fc4713e8,12.93125,77.543307,assault,2018-10-22T05:47:00,Thalaghtappura
69a0d84cd815,12.915886,77.547451,assault,2018-10-22T09:02:00,Thalaghtappura
686f4f5afe2b,12.938285,77.533791,assault,2018-12-06T12:26:00,Thalaghtappura
1405d323f0bb,12.942775,77.536443,assault,2018-12-28T02:30:00,Thalaghtappura
ab12b8322b12,12.901718,77.538358,assault,2018-03-26T16:34:00,Thalaghtappura
a18515f19f7b,12.934576,77.543268,assault,2018-04-18T19:10:00,Thalaghtappura
05aa7c08506c,12.907485,77.545245,assault,2018-05-29T10:29:00,Thalaghtappura
50d0536285bb,12.931302,77.532919,assault,2018-05-29T15:52:00,Thalaghtappura
21fd9e8749a8,12.924303,77.539317,assault,2018-07-01T02:21:00,Thalaghtappura
e4b8811f2e96,12.932376,77.541031,assault,2018-09-21T05:30:00,Thalaghtappura
8fbfced322c0,12.914763,77.542287,assault,2018-09-24T03:31:00,Thalaghtappura
736b59da12b4,12.920941,77.536781,assault,2018-11-21T22:14:00,Thalaghtappura
f4c35a913230,12.920941,77.536781,assault,2018-11-21T10:57:00,Thalaghtappura
d1a17dbd19ce,12.911142,77.542304,assault,2018-11-25T20:09:00,Thalaghtappura
6a46607a10ac,12.938254,77.533765,assault,2019-01-26T18:24:00,Thalaghtappura
01d71352ff11,12.94102,77.538553,assault,2019-02-08T03:28:00,Thalaghtappura
3c5c82e12c7d,12.933916,77.538126,assault,2019-02-09T18:42:00,Thalaghtappura
c6a73f2bea45,12.932861,77.537736,assault,2019-02-10T01:09:00,Thalaghtappura
7a186d915f2d,12.903485,77.541457,assault,2019-02-10T15:18:00,Thalaghtappura
9d88f333a754,12.943939,77.546659,assault,2019-02-10T22:23:00,Thalaghtappura
4c0708474d49,12.907822,77.537624,assault,2019-03-13T04:58:00,Thalaghtappura
351e12451922,12.93094,77.543964,assault,2019-03-22T04:50:00,Thalaghtappura
edb45d0c88a0,12.937934,77.535445,assault,2019-03-22T20:11:00,Thalaghtappura
8201ada5ea1f,12.937905,77.549921,assault,2019-03-23T17:03:00,Thalaghtappura
6769b0691610,12.916505,77.539282,assault,2019-04-12T05:24:00,Thalaghtappura
0eecc527f72b,12.93113,77.546749,assault,2019-04-27T13:10:00,Thalaghtappura
021a84a489dc,12.937984,77.544732,assault,2019-05-01T10:17:00,Thalaghtappura
dd9f401b1794,12.942391,77.548947,assault,2019-06-06T22:53:00,Thalaghtappura
4094f4d7722a,12.907714,77.548165,assault,2019-06-29T20:43:00,Thalaghtappura
c825514ed168,12.910006,77.543529,assault,2019-07-13T08:53:00,Thalaghtappura
ffee821624c7,12.939229,77.547919,assault,2019-07-21T09:21:00,Thalaghtappura
fbcecad7c5a1,12.934933,77.541515,assault,2019-08-03T18:00:00,V V Puram
373c1586394f,12.936431,77.536427,assault,2019-08-20T06:03:00,V V Puram
ad12e412da49,12.946447,77.564531,assault,2019-09-13T21:21:00,V V Puram
d55bc35300fc,12.94295,77.545663,assault,2019-09-14T17:46:00,V V Puram
74a87e6f05c1,12.93852,77.543472,assault,2019-09-16T16:28:00,V V Puram
fe898d0c294f,12.93794,77.540402,assault,2019-10-03T13:13:00,V V Puram
65567efb61ed,12.93794,77.540402,assault,2019-10-03T17:19:00,V V Puram
1dc432d9d2b2,12.93314,77.54023,assault,2019-12-01T17:47:00,V V Puram
837604929776,12.939441,77.563925,assault,2019-12-03T14:11:00,V V Puram
f0072c0d5353,12.947187,77.573433,assault,2019-12-29T05:02:00,V V Puram
23303648c13f,12.950467,77.5643,assault,2015-04-12T23:25:00,V V Puram
610da05b6f2d,12.948657,77.562276,assault,2015-04-19T12:12:00,V V Puram
a6921b0a0f66,12.952299,77.564412,assault,2015-04-19T01:36:00,V V Puram
f9e38c456ad1,12.948212,77.562999,assault,2015-10-08T01:30:00,V V Puram
ecd63858f12f,12.948212,77.562999,assault,2015-10-08T02:15:00,V V Puram
253bba3f41f0,12.94723,77.564242,assault,2016-01-01T17:40:00,V V Puram
d22e79f063ff,12.956308,77.56341,assault,2016-11-02T02:30:00,V V Puram
a4429962f748,12.954014,77.572636,assault,2016-02-15T16:00:00,V V Puram
d53006ee14f9,12.952299,77.564412,assault,2016-05-03T22:45:00,V V Puram
21a38887008c,12.948657,77.562276,assault,2016-03-28T18:30:00,V V Puram
26bca4f3809f,12.956997,77.564332,assault,2016-06-04T22:50:00,V V Puram
617b6ecb38f8,12.940406,77.574448,assault,2016-04-15T16:15:00,V V Puram
647b45239434,12.957763,77.555603,assault,2016-04-18T00:05:00,V V Puram
a4fe58eb06a6,12.940701,77.571739,assault,2016-05-29T22:00:00,V V Puram
fb3e750cfb97,12.951651,77.561986,assault,2016-07-12T16:19:00,V V Puram
3ef781cc92b6,12.954864,77.577079,assault,2016-12-07T16:00:00,V V Puram
031c39cb9107,12.950866,77.564661,assault,2016-07-14T21:45:00,V V Puram
256c5d2e10a5,12.95454,77.577138,assault,2016-10-23T12:30:00,V V Puram
18591399c2e8,12.953209,77.564923,assault,2017-06-01T01:00:00,V V Puram
09a0a57a87c9,12.942534,77.57439,assault,2017-01-13T02:30:00,V V Puram
a331c2595775,12.944154,77.575595,assault,2017-01-13T02:50:00,V V Puram
efd6c8d2e5bb,12.956959,77.561311,assault,2017-02-20T19:00:00,V V Puram
3b62a615b842,12.95516,77.572267,assault,2017-02-25T21:30:00,V V Puram
e67fea9cd396,12.956529,77.569353,assault,2017-02-26T02:00:00,V V Puram
7f3c9b04b203,12.954259,77.561909,assault,2017-02-26T13:20:00,V V Puram
82b7cf9a81ec,12.945032,77.561995,assault,2017-02-26T13:40:00,V V Puram
0ca56a6893d3,12.952299,77.564412,assault,2017-02-03T11:15:00,V V Puram
837bfb1a162d,12.952299,77.564412,assault,2017-02-03T11:45:00,V V Puram
703a4f49b815,12.956565,77.57586,assault,2017-10-19T13:10:00,V V Puram
4081574a32e3,12.953215,77.568451,assault,2017-10-02T19:49:00,V V Puram
267df1847cae,12.94383,77.562623,assault,2017-05-27T13:00:00,V V Puram
5aa4110ad566,12.942009,77.563479,assault,2017-05-27T13:30:00,V V Puram
4996d68e25df,12.956524,77.574794,assault,2017-07-13T10:00:00,V V Puram
e9b974291a6b,12.948657,77.562276,assault,2017-07-25T18:30:00,V V Puram
5988ce327cfe,12.956428,77.568886,assault,2017-10-11T19:00:00,V V Puram
69becb02c121,12.944007,77.575515,assault,2017-11-26T16:30:00,V V Puram
67898f5fbefd,12.956997,77.564332,assault,2017-12-16T11:30:00,V V Puram
7a6ca8d0def6,12.950853,77.563428,assault,2018-02-15T15:30:00,V V Puram
3cb25d5f32b5,12.949096,77.55491,assault,2018-03-29T19:30:00,V V Puram
25d2989e3f3b,12.94855,77.56059,assault,2018-08-04T16:45:00,V V Puram
bd4bbc603de6,12.95497,77.56627,assault,2018-04-17T14:00:00,V V Puram
72ce0d58b5c7,12.94818,77.56009,assault,2018-05-30T14:30:00,V V Puram
ae1ef6a7f172,12.95411,77.56167,assault,2018-02-07T21:40:00,V V Puram
fa551b627c3f,12.946004,77.558921,assault,2018-08-26T12:15:00,V V Puram
02b980480a6f,12.94783,77.55976,assault,2018-07-10T12:30:00,V V Puram
be1356efe84e,12.949588,77.56199,assault,2018-10-11T19:00:00,V V Puram
350bc2c39d57,12.956898,77.559266,assault,2018-12-25T17:30:00,V V Puram
a600232e55b0,12.94749,77.56073,assault,2018-12-31T20:40:00,V V Puram
72b963b64525,12.94967,77.557683,assault,2019-01-14T11:30:00,V V Puram
967e3e7b9617,12.944869,77.566291,assault,2019-03-16T15:00:00,V V Puram
8786a33a3b0d,12.94749,77.56045,assault,2019-04-21T12:00:00,V V Puram
17a10bc8759c,12.94745,77.56633,assault,2019-05-30T13:10:00,V V Puram
4ea6635868a6,12.94552,77.56172,assault,2019-01-06T13:20:00,V V Puram
1ef66962a441,12.94318,77.563153,assault,2019-06-25T00:45:00,V V Puram
c9ce415a3760,12.94831,77.55999,assault,2019-07-18T10:50:00,V V Puram
cf83536280ab,12.94816,77.5678,assault,2019-07-25T12:30:00,V V Puram
4724d5a2b196,12.95351,77.55839,assault,2019-10-08T13:20:00,V V Puram
449dc13387ad,12.95271,77.56254,assault,2019-11-15T10:00:00,V V Puram
4956079396eb,12.94714,77.56241,assault,2019-11-26T20:30:00,V V Puram
d919056d18aa,12.9508,77.56377,assault,2019-12-13T18:00:00,V V Puram
5c313e092a80,12.943612,77.567325,assault,2015-09-17T12:00:00,V V Puram
48df8aad5d3c,12.9523,77.56858,assault,2015-10-14T10:00:00,V V Puram
44420946add6,12.95056,77.56923,assault,2015-10-28T16:00:00,V V Puram
3ce1ee2731cc,12.94951,77.5674,assault,2015-05-12T19:00:00,V V Puram
0badc7f99f6b,12.9556,77.56883,assault,2015-06-12T13:45:00,V V Puram
ad92b5fbf53b,12.95289,77.57194,assault,2016-07-02T10:10:00,V V Puram
074611ece049,12.951135,77.561913,assault,2016-03-24T22:00:00,V V Puram
57f0637cc579,12.955014,77.570221,assault,2017-07-07T13:30:00,V V Puram
a7db589f7ff3,12.95722,77.57187,assault,2017-09-13T17:30:00,V V Puram
6edf785b6880,12.94946,77.5713,assault,2017-10-13T18:30:00,V V Puram
901fc10c0d2f,12.948988,77.569957,assault,2017-08-11T19:00:00,V V Puram
da3fe94a4e8b,12.95722,77.57187,assault,2017-12-29T14:00:00,V V Puram
72bae58c11e4,12.948078,77.568619,assault,2018-03-29T21:10:00,V V Puram
998f7106fb9f,12.9556,77.56883,assault,2019-10-06T11:00:00,V V Puram
0d0cdcda3755,12.95289,77.57242,assault,2019-06-20T21:20:00,V V Puram
de729153104b,12.955851,77.5756,assault,2015-05-26T22:30:00,V V Puram
92b0961735f0,12.948442,77.576435,assault,2015-06-04T18:15:00,V V Puram
840278876cbc,12.963285,77.57056,assault,2015-12-02T06:15:00,V V Puram
b0a317f2bbeb,12.963285,77.57056,assault,2015-12-02T06:30:00,V V Puram
0485f56d9e0d,12.954542,77.57479,assault,2015-02-12T17:37:00,V V Puram
35fe0a393db6,12.95457,77.56362,assault,2015-04-04T18:30:00,V V Puram
0c83d07a77c5,12.961492,77.571765,assault,2015-07-22T11:30:00,V V Puram
cd0dd3886fe8,12.960369,77.570745,assault,2015-02-23T12:45:00,V V Puram
02718f63e8e4,12.951266,77.577439,assault,2015-11-28T03:00:00,V V Puram
8a8bd5d8a225,12.96054,77.571617,assault,2015-05-06T19:05:00,V V Puram
642b21e149b8,12.963401,77.569448,assault,2015-10-10T00:30:00,V V Puram
1ab7b88744e0,12.954491,77.578357,assault,2015-09-11T18:30:00,V V Puram
91b16d5bf160,12.948643,77.575867,assault,2015-10-08T11:30:00,V V Puram
003cb9a8000c,12.953117,77.577575,assault,2016-08-03T15:55:00,V V Puram
a8c7297b0f07,12.962568,77.571603,assault,2016-12-16T09:30:00,V V Puram
47417a03c7f6,12.949963,77.576664,assault,2016-07-06T12:15:00,V V Puram
9d82587f063b,12.952562,77.576415,assault,2016-11-09T02:45:00,V V Puram
f3468d7e619c,12.95685,77.570095,assault,2016-12-23T21:00:00,V V Puram
ce62beb78486,12.953447,77.576862,assault,2016-01-01T14:30:00,V V Puram
e7012c65a3a5,12.95452,77.574779,assault,2016-07-10T02:10:00,V V Puram
5c576afc623d,12.963285,77.57056,assault,2016-09-23T13:30:00,V V Puram
f4851e6f4efa,12.951266,77.577439,assault,2016-10-21T23:33:00,V V Puram
bb1a0e0dc690,12.962568,77.571112,assault,2016-07-11T10:45:00,V V Puram
f4b7f8f1cbd3,12.95685,77.573805,assault,2016-09-22T09:30:00,V V Puram
4bf3a3128cc1,12.960783,77.568765,assault,2016-09-16T11:00:00,V V Puram
a781170281f1,12.960497,77.569086,assault,2016-02-19T15:00:00,V V Puram
8a0168837f99,12.957577,77.571606,assault,2016-12-08T19:30:00,V V Puram
ebaa767bf208,12.963305,77.57244,assault,2017-05-01T18:00:00,V V Puram
9fc03dac4142,12.956738,77.57548,assault,2017-01-15T13:30:00,V V Puram
8d9ababcc939,12.956738,77.57548,assault,2017-10-15T14:00:00,V V Puram
a2d301ad1b49,12.95801,77.569184,assault,2017-06-03T13:30:00,V V Puram
99ced44f5cdc,12.948643,77.575867,assault,2017-07-05T17:30:00,V V Puram
9c15e44c939f,12.948643,77.575867,assault,2017-07-05T19:00:00,V V Puram
0a8dae554fd8,12.957861,77.572019,assault,2017-07-07T11:00:00,V V Puram
0f185f89f102,12.949692,77.57486,assault,2017-01-09T09:30:00,V V Puram
c65b0f00e2f4,12.958624,77.574484,assault,2017-08-20T10:30:00,V V Puram
2a0ae9ce608a,12.955252,77.577003,assault,2017-01-11T17:30:00,V V Puram
89cb0f1f5a73,12.955851,77.5756,assault,2017-10-27T19:30:00,V V Puram
a6a2235e2fb9,12.963285,77.57056,assault,2018-05-18T17:30:00,V V Puram
05f2b76f4904,12.959974,77.568416,assault,2018-09-12T16:30:00,V V Puram
869117d13bd1,12.961608,77.571317,assault,2018-12-06T13:15:00,V V Puram
bbaa478f7964,12.953218,77.577722,assault,2018-03-28T05:15:00,V V Puram
b6fefe0ef313,12.951548,77.575554,assault,2018-07-25T16:00:00,V V Puram
8f50aa20595d,12.952048,77.577145,assault,2018-01-08T22:50:00,V V Puram
98f76d24ffed,12.955851,77.5756,assault,2018-03-16T16:30:00,V V Puram
031c326ed75b,12.956278,77.576567,assault,2018-11-11T11:00:00,V V Puram
00d6825e0db5,12.953218,77.577722,assault,2018-11-11T11:00:00,V V Puram
b927710cc134,12.962125,77.571578,assault,2019-02-16T16:00:00,V V Puram
ff755c53bd17,12.957696,77.568372,assault,2019-07-07T15:30:00,V V Puram
68ad2052b228,12.957631,77.573309,assault,2019-05-05T18:30:00,V V Puram
61ae2f623f62,12.950406,77.574966,assault,2019-04-27T04:00:00,V V Puram
40e3900312ff,12.948463,77.575679,assault,2019-03-06T09:00:00,V V Puram
8d37c9a9f233,12.952048,77.577145,assault,2019-05-07T18:30:00,V V Puram
f7f45f595350,12.958829,77.570071,assault,2019-12-09T12:30:00,V V Puram
d31f94fb2150,12.955235,77.577145,assault,2019-05-10T13:45:00,V V Puram
4455dd6c84a5,12.952729,77.563085,assault,2015-01-14T22:00:00,V V Puram
cee94b29122f,12.94253,77.578346,assault,2015-02-02T22:00:00,V V Puram
631192b67b19,12.942153,77.571252,assault,2015-10-02T21:30:00,V V Puram
a1c7da19b55f,12.949429,77.569808,assault,2015-02-27T11:30:00,V V Puram
b4671f73148e,12.950608,77.565005,assault,2015-03-13T16:30:00,V V Puram
1dab175508c6,12.948949,77.567637,assault,2015-03-28T21:30:00,V V Puram
a54bf49dbe47,12.950913,77.563367,assault,2015-04-16T12:00:00,V V Puram
41feb63d5c59,12.949277,77.564181,assault,2015-04-27T23:30:00,V V Puram
ab9f6a5a0854,12.944012,77.564799,assault,2015-04-27T23:45:00,V V Puram
0903aeaa6f17,12.942285,77.576022,assault,2015-02-05T14:15:00,V V Puram
c53ba9a60bdc,12.944139,77.577897,assault,2015-02-05T20:45:00,V V Puram
d01383903d9a,12.956467,77.571317,assault,2015-07-05T12:00:00,V V Puram
3c7436ce7b24,12.941568,77.567681,assault,2015-05-19T23:10:00,V V Puram
1c1034e15083,12.953365,77.567548,assault,2015-05-20T16:00:00,V V Puram
11746e691b5b,12.940559,77.57105,assault,2015-05-24T03:15:00,V V Puram
6f6ac1a7d149,12.954218,77.575471,assault,2015-05-28T15:00:00,V V Puram
e3fc9efd9541,12.942146,77.573194,assault,2015-05-29T18:10:00,V V Puram
018624f9989e,12.942964,77.56479,assault,2015-05-29T22:45:00,V V Puram
10b906bcda42,12.95474,77.565372,assault,2015-03-06T22:00:00,V V Puram
9a8737732969,12.943734,77.560768,assault,2015-06-21T23:30:00,V V Puram
373db7971831,12.954679,77.57541,assault,2015-02-07T10:30:00,V V Puram
9b8fb5a29431,12.950294,77.574627,assault,2015-11-07T21:30:00,V V Puram
295409343d1a,12.941731,77.569229,assault,2015-07-20T19:00:00,V V Puram
af7f43d8c2e9,12.945319,77.56249,assault,2015-08-15T08:15:00,V V Puram
ed45bdbdadf8,12.94775,77.577779,assault,2015-08-21T12:30:00,V V Puram
b24caddba0b5,12.939713,77.566145,assault,2015-08-23T22:30:00,V V Puram
70171bfcdc5e,12.94273,77.565159,assault,2015-08-09T16:00:00,V V Puram
8b776335d8b9,12.955359,77.56941,assault,2015-09-22T12:00:00,V V Puram
3421270fab57,12.947393,77.574818,assault,2015-04-10T10:45:00,V V Puram
cda2f1bca44d,12.941775,77.569765,assault,2015-08-10T08:40:00,V V Puram
047df20197bc,12.946738,77.571792,assault,2015-11-15T19:30:00,V V Puram
fed9081aa666,12.957001,77.574982,assault,2015-11-20T13:30:00,V V Puram
4010a9c7759c,12.94616,77.576056,assault,2015-11-27T09:00:00,V V Puram
8e855d0f3753,12.942067,77.561319,assault,2015-04-12T10:30:00,V V Puram
196ac3383297,12.942675,77.56705,assault,2015-10-12T15:35:00,V V Puram
30326496245f,12.948191,77.572129,assault,2015-12-16T13:00:00,V V Puram
cff09cc417f3,12.955398,77.570182,assault,2015-12-18T15:20:00,V V Puram
c4d21ece8b7a,12.948023,77.561685,assault,2015-12-26T17:50:00,V V Puram
6a950411dfbe,12.93962,77.570946,assault,2015-12-28T02:30:00,V V Puram
27e6cddf046d,12.946886,77.576271,assault,2016-03-01T18:15:00,V V Puram
91662ffeec02,12.941886,77.561218,assault,2016-04-01T12:00:00,V V Puram
c59414b7290b,12.947082,77.565146,assault,2016-10-01T10:45:00,V V Puram
9316dc05548c,12.939885,77.574152,assault,2016-12-01T12:00:00,V V Puram
c8fac989b443,12.941002,77.572003,assault,2016-02-21T15:00:00,V V Puram
f60412a19c7f,12.944055,77.563964,assault,2016-02-23T12:40:00,V V Puram
61ae4ec1727d,12.945833,77.575573,assault,2016-04-03T20:50:00,V V Puram
d4a5721c291a,12.946056,77.574636,assault,2016-03-13T13:00:00,V V Puram
f44d05f0580f,12.941252,77.575043,assault,2016-03-21T13:50:00,V V Puram
82db18754bb9,12.94326,77.57328,assault,2016-01-05T16:15:00,V V Puram
ddaa0ce3583c,12.949185,77.577934,assault,2016-09-05T13:44:00,V V Puram
dafe68452efc,12.94597,77.561979,assault,2016-05-15T10:30:00,V V Puram
41678f465cd7,12.939336,77.576043,assault,2016-06-14T17:30:00,V V Puram
6e2f2570a063,12.948446,77.575089,assault,2016-06-25T20:40:00,V V Puram
c38933a97ffd,12.943215,77.567136,assault,2016-06-07T12:45:00,V V Puram
d4d1dc2acb91,12.939533,77.578532,assault,2016-06-08T18:30:00,V V Puram
d242fe78e84c,12.951025,77.578009,assault,2016-08-13T21:00:00,V V Puram
1b1660fda8d7,12.943775,77.572061,assault,2016-08-29T15:00:00,V V Puram
2f92ceda3e0f,12.951216,77.566627,assault,2016-02-09T15:00:00,V V Puram
719a805855d0,12.94838,77.55057,assault,2016-09-17T02:30:00,V V Puram
97e16d83ca2d,12.954272,77.578267,assault,2016-11-15T15:00:00,V V Puram
71bdf973359e,12.9484,77.55052,assault,2016-11-23T11:30:00,V V Puram
1a47d960055e,12.94253,77.55236,assault,2016-03-12T20:45:00,V V Puram
18486ddc8fbe,12.93604,77.5596,assault,2016-12-12T16:00:00,V V Puram
e9b26054d954,12.93789,77.55487,assault,2016-12-25T20:45:00,V V Puram
eb8526b03f79,12.93637,77.5614,assault,2017-01-18T14:15:00,V V Puram
152ab04dffa4,12.94253,77.55236,assault,2017-01-02T23:30:00,V V Puram
36ec9e30b221,12.94432,77.55506,assault,2017-12-02T01:30:00,V V Puram
ece27583d4ab,12.94498,77.56258,assault,2017-02-13T15:00:00,V V Puram
a7ff8e227810,12.94364,77.55992,assault,2017-11-03T10:30:00,V V Puram
2941b2d31769,12.9369,77.55998,assault,2017-03-20T17:00:00,V V Puram
3f3e84f7380e,12.94451,77.56212,assault,2017-04-16T00:30:00,V V Puram
f0a80b015cb5,12.94456,77.55497,assault,2017-06-07T12:30:00,V V Puram
f5e4476c8387,12.94429,77.55415,assault,2017-07-14T12:10:00,V V Puram
8f7d9520a34b,12.94637,77.56196,assault,2017-07-15T17:00:00,V V Puram
06f214df54df,12.93794,77.55416,assault,2017-07-18T16:30:00,V V Puram
bd8d28c89457,12.93794,77.55416,assault,2017-07-18T17:00:00,V V Puram
4f34c01bd264,12.94103,77.56541,assault,2017-08-30T14:10:00,V V Puram
d2404358f873,12.94168,77.55631,assault,2017-11-09T17:00:00,V V Puram
6f59b983cdef,12.94077,77.5576,assault,2017-09-19T18:00:00,V V Puram
49496d5c0666,12.94041,77.56239,assault,2017-09-22T14:30:00,V V Puram
21a838862680,12.94488,77.55022,assault,2017-10-23T20:40:00,V V Puram
053ffe59caef,12.94047,77.55845,assault,2017-10-24T16:30:00,V V Puram
ff9959faf5a0,12.94162,77.56016,assault,2017-04-11T12:30:00,V V Puram
0261cbbccbb8,12.94026,77.55412,assault,2017-04-11T19:00:00,V V Puram
7c026b4688c7,12.94026,77.55412,assault,2017-04-11T20:45:00,V V Puram
848b2185f55f,12.94315,77.56575,assault,2017-11-17T20:40:00,V V Puram
1ef98323acbf,12.93628,77.56139,assault,2017-12-12T12:00:00,V V Puram
0b5281eed661,12.94085,77.56135,assault,2018-05-01T20:30:00,V V Puram
0ce11f2eb25f,12.93593,77.55374,assault,2018-01-17T16:20:00,V V Puram
077cea804961,12.94258,77.56391,assault,2018-01-29T17:15:00,V V Puram
67efa91440f5,12.94841,77.55258,assault,2018-02-13T13:30:00,V V Puram
76f3f2247231,12.94841,77.55258,assault,2018-10-03T23:15:00,V V Puram
3f3eb5ce1cca,12.94264,77.55531,assault,2018-11-03T05:00:00,V V Puram
a2c9d8a5b4f7,12.94264,77.55531,assault,2018-12-03T20:40:00,V V Puram
eb6b1f1a68f7,12.9369,77.55998,assault,2018-03-18T10:45:00,V V Puram
40fcc073ad72,12.9429,77.56502,assault,2018-03-22T20:40:00,V V Puram
61abd62bcafa,12.94841,77.55258,assault,2018-07-04T01:15:00,V V Puram
0e78586c210d,12.94968,77.55154,assault,2018-04-18T18:00:00,V V Puram
aebd760f47f6,12.93974,77.55915,assault,2018-11-05T23:00:00,V V Puram
83ef829dfc02,12.94013,77.55851,assault,2018-05-31T15:30:00,V V Puram
64c941f93616,12.93747,77.55656,assault,2018-09-06T10:00:00,V V Puram
85b4c2f867b2,12.94386,77.56116,assault,2018-07-21T11:30:00,V V Puram
b792a6c9fa49,12.94386,77.56116,assault,2018-07-21T11:45:00,V V Puram
bfe11079e1e3,12.94386,77.56116,assault,2018-07-21T12:00:00,V V Puram
d2e49161bc67,12.93623,77.5598,assault,2018-02-09T08:10:00,V V Puram
300725cde0fb,12.94818,77.55885,assault,2018-10-31T14:30:00,V V Puram
18e2bba267e7,12.94435,77.55654,assault,2018-09-11T00:30:00,V V Puram
03e9a5397acf,12.9493,77.55299,assault,2018-02-12T16:30:00,V V Puram
506bd60778e0,12.93644,77.56136,assault,2018-12-22T19:00:00,V V Puram
2562eb31fb87,12.93506,77.5614,assault,2018-12-29T20:45:00,V V Puram
89452bbff77a,12.93396,77.5552,assault,2019-05-01T18:15:00,V V Puram
c3f2c8127738,12.94575,77.55912,assault,2019-03-19T20:00:00,V V Puram
fcd3210c9f76,12.9482,77.55078,assault,2019-03-29T17:00:00,V V Puram
4dcd5bf0cfd9,12.94858,77.5576,assault,2019-08-04T23:45:00,V V Puram
616673dcd4e3,12.94518,77.55861,assault,2019-04-19T20:10:00,V V Puram
0b73403e410e,12.93559,77.5597,assault,2019-05-23T19:00:00,V V Puram
25ada228a0e8,12.94138,77.55371,assault,2019-05-28T19:00:00,V V Puram
11d9d1bff654,12.94156,77.56134,assault,2019-06-19T22:18:00,V V Puram
b3ece1182646,12.9464,77.55544,assault,2019-06-24T15:45:00,V V Puram
26f7ee7b6eca,12.94442,77.55475,assault,2019-06-26T13:30:00,V V Puram
fe88213ea2c5,12.94803,77.5562,assault,2019-06-07T16:10:00,V V Puram
ed69e2d67a1e,12.93628,77.54862,assault,2019-07-23T10:00:00,V V Puram
94c9ddfc6bbf,12.94567,77.55906,assault,2019-01-08T20:45:00,V V Puram
d323e5b1968c,12.93631,77.55979,assault,2019-08-19T23:25:00,V V Puram
3b1c4fb00d76,12.93815,77.5568,assault,2019-08-31T13:00:00,V V Puram
aef6c10e09c4,12.94789,77.56137,assault,2019-03-09T09:00:00,V V Puram
4d8afece941d,12.94789,77.56137,assault,2019-03-09T11:00:00,V V Puram
23bd316855d3,12.93685,77.5614,assault,2019-03-09T20:45:00,V V Puram
6a5bc5a69c1c,12.935649,77.56595,assault,2019-09-16T10:30:00,V V Puram
11be829afb94,12.95026,77.55345,assault,2019-10-10T09:30:00,V V Puram
06f8a78bea77,12.93633,77.55453,assault,2019-10-17T20:40:00,V V Puram
066758d48706,12.94676,77.55677,assault,2019-10-21T12:30:00,V V Puram
505968530cf9,12.94676,77.55677,assault,2019-10-21T17:30:00,V V Puram
6f2f929f678e,12.93632,77.55847,assault,2019-04-11T17:45:00,V V Puram
8af09e258622,12.94825,77.55216,assault,2019-04-11T18:20:00,V V Puram
f35815e9b371,12.94469,77.55291,assault,2019-10-11T15:00:00,V V Puram
b82b6377970b,12.94372,77.55869,assault,2019-11-13T21:00:00,V V Puram
388961c836a1,12.94021,77.56257,assault,2019-11-27T19:30:00,V V Puram
b35f259019bd,12.941659,77.570149,assault,2015-01-19T21:30:00,V V Puram
3289d03eea6a,12.940784,77.570644,assault,2015-03-02T08:45:00,V V Puram
b006e738a70d,12.940182,77.570361,assault,2015-10-02T11:00:00,V V Puram
7d36a9a0acc5,12.940062,77.57036,assault,2015-11-02T23:00:00,V V Puram
4e401ba6c168,12.941519,77.570132,assault,2015-02-16T12:15:00,V V Puram
2c06156f54f8,12.940929,77.569127,assault,2015-02-24T19:30:00,V V Puram
4baa6045cc51,12.941067,77.569371,assault,2015-02-24T21:45:00,V V Puram
55b180ddf678,12.941168,77.567535,assault,2015-02-26T10:10:00,V V Puram
b7f0f0c447d4,12.940526,77.566547,assault,2015-02-26T18:51:00,V V Puram
f90c0cd7c2b1,12.941268,77.566526,assault,2015-03-04T03:21:00,V V Puram
cb8e46be3f66,12.94146,77.566771,assault,2015-03-30T15:00:00,V V Puram
472a40613a14,12.941157,77.566236,assault,2015-09-04T21:15:00,V V Puram
387358309404,12.940809,77.566506,assault,2015-04-27T11:30:00,V V Puram
627eac6c9a3e,12.922193,77.560093,assault,2015-06-01T16:42:00,V V Puram
a27a322b08b4,12.93938,77.566302,assault,2015-06-08T03:57:00,V V Puram
0e277906c522,12.930503,77.561289,assault,2015-09-06T10:00:00,V V Puram
4d1189e15351,12.939982,77.565725,assault,2015-08-16T15:15:00,V V Puram
adcc9fbe4115,12.931947,77.554626,assault,2015-01-09T13:40:00,V V Puram
932bc3847269,12.941387,77.565792,assault,2015-08-09T22:30:00,V V Puram
a1a7ebea86d9,12.9472,77.573293,assault,2015-11-09T15:00:00,V V Puram
5929ae7b73bb,12.921471,77.546786,assault,2015-09-17T10:00:00,V V Puram
ee00fa4cbf51,12.941387,77.565792,assault,2015-06-10T13:00:00,V V Puram
2eee45b976db,12.94186,77.564677,assault,2015-10-14T15:30:00,V V Puram
b3dec3576acc,12.941291,77.565246,assault,2015-10-31T11:15:00,V V Puram
3eade505573d,12.928528,77.553422,assault,2015-11-11T09:00:00,V V Puram
7ca4ed8ec288,12.928528,77.553422,assault,2015-11-11T18:10:00,V V Puram
0aa371fb3623,12.937372,77.559465,assault,2015-12-28T20:45:00,V V Puram
6343b9fa37f3,12.933799,77.560909,assault,2015-07-06T17:30:00,V V Puram
a0d291bc99b3,12.920588,77.542815,assault,2016-02-01T05:00:00,V V Puram
c8364f667d8f,12.930279,77.554362,assault,2016-04-01T06:00:00,V V Puram
7c9c9e203e7f,12.930279,77.554362,assault,2016-04-01T06:45:00,V V Puram
b1787f4a446b,12.931046,77.554513,assault,2016-01-21T06:20:00,V V Puram
58d0bed6c9d1,12.923695,77.549489,assault,2016-01-22T02:00:00,V V Puram
64db90f13624,12.920327,77.54309,assault,2016-06-02T12:30:00,V V Puram
0703a12ff95a,12.922046,77.553024,assault,2016-02-25T02:15:00,V V Puram
33a971b93d39,12.922516,77.553774,assault,2016-02-25T04:45:00,V V Puram
e45969e8d5c3,12.920053,77.541854,assault,2016-09-04T07:00:00,V V Puram
adad0c55b0a3,12.930932,77.561421,assault,2016-03-06T10:00:00,V V Puram
8cd89152eaf5,12.923037,77.548988,assault,2016-10-06T07:15:00,V V Puram
a56596b50a57,12.924151,77.553847,assault,2016-06-19T10:30:00,V V Puram
792e2bbe9c21,12.93022,77.56218,assault,2016-03-07T12:45:00,V V Puram
b142a4ad32ff,12.932791,77.560929,assault,2016-11-07T01:50:00,V V Puram
494eac88b9fb,12.929309,77.551898,assault,2016-01-09T11:30:00,V V Puram
0d6823fd2e1b,12.921484,77.545423,assault,2016-07-31T11:30:00,V V Puram
8c1827d4a761,12.931113,77.562634,assault,2016-08-08T01:00:00,V V Puram
76d56bd8ca9a,12.928718,77.54772,assault,2016-08-16T08:00:00,V V Puram
dbea09b81a85,12.924687,77.543169,assault,2016-08-30T09:45:00,V V Puram
ac1e19ae3459,12.923023,77.549088,assault,2016-09-10T12:15:00,V V Puram
0e7426848fbb,12.922066,77.546981,assault,2016-08-11T07:45:00,V V Puram
db7bbfae1ec8,12.932767,77.560731,assault,2016-08-11T01:00:00,V V Puram
e9326fde6cfb,12.929407,77.559801,assault,2016-11-15T09:15:00,V V Puram
c91cde530bb8,12.931529,77.561607,assault,2016-11-16T01:30:00,V V Puram
c94f3f76f4d7,12.919646,77.542205,assault,2016-11-19T05:15:00,V V Puram
a6d99767dac9,12.928064,77.554389,assault,2016-11-19T06:00:00,V V Puram
6660bcf69065,12.923105,77.543831,assault,2016-03-12T07:30:00,V V Puram
a87bb6278ff7,12.930367,77.553533,assault,2016-06-12T10:30:00,V V Puram
2624b962949a,12.930698,77.560669,assault,2016-11-12T07:45:00,V V Puram
7df3659c6b74,12.926046,77.55903,assault,2016-12-13T06:00:00,V V Puram
59065816cd0e,12.930226,77.54772,assault,2016-12-13T06:30:00,V V Puram
97e187d5d087,12.931165,77.561349,assault,2016-12-17T01:30:00,V V Puram
769d29d88fff,12.929131,77.553641,assault,2016-12-19T10:00:00,V V Puram
031af791577c,12.922802,77.543715,assault,2017-01-14T01:15:00,V V Puram
cc3e24f2ce3d,12.923552,77.553632,assault,2017-02-03T03:15:00,V V Puram
f61e4020e6bd,12.925239,77.550007,assault,2017-12-03T01:30:00,V V Puram
27a6b6a3f79f,12.92574,77.549373,assault,2017-03-19T21:00:00,V V Puram
a1f432844d2e,12.931092,77.563794,assault,2017-01-04T06:10:00,V V Puram
8f83937d0f11,12.928314,77.55323,assault,2017-04-16T17:40:00,V V Puram
e14bbdface82,12.928314,77.55323,assault,2017-04-16T22:00:00,V V Puram
84a0060bafb1,12.929838,77.557014,assault,2017-05-20T22:40:00,V V Puram
e27394aef4f8,12.929701,77.551714,assault,2017-04-06T12:30:00,V V Puram
0c06121291b2,12.930834,77.553989,assault,2017-07-06T01:15:00,V V Puram
a35b00f00cb6,12.9259,77.556179,assault,2017-03-08T11:00:00,V V Puram
6478d20fec2c,12.931526,77.562053,assault,2017-08-23T04:30:00,V V Puram
6ed9f8cef870,12.91999,77.542212,assault,2017-08-23T12:30:00,V V Puram
78b7db88c640,12.930424,77.547698,assault,2017-03-09T20:00:00,V V Puram
38061a565775,12.939663,77.556532,assault,2017-09-13T23:00:00,V V Puram
0712dc31427d,12.927076,77.559599,assault,2017-09-19T19:05:00,V V Puram
342a20d95b4d,12.921546,77.542884,assault,2017-07-10T14:45:00,V V Puram
b79f3ccc4b2a,12.926405,77.558428,assault,2017-06-11T19:45:00,V V Puram
9f92eea74b06,12.929683,77.560433,assault,2017-05-12T19:45:00,V V Puram
0e514550e4ae,12.930084,77.566022,assault,2017-12-29T12:00:00,V V Puram
702207d55f59,12.929236,77.560969,assault,2018-09-01T21:10:00,V V Puram
9e7c24ee4651,12.919427,77.539456,assault,2018-04-27T13:15:00,V V Puram
b5c509940d6c,12.928803,77.557334,assault,2018-02-05T17:00:00,V V Puram
4ac30ad27094,12.921823,77.552017,assault,2018-05-30T16:00:00,V V Puram
2efba5c0460f,12.927112,77.550283,assault,2018-09-07T08:50:00,V V Puram
05e617b90574,12.933061,77.561938,assault,2018-10-07T19:00:00,V V Puram
ec9f16483d28,12.929409,77.560959,assault,2018-07-31T18:00:00,V V Puram
f1502ff3e5f9,12.927827,77.546113,assault,2018-08-28T16:45:00,V V Puram
ac158f246825,12.92561,77.560108,assault,2018-08-30T22:30:00,V V Puram
54fa50379ba8,12.930655,77.550198,assault,2018-02-09T13:00:00,V V Puram
caf3821f25b8,12.928368,77.561098,assault,2018-12-15T18:00:00,V V Puram
eb06b55acbab,12.926168,77.546814,assault,2018-12-16T18:00:00,V V Puram
f09cb250af09,12.9,77.5,assault,2019-02-27T21:30:00,V V Puram
d1a338930026,12.927351,77.561885,assault,2019-03-13T22:00:00,V V Puram
339de2f5909c,12.929965,77.560395,assault,2019-06-05T19:30:00,V V Puram
8412738635c6,12.930581,77.553535,assault,2019-05-17T16:00:00,V V Puram
de8d51615236,12.937935,77.556871,assault,2019-05-30T14:00:00,V V Puram
52941721d1cc,12.938483,77.543257,assault,2019-05-30T18:00:00,V V Puram
f7fde361e448,12.931345,77.562065,assault,2019-07-28T18:30:00,V V Puram
e3aa880085e9,12.929877,77.560448,assault,2019-08-27T10:50:00,V V Puram
274b99689c93,12.928988,77.539462,assault,2019-08-30T15:15:00,V V Puram
ef0a82d284f0,12.923855,77.540945,assault,2019-08-30T16:00:00,V V Puram
e2745dfee548,12.925281,77.540622,assault,2019-02-09T21:05:00,V V Puram
cf1ea3b2c52a,12.931575,77.561964,assault,2019-02-09T21:30:00,V V Puram
3e7452f2ff9e,12.927888,77.563032,assault,2019-03-10T10:45:00,V V Puram
3390dbfd9868,12.923006,77.548955,assault,2019-10-15T17:30:00,V V Puram
98348c8e112a,12.933749,77.556942,assault,2019-12-13T23:30:00,V V Puram
6ad1e7309eed,12.927836,77.543928,assault,2019-12-20T18:00:00,V V Puram
